
===== 2026-07-13 22:58:43 =====
0, 0 %, 0 MiB, 32607 MiB, 12.28 W

[logs/akt_student_also_v2/baseline_bs64.log]
✅ Training Finished! Total Time Cost: 792.54 s
Traceback (most recent call last):
Traceback (most recent call last):

[logs/akt_student_also_v2/runner.log]

===== 2026-07-13 22:59:43 =====
0, 2 %, 19246 MiB, 32607 MiB, 131.10 W
42622 bash scripts/run_akt_also_full_ablation.sh
42628 bash scripts/run_akt_also_full_ablation.sh
42629 bash scripts/run_akt_also_full_ablation.sh
42632 python -m examples.wandb_akt_train --dataset_name assist2009 --model_name akt --emb_type qid --seed 42 --fold 0 --dropout 0.2 --d_model 256 --learning_rate 1e-4 --num_epochs 100 --use_wandb 0 --add_uuid 0 --use_trained 0 --batch_size 64 --use_also 1 --also_grouping_mode student_id --also_pi_lr 1e-3 --also_pi_decay 1e-2 --save_dir saved_model/akt_also_full_20260713_225853_42622/s1_pilr1e3_bs64
42633 python -m examples.wandb_akt_train --dataset_name assist2009 --model_name akt --emb_type qid --seed 42 --fold 0 --dropout 0.2 --d_model 256 --learning_rate 1e-4 --num_epochs 100 --use_wandb 0 --add_uuid 0 --use_trained 0 --batch_size 64 --use_also 1 --also_grouping_mode student_id --also_pi_lr 3e-5 --also_pi_decay 1e-2 --save_dir saved_model/akt_also_full_20260713_225853_42622/s1_pilr3e5_bs64

[logs/akt_student_also_v2/baseline_bs64.log]
✅ Training Finished! Total Time Cost: 792.54 s
Traceback (most recent call last):
Traceback (most recent call last):

[logs/akt_student_also_v2/runner.log]

[logs/akt_also_full_20260713_225853_42622/s1_pilr1e3_bs64.log]

[logs/akt_also_full_20260713_225853_42622/s1_pilr3e5_bs64.log]

[logs/akt_also_full_20260713_225853_42622/scheduler.log]

===== 2026-07-13 23:00:44 =====
0, 3 %, 19254 MiB, 32607 MiB, 77.39 W
42622 bash scripts/run_akt_also_full_ablation.sh
42628 bash scripts/run_akt_also_full_ablation.sh
42629 bash scripts/run_akt_also_full_ablation.sh
42632 python -m examples.wandb_akt_train --dataset_name assist2009 --model_name akt --emb_type qid --seed 42 --fold 0 --dropout 0.2 --d_model 256 --learning_rate 1e-4 --num_epochs 100 --use_wandb 0 --add_uuid 0 --use_trained 0 --batch_size 64 --use_also 1 --also_grouping_mode student_id --also_pi_lr 1e-3 --also_pi_decay 1e-2 --save_dir saved_model/akt_also_full_20260713_225853_42622/s1_pilr1e3_bs64
42633 python -m examples.wandb_akt_train --dataset_name assist2009 --model_name akt --emb_type qid --seed 42 --fold 0 --dropout 0.2 --d_model 256 --learning_rate 1e-4 --num_epochs 100 --use_wandb 0 --add_uuid 0 --use_trained 0 --batch_size 64 --use_also 1 --also_grouping_mode student_id --also_pi_lr 3e-5 --also_pi_decay 1e-2 --save_dir saved_model/akt_also_full_20260713_225853_42622/s1_pilr3e5_bs64

[logs/akt_student_also_v2/baseline_bs64.log]
✅ Training Finished! Total Time Cost: 792.54 s
Traceback (most recent call last):
Traceback (most recent call last):

[logs/akt_student_also_v2/runner.log]

[logs/akt_also_full_20260713_225853_42622/s1_pilr1e3_bs64.log]

[logs/akt_also_full_20260713_225853_42622/s1_pilr3e5_bs64.log]

[logs/akt_also_full_20260713_225853_42622/scheduler.log]

===== 2026-07-13 23:01:45 =====
0, 17 %, 19282 MiB, 32607 MiB, 119.36 W
42622 bash scripts/run_akt_also_full_ablation.sh
42628 bash scripts/run_akt_also_full_ablation.sh
42629 bash scripts/run_akt_also_full_ablation.sh
42632 python -m examples.wandb_akt_train --dataset_name assist2009 --model_name akt --emb_type qid --seed 42 --fold 0 --dropout 0.2 --d_model 256 --learning_rate 1e-4 --num_epochs 100 --use_wandb 0 --add_uuid 0 --use_trained 0 --batch_size 64 --use_also 1 --also_grouping_mode student_id --also_pi_lr 1e-3 --also_pi_decay 1e-2 --save_dir saved_model/akt_also_full_20260713_225853_42622/s1_pilr1e3_bs64
42633 python -m examples.wandb_akt_train --dataset_name assist2009 --model_name akt --emb_type qid --seed 42 --fold 0 --dropout 0.2 --d_model 256 --learning_rate 1e-4 --num_epochs 100 --use_wandb 0 --add_uuid 0 --use_trained 0 --batch_size 64 --use_also 1 --also_grouping_mode student_id --also_pi_lr 3e-5 --also_pi_decay 1e-2 --save_dir saved_model/akt_also_full_20260713_225853_42622/s1_pilr3e5_bs64

[logs/akt_student_also_v2/baseline_bs64.log]
✅ Training Finished! Total Time Cost: 792.54 s
Traceback (most recent call last):
Traceback (most recent call last):

[logs/akt_student_also_v2/runner.log]

[logs/akt_also_full_20260713_225853_42622/s1_pilr1e3_bs64.log]
Epoch: 1, validauc: 0.7496, validacc: 0.7304, best epoch: 1, best auc: 0.7496, train loss: 18.73043795851645, emb_type: qid, model: akt, save_dir: saved_model/akt_also_full_20260713_225853_42622/s1_pilr1e3_bs64/assist2009_akt_qid_saved_model/akt_also_full_20260713_225853_42622/s1_pilr1e3_bs64_42_0_0.2_256_512_8_4_0.0001_64_100_0_0_1_student_id_None_optimistic_1.0_None_None_0.001_0.01_None_0

[logs/akt_also_full_20260713_225853_42622/s1_pilr3e5_bs64.log]
Epoch: 1, validauc: 0.7497, validacc: 0.7306, best epoch: 1, best auc: 0.7497, train loss: 18.728921272979154, emb_type: qid, model: akt, save_dir: saved_model/akt_also_full_20260713_225853_42622/s1_pilr3e5_bs64/assist2009_akt_qid_saved_model/akt_also_full_20260713_225853_42622/s1_pilr3e5_bs64_42_0_0.2_256_512_8_4_0.0001_64_100_0_0_1_student_id_None_optimistic_1.0_None_None_3e-05_0.01_None_0

[logs/akt_also_full_20260713_225853_42622/scheduler.log]

===== 2026-07-13 23:02:45 =====
0, 9 %, 19282 MiB, 32607 MiB, 106.40 W
42622 bash scripts/run_akt_also_full_ablation.sh
42628 bash scripts/run_akt_also_full_ablation.sh
42629 bash scripts/run_akt_also_full_ablation.sh
42632 python -m examples.wandb_akt_train --dataset_name assist2009 --model_name akt --emb_type qid --seed 42 --fold 0 --dropout 0.2 --d_model 256 --learning_rate 1e-4 --num_epochs 100 --use_wandb 0 --add_uuid 0 --use_trained 0 --batch_size 64 --use_also 1 --also_grouping_mode student_id --also_pi_lr 1e-3 --also_pi_decay 1e-2 --save_dir saved_model/akt_also_full_20260713_225853_42622/s1_pilr1e3_bs64
42633 python -m examples.wandb_akt_train --dataset_name assist2009 --model_name akt --emb_type qid --seed 42 --fold 0 --dropout 0.2 --d_model 256 --learning_rate 1e-4 --num_epochs 100 --use_wandb 0 --add_uuid 0 --use_trained 0 --batch_size 64 --use_also 1 --also_grouping_mode student_id --also_pi_lr 3e-5 --also_pi_decay 1e-2 --save_dir saved_model/akt_also_full_20260713_225853_42622/s1_pilr3e5_bs64

[logs/akt_student_also_v2/baseline_bs64.log]
✅ Training Finished! Total Time Cost: 792.54 s
Traceback (most recent call last):
Traceback (most recent call last):

[logs/akt_student_also_v2/runner.log]

[logs/akt_also_full_20260713_225853_42622/s1_pilr1e3_bs64.log]
Epoch: 1, validauc: 0.7496, validacc: 0.7304, best epoch: 1, best auc: 0.7496, train loss: 18.73043795851645, emb_type: qid, model: akt, save_dir: saved_model/akt_also_full_20260713_225853_42622/s1_pilr1e3_bs64/assist2009_akt_qid_saved_model/akt_also_full_20260713_225853_42622/s1_pilr1e3_bs64_42_0_0.2_256_512_8_4_0.0001_64_100_0_0_1_student_id_None_optimistic_1.0_None_None_0.001_0.01_None_0

[logs/akt_also_full_20260713_225853_42622/s1_pilr3e5_bs64.log]
Epoch: 1, validauc: 0.7497, validacc: 0.7306, best epoch: 1, best auc: 0.7497, train loss: 18.728921272979154, emb_type: qid, model: akt, save_dir: saved_model/akt_also_full_20260713_225853_42622/s1_pilr3e5_bs64/assist2009_akt_qid_saved_model/akt_also_full_20260713_225853_42622/s1_pilr3e5_bs64_42_0_0.2_256_512_8_4_0.0001_64_100_0_0_1_student_id_None_optimistic_1.0_None_None_3e-05_0.01_None_0

[logs/akt_also_full_20260713_225853_42622/scheduler.log]

===== 2026-07-13 23:03:45 =====
0, 4 %, 19282 MiB, 32607 MiB, 146.45 W
42622 bash scripts/run_akt_also_full_ablation.sh
42628 bash scripts/run_akt_also_full_ablation.sh
42629 bash scripts/run_akt_also_full_ablation.sh
42632 python -m examples.wandb_akt_train --dataset_name assist2009 --model_name akt --emb_type qid --seed 42 --fold 0 --dropout 0.2 --d_model 256 --learning_rate 1e-4 --num_epochs 100 --use_wandb 0 --add_uuid 0 --use_trained 0 --batch_size 64 --use_also 1 --also_grouping_mode student_id --also_pi_lr 1e-3 --also_pi_decay 1e-2 --save_dir saved_model/akt_also_full_20260713_225853_42622/s1_pilr1e3_bs64
42633 python -m examples.wandb_akt_train --dataset_name assist2009 --model_name akt --emb_type qid --seed 42 --fold 0 --dropout 0.2 --d_model 256 --learning_rate 1e-4 --num_epochs 100 --use_wandb 0 --add_uuid 0 --use_trained 0 --batch_size 64 --use_also 1 --also_grouping_mode student_id --also_pi_lr 3e-5 --also_pi_decay 1e-2 --save_dir saved_model/akt_also_full_20260713_225853_42622/s1_pilr3e5_bs64

[logs/akt_student_also_v2/baseline_bs64.log]
✅ Training Finished! Total Time Cost: 792.54 s
Traceback (most recent call last):
Traceback (most recent call last):

[logs/akt_student_also_v2/runner.log]

[logs/akt_also_full_20260713_225853_42622/s1_pilr1e3_bs64.log]
Epoch: 1, validauc: 0.7496, validacc: 0.7304, best epoch: 1, best auc: 0.7496, train loss: 18.73043795851645, emb_type: qid, model: akt, save_dir: saved_model/akt_also_full_20260713_225853_42622/s1_pilr1e3_bs64/assist2009_akt_qid_saved_model/akt_also_full_20260713_225853_42622/s1_pilr1e3_bs64_42_0_0.2_256_512_8_4_0.0001_64_100_0_0_1_student_id_None_optimistic_1.0_None_None_0.001_0.01_None_0
Epoch: 2, validauc: 0.7684, validacc: 0.744, best epoch: 2, best auc: 0.7684, train loss: 17.570405796192105, emb_type: qid, model: akt, save_dir: saved_model/akt_also_full_20260713_225853_42622/s1_pilr1e3_bs64/assist2009_akt_qid_saved_model/akt_also_full_20260713_225853_42622/s1_pilr1e3_bs64_42_0_0.2_256_512_8_4_0.0001_64_100_0_0_1_student_id_None_optimistic_1.0_None_None_0.001_0.01_None_0

[logs/akt_also_full_20260713_225853_42622/s1_pilr3e5_bs64.log]
Epoch: 1, validauc: 0.7497, validacc: 0.7306, best epoch: 1, best auc: 0.7497, train loss: 18.728921272979154, emb_type: qid, model: akt, save_dir: saved_model/akt_also_full_20260713_225853_42622/s1_pilr3e5_bs64/assist2009_akt_qid_saved_model/akt_also_full_20260713_225853_42622/s1_pilr3e5_bs64_42_0_0.2_256_512_8_4_0.0001_64_100_0_0_1_student_id_None_optimistic_1.0_None_None_3e-05_0.01_None_0
Epoch: 2, validauc: 0.7684, validacc: 0.7442, best epoch: 2, best auc: 0.7684, train loss: 17.567589362453848, emb_type: qid, model: akt, save_dir: saved_model/akt_also_full_20260713_225853_42622/s1_pilr3e5_bs64/assist2009_akt_qid_saved_model/akt_also_full_20260713_225853_42622/s1_pilr3e5_bs64_42_0_0.2_256_512_8_4_0.0001_64_100_0_0_1_student_id_None_optimistic_1.0_None_None_3e-05_0.01_None_0

[logs/akt_also_full_20260713_225853_42622/scheduler.log]

===== 2026-07-13 23:04:46 =====
0, 4 %, 19282 MiB, 32607 MiB, 76.68 W
42622 bash scripts/run_akt_also_full_ablation.sh
42628 bash scripts/run_akt_also_full_ablation.sh
42629 bash scripts/run_akt_also_full_ablation.sh
42632 python -m examples.wandb_akt_train --dataset_name assist2009 --model_name akt --emb_type qid --seed 42 --fold 0 --dropout 0.2 --d_model 256 --learning_rate 1e-4 --num_epochs 100 --use_wandb 0 --add_uuid 0 --use_trained 0 --batch_size 64 --use_also 1 --also_grouping_mode student_id --also_pi_lr 1e-3 --also_pi_decay 1e-2 --save_dir saved_model/akt_also_full_20260713_225853_42622/s1_pilr1e3_bs64
42633 python -m examples.wandb_akt_train --dataset_name assist2009 --model_name akt --emb_type qid --seed 42 --fold 0 --dropout 0.2 --d_model 256 --learning_rate 1e-4 --num_epochs 100 --use_wandb 0 --add_uuid 0 --use_trained 0 --batch_size 64 --use_also 1 --also_grouping_mode student_id --also_pi_lr 3e-5 --also_pi_decay 1e-2 --save_dir saved_model/akt_also_full_20260713_225853_42622/s1_pilr3e5_bs64

[logs/akt_student_also_v2/baseline_bs64.log]
✅ Training Finished! Total Time Cost: 792.54 s
Traceback (most recent call last):
Traceback (most recent call last):

[logs/akt_student_also_v2/runner.log]

[logs/akt_also_full_20260713_225853_42622/s1_pilr1e3_bs64.log]
Epoch: 1, validauc: 0.7496, validacc: 0.7304, best epoch: 1, best auc: 0.7496, train loss: 18.73043795851645, emb_type: qid, model: akt, save_dir: saved_model/akt_also_full_20260713_225853_42622/s1_pilr1e3_bs64/assist2009_akt_qid_saved_model/akt_also_full_20260713_225853_42622/s1_pilr1e3_bs64_42_0_0.2_256_512_8_4_0.0001_64_100_0_0_1_student_id_None_optimistic_1.0_None_None_0.001_0.01_None_0
Epoch: 2, validauc: 0.7684, validacc: 0.744, best epoch: 2, best auc: 0.7684, train loss: 17.570405796192105, emb_type: qid, model: akt, save_dir: saved_model/akt_also_full_20260713_225853_42622/s1_pilr1e3_bs64/assist2009_akt_qid_saved_model/akt_also_full_20260713_225853_42622/s1_pilr1e3_bs64_42_0_0.2_256_512_8_4_0.0001_64_100_0_0_1_student_id_None_optimistic_1.0_None_None_0.001_0.01_None_0

[logs/akt_also_full_20260713_225853_42622/s1_pilr3e5_bs64.log]
Epoch: 1, validauc: 0.7497, validacc: 0.7306, best epoch: 1, best auc: 0.7497, train loss: 18.728921272979154, emb_type: qid, model: akt, save_dir: saved_model/akt_also_full_20260713_225853_42622/s1_pilr3e5_bs64/assist2009_akt_qid_saved_model/akt_also_full_20260713_225853_42622/s1_pilr3e5_bs64_42_0_0.2_256_512_8_4_0.0001_64_100_0_0_1_student_id_None_optimistic_1.0_None_None_3e-05_0.01_None_0
Epoch: 2, validauc: 0.7684, validacc: 0.7442, best epoch: 2, best auc: 0.7684, train loss: 17.567589362453848, emb_type: qid, model: akt, save_dir: saved_model/akt_also_full_20260713_225853_42622/s1_pilr3e5_bs64/assist2009_akt_qid_saved_model/akt_also_full_20260713_225853_42622/s1_pilr3e5_bs64_42_0_0.2_256_512_8_4_0.0001_64_100_0_0_1_student_id_None_optimistic_1.0_None_None_3e-05_0.01_None_0
Epoch: 3, validauc: 0.7805, validacc: 0.751, best epoch: 3, best auc: 0.7805, train loss: 17.11655980003499, emb_type: qid, model: akt, save_dir: saved_model/akt_also_full_20260713_225853_42622/s1_pilr3e5_bs64/assist2009_akt_qid_saved_model/akt_also_full_20260713_225853_42622/s1_pilr3e5_bs64_42_0_0.2_256_512_8_4_0.0001_64_100_0_0_1_student_id_None_optimistic_1.0_None_None_3e-05_0.01_None_0

[logs/akt_also_full_20260713_225853_42622/scheduler.log]

===== 2026-07-13 23:05:46 =====
0, 3 %, 19282 MiB, 32607 MiB, 99.95 W
42622 bash scripts/run_akt_also_full_ablation.sh
42628 bash scripts/run_akt_also_full_ablation.sh
42629 bash scripts/run_akt_also_full_ablation.sh
42632 python -m examples.wandb_akt_train --dataset_name assist2009 --model_name akt --emb_type qid --seed 42 --fold 0 --dropout 0.2 --d_model 256 --learning_rate 1e-4 --num_epochs 100 --use_wandb 0 --add_uuid 0 --use_trained 0 --batch_size 64 --use_also 1 --also_grouping_mode student_id --also_pi_lr 1e-3 --also_pi_decay 1e-2 --save_dir saved_model/akt_also_full_20260713_225853_42622/s1_pilr1e3_bs64
42633 python -m examples.wandb_akt_train --dataset_name assist2009 --model_name akt --emb_type qid --seed 42 --fold 0 --dropout 0.2 --d_model 256 --learning_rate 1e-4 --num_epochs 100 --use_wandb 0 --add_uuid 0 --use_trained 0 --batch_size 64 --use_also 1 --also_grouping_mode student_id --also_pi_lr 3e-5 --also_pi_decay 1e-2 --save_dir saved_model/akt_also_full_20260713_225853_42622/s1_pilr3e5_bs64

[logs/akt_student_also_v2/baseline_bs64.log]
✅ Training Finished! Total Time Cost: 792.54 s
Traceback (most recent call last):
Traceback (most recent call last):

[logs/akt_student_also_v2/runner.log]

[logs/akt_also_full_20260713_225853_42622/s1_pilr1e3_bs64.log]
Epoch: 1, validauc: 0.7496, validacc: 0.7304, best epoch: 1, best auc: 0.7496, train loss: 18.73043795851645, emb_type: qid, model: akt, save_dir: saved_model/akt_also_full_20260713_225853_42622/s1_pilr1e3_bs64/assist2009_akt_qid_saved_model/akt_also_full_20260713_225853_42622/s1_pilr1e3_bs64_42_0_0.2_256_512_8_4_0.0001_64_100_0_0_1_student_id_None_optimistic_1.0_None_None_0.001_0.01_None_0
Epoch: 2, validauc: 0.7684, validacc: 0.744, best epoch: 2, best auc: 0.7684, train loss: 17.570405796192105, emb_type: qid, model: akt, save_dir: saved_model/akt_also_full_20260713_225853_42622/s1_pilr1e3_bs64/assist2009_akt_qid_saved_model/akt_also_full_20260713_225853_42622/s1_pilr1e3_bs64_42_0_0.2_256_512_8_4_0.0001_64_100_0_0_1_student_id_None_optimistic_1.0_None_None_0.001_0.01_None_0
Epoch: 3, validauc: 0.7805, validacc: 0.751, best epoch: 3, best auc: 0.7805, train loss: 17.116433696799298, emb_type: qid, model: akt, save_dir: saved_model/akt_also_full_20260713_225853_42622/s1_pilr1e3_bs64/assist2009_akt_qid_saved_model/akt_also_full_20260713_225853_42622/s1_pilr1e3_bs64_42_0_0.2_256_512_8_4_0.0001_64_100_0_0_1_student_id_None_optimistic_1.0_None_None_0.001_0.01_None_0

[logs/akt_also_full_20260713_225853_42622/s1_pilr3e5_bs64.log]
Epoch: 1, validauc: 0.7497, validacc: 0.7306, best epoch: 1, best auc: 0.7497, train loss: 18.728921272979154, emb_type: qid, model: akt, save_dir: saved_model/akt_also_full_20260713_225853_42622/s1_pilr3e5_bs64/assist2009_akt_qid_saved_model/akt_also_full_20260713_225853_42622/s1_pilr3e5_bs64_42_0_0.2_256_512_8_4_0.0001_64_100_0_0_1_student_id_None_optimistic_1.0_None_None_3e-05_0.01_None_0
Epoch: 2, validauc: 0.7684, validacc: 0.7442, best epoch: 2, best auc: 0.7684, train loss: 17.567589362453848, emb_type: qid, model: akt, save_dir: saved_model/akt_also_full_20260713_225853_42622/s1_pilr3e5_bs64/assist2009_akt_qid_saved_model/akt_also_full_20260713_225853_42622/s1_pilr3e5_bs64_42_0_0.2_256_512_8_4_0.0001_64_100_0_0_1_student_id_None_optimistic_1.0_None_None_3e-05_0.01_None_0
Epoch: 3, validauc: 0.7805, validacc: 0.751, best epoch: 3, best auc: 0.7805, train loss: 17.11655980003499, emb_type: qid, model: akt, save_dir: saved_model/akt_also_full_20260713_225853_42622/s1_pilr3e5_bs64/assist2009_akt_qid_saved_model/akt_also_full_20260713_225853_42622/s1_pilr3e5_bs64_42_0_0.2_256_512_8_4_0.0001_64_100_0_0_1_student_id_None_optimistic_1.0_None_None_3e-05_0.01_None_0

[logs/akt_also_full_20260713_225853_42622/scheduler.log]

===== 2026-07-13 23:06:47 =====
0, 99 %, 19282 MiB, 32607 MiB, 129.70 W
42622 bash scripts/run_akt_also_full_ablation.sh
42628 bash scripts/run_akt_also_full_ablation.sh
42629 bash scripts/run_akt_also_full_ablation.sh
42632 python -m examples.wandb_akt_train --dataset_name assist2009 --model_name akt --emb_type qid --seed 42 --fold 0 --dropout 0.2 --d_model 256 --learning_rate 1e-4 --num_epochs 100 --use_wandb 0 --add_uuid 0 --use_trained 0 --batch_size 64 --use_also 1 --also_grouping_mode student_id --also_pi_lr 1e-3 --also_pi_decay 1e-2 --save_dir saved_model/akt_also_full_20260713_225853_42622/s1_pilr1e3_bs64
42633 python -m examples.wandb_akt_train --dataset_name assist2009 --model_name akt --emb_type qid --seed 42 --fold 0 --dropout 0.2 --d_model 256 --learning_rate 1e-4 --num_epochs 100 --use_wandb 0 --add_uuid 0 --use_trained 0 --batch_size 64 --use_also 1 --also_grouping_mode student_id --also_pi_lr 3e-5 --also_pi_decay 1e-2 --save_dir saved_model/akt_also_full_20260713_225853_42622/s1_pilr3e5_bs64

[logs/akt_student_also_v2/baseline_bs64.log]
✅ Training Finished! Total Time Cost: 792.54 s
Traceback (most recent call last):
Traceback (most recent call last):

[logs/akt_student_also_v2/runner.log]

[logs/akt_also_full_20260713_225853_42622/s1_pilr1e3_bs64.log]
Epoch: 2, validauc: 0.7684, validacc: 0.744, best epoch: 2, best auc: 0.7684, train loss: 17.570405796192105, emb_type: qid, model: akt, save_dir: saved_model/akt_also_full_20260713_225853_42622/s1_pilr1e3_bs64/assist2009_akt_qid_saved_model/akt_also_full_20260713_225853_42622/s1_pilr1e3_bs64_42_0_0.2_256_512_8_4_0.0001_64_100_0_0_1_student_id_None_optimistic_1.0_None_None_0.001_0.01_None_0
Epoch: 3, validauc: 0.7805, validacc: 0.751, best epoch: 3, best auc: 0.7805, train loss: 17.116433696799298, emb_type: qid, model: akt, save_dir: saved_model/akt_also_full_20260713_225853_42622/s1_pilr1e3_bs64/assist2009_akt_qid_saved_model/akt_also_full_20260713_225853_42622/s1_pilr1e3_bs64_42_0_0.2_256_512_8_4_0.0001_64_100_0_0_1_student_id_None_optimistic_1.0_None_None_0.001_0.01_None_0
Epoch: 4, validauc: 0.7884, validacc: 0.755, best epoch: 4, best auc: 0.7884, train loss: 16.835240873865654, emb_type: qid, model: akt, save_dir: saved_model/akt_also_full_20260713_225853_42622/s1_pilr1e3_bs64/assist2009_akt_qid_saved_model/akt_also_full_20260713_225853_42622/s1_pilr1e3_bs64_42_0_0.2_256_512_8_4_0.0001_64_100_0_0_1_student_id_None_optimistic_1.0_None_None_0.001_0.01_None_0

[logs/akt_also_full_20260713_225853_42622/s1_pilr3e5_bs64.log]
Epoch: 2, validauc: 0.7684, validacc: 0.7442, best epoch: 2, best auc: 0.7684, train loss: 17.567589362453848, emb_type: qid, model: akt, save_dir: saved_model/akt_also_full_20260713_225853_42622/s1_pilr3e5_bs64/assist2009_akt_qid_saved_model/akt_also_full_20260713_225853_42622/s1_pilr3e5_bs64_42_0_0.2_256_512_8_4_0.0001_64_100_0_0_1_student_id_None_optimistic_1.0_None_None_3e-05_0.01_None_0
Epoch: 3, validauc: 0.7805, validacc: 0.751, best epoch: 3, best auc: 0.7805, train loss: 17.11655980003499, emb_type: qid, model: akt, save_dir: saved_model/akt_also_full_20260713_225853_42622/s1_pilr3e5_bs64/assist2009_akt_qid_saved_model/akt_also_full_20260713_225853_42622/s1_pilr3e5_bs64_42_0_0.2_256_512_8_4_0.0001_64_100_0_0_1_student_id_None_optimistic_1.0_None_None_3e-05_0.01_None_0
Epoch: 4, validauc: 0.7885, validacc: 0.7554, best epoch: 4, best auc: 0.7885, train loss: 16.83513378793455, emb_type: qid, model: akt, save_dir: saved_model/akt_also_full_20260713_225853_42622/s1_pilr3e5_bs64/assist2009_akt_qid_saved_model/akt_also_full_20260713_225853_42622/s1_pilr3e5_bs64_42_0_0.2_256_512_8_4_0.0001_64_100_0_0_1_student_id_None_optimistic_1.0_None_None_3e-05_0.01_None_0

[logs/akt_also_full_20260713_225853_42622/scheduler.log]

===== 2026-07-13 23:07:47 =====
0, 26 %, 19282 MiB, 32607 MiB, 118.80 W
42622 bash scripts/run_akt_also_full_ablation.sh
42628 bash scripts/run_akt_also_full_ablation.sh
42629 bash scripts/run_akt_also_full_ablation.sh
42632 python -m examples.wandb_akt_train --dataset_name assist2009 --model_name akt --emb_type qid --seed 42 --fold 0 --dropout 0.2 --d_model 256 --learning_rate 1e-4 --num_epochs 100 --use_wandb 0 --add_uuid 0 --use_trained 0 --batch_size 64 --use_also 1 --also_grouping_mode student_id --also_pi_lr 1e-3 --also_pi_decay 1e-2 --save_dir saved_model/akt_also_full_20260713_225853_42622/s1_pilr1e3_bs64
42633 python -m examples.wandb_akt_train --dataset_name assist2009 --model_name akt --emb_type qid --seed 42 --fold 0 --dropout 0.2 --d_model 256 --learning_rate 1e-4 --num_epochs 100 --use_wandb 0 --add_uuid 0 --use_trained 0 --batch_size 64 --use_also 1 --also_grouping_mode student_id --also_pi_lr 3e-5 --also_pi_decay 1e-2 --save_dir saved_model/akt_also_full_20260713_225853_42622/s1_pilr3e5_bs64

[logs/akt_student_also_v2/baseline_bs64.log]
✅ Training Finished! Total Time Cost: 792.54 s
Traceback (most recent call last):
Traceback (most recent call last):

[logs/akt_student_also_v2/runner.log]

[logs/akt_also_full_20260713_225853_42622/s1_pilr1e3_bs64.log]
Epoch: 2, validauc: 0.7684, validacc: 0.744, best epoch: 2, best auc: 0.7684, train loss: 17.570405796192105, emb_type: qid, model: akt, save_dir: saved_model/akt_also_full_20260713_225853_42622/s1_pilr1e3_bs64/assist2009_akt_qid_saved_model/akt_also_full_20260713_225853_42622/s1_pilr1e3_bs64_42_0_0.2_256_512_8_4_0.0001_64_100_0_0_1_student_id_None_optimistic_1.0_None_None_0.001_0.01_None_0
Epoch: 3, validauc: 0.7805, validacc: 0.751, best epoch: 3, best auc: 0.7805, train loss: 17.116433696799298, emb_type: qid, model: akt, save_dir: saved_model/akt_also_full_20260713_225853_42622/s1_pilr1e3_bs64/assist2009_akt_qid_saved_model/akt_also_full_20260713_225853_42622/s1_pilr1e3_bs64_42_0_0.2_256_512_8_4_0.0001_64_100_0_0_1_student_id_None_optimistic_1.0_None_None_0.001_0.01_None_0
Epoch: 4, validauc: 0.7884, validacc: 0.755, best epoch: 4, best auc: 0.7884, train loss: 16.835240873865654, emb_type: qid, model: akt, save_dir: saved_model/akt_also_full_20260713_225853_42622/s1_pilr1e3_bs64/assist2009_akt_qid_saved_model/akt_also_full_20260713_225853_42622/s1_pilr1e3_bs64_42_0_0.2_256_512_8_4_0.0001_64_100_0_0_1_student_id_None_optimistic_1.0_None_None_0.001_0.01_None_0

[logs/akt_also_full_20260713_225853_42622/s1_pilr3e5_bs64.log]
Epoch: 2, validauc: 0.7684, validacc: 0.7442, best epoch: 2, best auc: 0.7684, train loss: 17.567589362453848, emb_type: qid, model: akt, save_dir: saved_model/akt_also_full_20260713_225853_42622/s1_pilr3e5_bs64/assist2009_akt_qid_saved_model/akt_also_full_20260713_225853_42622/s1_pilr3e5_bs64_42_0_0.2_256_512_8_4_0.0001_64_100_0_0_1_student_id_None_optimistic_1.0_None_None_3e-05_0.01_None_0
Epoch: 3, validauc: 0.7805, validacc: 0.751, best epoch: 3, best auc: 0.7805, train loss: 17.11655980003499, emb_type: qid, model: akt, save_dir: saved_model/akt_also_full_20260713_225853_42622/s1_pilr3e5_bs64/assist2009_akt_qid_saved_model/akt_also_full_20260713_225853_42622/s1_pilr3e5_bs64_42_0_0.2_256_512_8_4_0.0001_64_100_0_0_1_student_id_None_optimistic_1.0_None_None_3e-05_0.01_None_0
Epoch: 4, validauc: 0.7885, validacc: 0.7554, best epoch: 4, best auc: 0.7885, train loss: 16.83513378793455, emb_type: qid, model: akt, save_dir: saved_model/akt_also_full_20260713_225853_42622/s1_pilr3e5_bs64/assist2009_akt_qid_saved_model/akt_also_full_20260713_225853_42622/s1_pilr3e5_bs64_42_0_0.2_256_512_8_4_0.0001_64_100_0_0_1_student_id_None_optimistic_1.0_None_None_3e-05_0.01_None_0

[logs/akt_also_full_20260713_225853_42622/scheduler.log]

===== 2026-07-13 23:08:47 =====
0, 99 %, 19282 MiB, 32607 MiB, 141.61 W
42622 bash scripts/run_akt_also_full_ablation.sh
42628 bash scripts/run_akt_also_full_ablation.sh
42629 bash scripts/run_akt_also_full_ablation.sh
42632 python -m examples.wandb_akt_train --dataset_name assist2009 --model_name akt --emb_type qid --seed 42 --fold 0 --dropout 0.2 --d_model 256 --learning_rate 1e-4 --num_epochs 100 --use_wandb 0 --add_uuid 0 --use_trained 0 --batch_size 64 --use_also 1 --also_grouping_mode student_id --also_pi_lr 1e-3 --also_pi_decay 1e-2 --save_dir saved_model/akt_also_full_20260713_225853_42622/s1_pilr1e3_bs64
42633 python -m examples.wandb_akt_train --dataset_name assist2009 --model_name akt --emb_type qid --seed 42 --fold 0 --dropout 0.2 --d_model 256 --learning_rate 1e-4 --num_epochs 100 --use_wandb 0 --add_uuid 0 --use_trained 0 --batch_size 64 --use_also 1 --also_grouping_mode student_id --also_pi_lr 3e-5 --also_pi_decay 1e-2 --save_dir saved_model/akt_also_full_20260713_225853_42622/s1_pilr3e5_bs64

[logs/akt_student_also_v2/baseline_bs64.log]
✅ Training Finished! Total Time Cost: 792.54 s
Traceback (most recent call last):
Traceback (most recent call last):

[logs/akt_student_also_v2/runner.log]

[logs/akt_also_full_20260713_225853_42622/s1_pilr1e3_bs64.log]
Epoch: 3, validauc: 0.7805, validacc: 0.751, best epoch: 3, best auc: 0.7805, train loss: 17.116433696799298, emb_type: qid, model: akt, save_dir: saved_model/akt_also_full_20260713_225853_42622/s1_pilr1e3_bs64/assist2009_akt_qid_saved_model/akt_also_full_20260713_225853_42622/s1_pilr1e3_bs64_42_0_0.2_256_512_8_4_0.0001_64_100_0_0_1_student_id_None_optimistic_1.0_None_None_0.001_0.01_None_0
Epoch: 4, validauc: 0.7884, validacc: 0.755, best epoch: 4, best auc: 0.7884, train loss: 16.835240873865654, emb_type: qid, model: akt, save_dir: saved_model/akt_also_full_20260713_225853_42622/s1_pilr1e3_bs64/assist2009_akt_qid_saved_model/akt_also_full_20260713_225853_42622/s1_pilr1e3_bs64_42_0_0.2_256_512_8_4_0.0001_64_100_0_0_1_student_id_None_optimistic_1.0_None_None_0.001_0.01_None_0
Epoch: 5, validauc: 0.793, validacc: 0.7586, best epoch: 5, best auc: 0.793, train loss: 16.642150202142425, emb_type: qid, model: akt, save_dir: saved_model/akt_also_full_20260713_225853_42622/s1_pilr1e3_bs64/assist2009_akt_qid_saved_model/akt_also_full_20260713_225853_42622/s1_pilr1e3_bs64_42_0_0.2_256_512_8_4_0.0001_64_100_0_0_1_student_id_None_optimistic_1.0_None_None_0.001_0.01_None_0

[logs/akt_also_full_20260713_225853_42622/s1_pilr3e5_bs64.log]
Epoch: 3, validauc: 0.7805, validacc: 0.751, best epoch: 3, best auc: 0.7805, train loss: 17.11655980003499, emb_type: qid, model: akt, save_dir: saved_model/akt_also_full_20260713_225853_42622/s1_pilr3e5_bs64/assist2009_akt_qid_saved_model/akt_also_full_20260713_225853_42622/s1_pilr3e5_bs64_42_0_0.2_256_512_8_4_0.0001_64_100_0_0_1_student_id_None_optimistic_1.0_None_None_3e-05_0.01_None_0
Epoch: 4, validauc: 0.7885, validacc: 0.7554, best epoch: 4, best auc: 0.7885, train loss: 16.83513378793455, emb_type: qid, model: akt, save_dir: saved_model/akt_also_full_20260713_225853_42622/s1_pilr3e5_bs64/assist2009_akt_qid_saved_model/akt_also_full_20260713_225853_42622/s1_pilr3e5_bs64_42_0_0.2_256_512_8_4_0.0001_64_100_0_0_1_student_id_None_optimistic_1.0_None_None_3e-05_0.01_None_0
Epoch: 5, validauc: 0.7929, validacc: 0.7586, best epoch: 5, best auc: 0.7929, train loss: 16.63916250352845, emb_type: qid, model: akt, save_dir: saved_model/akt_also_full_20260713_225853_42622/s1_pilr3e5_bs64/assist2009_akt_qid_saved_model/akt_also_full_20260713_225853_42622/s1_pilr3e5_bs64_42_0_0.2_256_512_8_4_0.0001_64_100_0_0_1_student_id_None_optimistic_1.0_None_None_3e-05_0.01_None_0

[logs/akt_also_full_20260713_225853_42622/scheduler.log]

===== 2026-07-13 23:09:47 =====
0, 1 %, 19282 MiB, 32607 MiB, 147.34 W
42622 bash scripts/run_akt_also_full_ablation.sh
42628 bash scripts/run_akt_also_full_ablation.sh
42629 bash scripts/run_akt_also_full_ablation.sh
42632 python -m examples.wandb_akt_train --dataset_name assist2009 --model_name akt --emb_type qid --seed 42 --fold 0 --dropout 0.2 --d_model 256 --learning_rate 1e-4 --num_epochs 100 --use_wandb 0 --add_uuid 0 --use_trained 0 --batch_size 64 --use_also 1 --also_grouping_mode student_id --also_pi_lr 1e-3 --also_pi_decay 1e-2 --save_dir saved_model/akt_also_full_20260713_225853_42622/s1_pilr1e3_bs64
42633 python -m examples.wandb_akt_train --dataset_name assist2009 --model_name akt --emb_type qid --seed 42 --fold 0 --dropout 0.2 --d_model 256 --learning_rate 1e-4 --num_epochs 100 --use_wandb 0 --add_uuid 0 --use_trained 0 --batch_size 64 --use_also 1 --also_grouping_mode student_id --also_pi_lr 3e-5 --also_pi_decay 1e-2 --save_dir saved_model/akt_also_full_20260713_225853_42622/s1_pilr3e5_bs64

[logs/akt_student_also_v2/baseline_bs64.log]
✅ Training Finished! Total Time Cost: 792.54 s
Traceback (most recent call last):
Traceback (most recent call last):

[logs/akt_student_also_v2/baseline_bs64_recheck_20260713_230900.log]

[logs/akt_student_also_v2/runner.log]

[logs/akt_also_full_20260713_225853_42622/s1_pilr1e3_bs64.log]
Epoch: 3, validauc: 0.7805, validacc: 0.751, best epoch: 3, best auc: 0.7805, train loss: 17.116433696799298, emb_type: qid, model: akt, save_dir: saved_model/akt_also_full_20260713_225853_42622/s1_pilr1e3_bs64/assist2009_akt_qid_saved_model/akt_also_full_20260713_225853_42622/s1_pilr1e3_bs64_42_0_0.2_256_512_8_4_0.0001_64_100_0_0_1_student_id_None_optimistic_1.0_None_None_0.001_0.01_None_0
Epoch: 4, validauc: 0.7884, validacc: 0.755, best epoch: 4, best auc: 0.7884, train loss: 16.835240873865654, emb_type: qid, model: akt, save_dir: saved_model/akt_also_full_20260713_225853_42622/s1_pilr1e3_bs64/assist2009_akt_qid_saved_model/akt_also_full_20260713_225853_42622/s1_pilr1e3_bs64_42_0_0.2_256_512_8_4_0.0001_64_100_0_0_1_student_id_None_optimistic_1.0_None_None_0.001_0.01_None_0
Epoch: 5, validauc: 0.793, validacc: 0.7586, best epoch: 5, best auc: 0.793, train loss: 16.642150202142425, emb_type: qid, model: akt, save_dir: saved_model/akt_also_full_20260713_225853_42622/s1_pilr1e3_bs64/assist2009_akt_qid_saved_model/akt_also_full_20260713_225853_42622/s1_pilr1e3_bs64_42_0_0.2_256_512_8_4_0.0001_64_100_0_0_1_student_id_None_optimistic_1.0_None_None_0.001_0.01_None_0

[logs/akt_also_full_20260713_225853_42622/s1_pilr3e5_bs64.log]
Epoch: 3, validauc: 0.7805, validacc: 0.751, best epoch: 3, best auc: 0.7805, train loss: 17.11655980003499, emb_type: qid, model: akt, save_dir: saved_model/akt_also_full_20260713_225853_42622/s1_pilr3e5_bs64/assist2009_akt_qid_saved_model/akt_also_full_20260713_225853_42622/s1_pilr3e5_bs64_42_0_0.2_256_512_8_4_0.0001_64_100_0_0_1_student_id_None_optimistic_1.0_None_None_3e-05_0.01_None_0
Epoch: 4, validauc: 0.7885, validacc: 0.7554, best epoch: 4, best auc: 0.7885, train loss: 16.83513378793455, emb_type: qid, model: akt, save_dir: saved_model/akt_also_full_20260713_225853_42622/s1_pilr3e5_bs64/assist2009_akt_qid_saved_model/akt_also_full_20260713_225853_42622/s1_pilr3e5_bs64_42_0_0.2_256_512_8_4_0.0001_64_100_0_0_1_student_id_None_optimistic_1.0_None_None_3e-05_0.01_None_0
Epoch: 5, validauc: 0.7929, validacc: 0.7586, best epoch: 5, best auc: 0.7929, train loss: 16.63916250352845, emb_type: qid, model: akt, save_dir: saved_model/akt_also_full_20260713_225853_42622/s1_pilr3e5_bs64/assist2009_akt_qid_saved_model/akt_also_full_20260713_225853_42622/s1_pilr3e5_bs64_42_0_0.2_256_512_8_4_0.0001_64_100_0_0_1_student_id_None_optimistic_1.0_None_None_3e-05_0.01_None_0

[logs/akt_also_full_20260713_225853_42622/scheduler.log]

===== 2026-07-13 23:10:48 =====
0, 20 %, 19282 MiB, 32607 MiB, 115.32 W
42622 bash scripts/run_akt_also_full_ablation.sh
42628 bash scripts/run_akt_also_full_ablation.sh
42629 bash scripts/run_akt_also_full_ablation.sh
42632 python -m examples.wandb_akt_train --dataset_name assist2009 --model_name akt --emb_type qid --seed 42 --fold 0 --dropout 0.2 --d_model 256 --learning_rate 1e-4 --num_epochs 100 --use_wandb 0 --add_uuid 0 --use_trained 0 --batch_size 64 --use_also 1 --also_grouping_mode student_id --also_pi_lr 1e-3 --also_pi_decay 1e-2 --save_dir saved_model/akt_also_full_20260713_225853_42622/s1_pilr1e3_bs64
42633 python -m examples.wandb_akt_train --dataset_name assist2009 --model_name akt --emb_type qid --seed 42 --fold 0 --dropout 0.2 --d_model 256 --learning_rate 1e-4 --num_epochs 100 --use_wandb 0 --add_uuid 0 --use_trained 0 --batch_size 64 --use_also 1 --also_grouping_mode student_id --also_pi_lr 3e-5 --also_pi_decay 1e-2 --save_dir saved_model/akt_also_full_20260713_225853_42622/s1_pilr3e5_bs64

[logs/akt_student_also_v2/baseline_bs64.log]
✅ Training Finished! Total Time Cost: 792.54 s
Traceback (most recent call last):
Traceback (most recent call last):

[logs/akt_student_also_v2/baseline_bs64_recheck_20260713_230900.log]

[logs/akt_student_also_v2/baseline_bs64_recheck_20260713_231000.log]

[logs/akt_student_also_v2/runner.log]

[logs/akt_also_full_20260713_225853_42622/s1_pilr1e3_bs64.log]
Epoch: 4, validauc: 0.7884, validacc: 0.755, best epoch: 4, best auc: 0.7884, train loss: 16.835240873865654, emb_type: qid, model: akt, save_dir: saved_model/akt_also_full_20260713_225853_42622/s1_pilr1e3_bs64/assist2009_akt_qid_saved_model/akt_also_full_20260713_225853_42622/s1_pilr1e3_bs64_42_0_0.2_256_512_8_4_0.0001_64_100_0_0_1_student_id_None_optimistic_1.0_None_None_0.001_0.01_None_0
Epoch: 5, validauc: 0.793, validacc: 0.7586, best epoch: 5, best auc: 0.793, train loss: 16.642150202142425, emb_type: qid, model: akt, save_dir: saved_model/akt_also_full_20260713_225853_42622/s1_pilr1e3_bs64/assist2009_akt_qid_saved_model/akt_also_full_20260713_225853_42622/s1_pilr1e3_bs64_42_0_0.2_256_512_8_4_0.0001_64_100_0_0_1_student_id_None_optimistic_1.0_None_None_0.001_0.01_None_0
Epoch: 6, validauc: 0.7961, validacc: 0.7609, best epoch: 6, best auc: 0.7961, train loss: 16.471871805590254, emb_type: qid, model: akt, save_dir: saved_model/akt_also_full_20260713_225853_42622/s1_pilr1e3_bs64/assist2009_akt_qid_saved_model/akt_also_full_20260713_225853_42622/s1_pilr1e3_bs64_42_0_0.2_256_512_8_4_0.0001_64_100_0_0_1_student_id_None_optimistic_1.0_None_None_0.001_0.01_None_0

[logs/akt_also_full_20260713_225853_42622/s1_pilr3e5_bs64.log]
Epoch: 4, validauc: 0.7885, validacc: 0.7554, best epoch: 4, best auc: 0.7885, train loss: 16.83513378793455, emb_type: qid, model: akt, save_dir: saved_model/akt_also_full_20260713_225853_42622/s1_pilr3e5_bs64/assist2009_akt_qid_saved_model/akt_also_full_20260713_225853_42622/s1_pilr3e5_bs64_42_0_0.2_256_512_8_4_0.0001_64_100_0_0_1_student_id_None_optimistic_1.0_None_None_3e-05_0.01_None_0
Epoch: 5, validauc: 0.7929, validacc: 0.7586, best epoch: 5, best auc: 0.7929, train loss: 16.63916250352845, emb_type: qid, model: akt, save_dir: saved_model/akt_also_full_20260713_225853_42622/s1_pilr3e5_bs64/assist2009_akt_qid_saved_model/akt_also_full_20260713_225853_42622/s1_pilr3e5_bs64_42_0_0.2_256_512_8_4_0.0001_64_100_0_0_1_student_id_None_optimistic_1.0_None_None_3e-05_0.01_None_0
Epoch: 6, validauc: 0.7961, validacc: 0.7607, best epoch: 6, best auc: 0.7961, train loss: 16.468219889630788, emb_type: qid, model: akt, save_dir: saved_model/akt_also_full_20260713_225853_42622/s1_pilr3e5_bs64/assist2009_akt_qid_saved_model/akt_also_full_20260713_225853_42622/s1_pilr3e5_bs64_42_0_0.2_256_512_8_4_0.0001_64_100_0_0_1_student_id_None_optimistic_1.0_None_None_3e-05_0.01_None_0

[logs/akt_also_full_20260713_225853_42622/scheduler.log]

===== 2026-07-13 23:11:48 =====
0, 99 %, 20547 MiB, 32607 MiB, 200.06 W
42622 bash scripts/run_akt_also_full_ablation.sh
42628 bash scripts/run_akt_also_full_ablation.sh
42629 bash scripts/run_akt_also_full_ablation.sh
42632 python -m examples.wandb_akt_train --dataset_name assist2009 --model_name akt --emb_type qid --seed 42 --fold 0 --dropout 0.2 --d_model 256 --learning_rate 1e-4 --num_epochs 100 --use_wandb 0 --add_uuid 0 --use_trained 0 --batch_size 64 --use_also 1 --also_grouping_mode student_id --also_pi_lr 1e-3 --also_pi_decay 1e-2 --save_dir saved_model/akt_also_full_20260713_225853_42622/s1_pilr1e3_bs64
42633 python -m examples.wandb_akt_train --dataset_name assist2009 --model_name akt --emb_type qid --seed 42 --fold 0 --dropout 0.2 --d_model 256 --learning_rate 1e-4 --num_epochs 100 --use_wandb 0 --add_uuid 0 --use_trained 0 --batch_size 64 --use_also 1 --also_grouping_mode student_id --also_pi_lr 3e-5 --also_pi_decay 1e-2 --save_dir saved_model/akt_also_full_20260713_225853_42622/s1_pilr3e5_bs64

[logs/akt_student_also_v2/baseline_bs64.log]
✅ Training Finished! Total Time Cost: 792.54 s
Traceback (most recent call last):
Traceback (most recent call last):

[logs/akt_student_also_v2/baseline_bs64_recheck_20260713_230900.log]

[logs/akt_student_also_v2/baseline_bs64_recheck_20260713_231000.log]

[logs/akt_student_also_v2/runner.log]

[logs/akt_also_full_20260713_225853_42622/s1_pilr1e3_bs64.log]
Epoch: 4, validauc: 0.7884, validacc: 0.755, best epoch: 4, best auc: 0.7884, train loss: 16.835240873865654, emb_type: qid, model: akt, save_dir: saved_model/akt_also_full_20260713_225853_42622/s1_pilr1e3_bs64/assist2009_akt_qid_saved_model/akt_also_full_20260713_225853_42622/s1_pilr1e3_bs64_42_0_0.2_256_512_8_4_0.0001_64_100_0_0_1_student_id_None_optimistic_1.0_None_None_0.001_0.01_None_0
Epoch: 5, validauc: 0.793, validacc: 0.7586, best epoch: 5, best auc: 0.793, train loss: 16.642150202142425, emb_type: qid, model: akt, save_dir: saved_model/akt_also_full_20260713_225853_42622/s1_pilr1e3_bs64/assist2009_akt_qid_saved_model/akt_also_full_20260713_225853_42622/s1_pilr1e3_bs64_42_0_0.2_256_512_8_4_0.0001_64_100_0_0_1_student_id_None_optimistic_1.0_None_None_0.001_0.01_None_0
Epoch: 6, validauc: 0.7961, validacc: 0.7609, best epoch: 6, best auc: 0.7961, train loss: 16.471871805590254, emb_type: qid, model: akt, save_dir: saved_model/akt_also_full_20260713_225853_42622/s1_pilr1e3_bs64/assist2009_akt_qid_saved_model/akt_also_full_20260713_225853_42622/s1_pilr1e3_bs64_42_0_0.2_256_512_8_4_0.0001_64_100_0_0_1_student_id_None_optimistic_1.0_None_None_0.001_0.01_None_0

[logs/akt_also_full_20260713_225853_42622/s1_pilr3e5_bs64.log]
Epoch: 4, validauc: 0.7885, validacc: 0.7554, best epoch: 4, best auc: 0.7885, train loss: 16.83513378793455, emb_type: qid, model: akt, save_dir: saved_model/akt_also_full_20260713_225853_42622/s1_pilr3e5_bs64/assist2009_akt_qid_saved_model/akt_also_full_20260713_225853_42622/s1_pilr3e5_bs64_42_0_0.2_256_512_8_4_0.0001_64_100_0_0_1_student_id_None_optimistic_1.0_None_None_3e-05_0.01_None_0
Epoch: 5, validauc: 0.7929, validacc: 0.7586, best epoch: 5, best auc: 0.7929, train loss: 16.63916250352845, emb_type: qid, model: akt, save_dir: saved_model/akt_also_full_20260713_225853_42622/s1_pilr3e5_bs64/assist2009_akt_qid_saved_model/akt_also_full_20260713_225853_42622/s1_pilr3e5_bs64_42_0_0.2_256_512_8_4_0.0001_64_100_0_0_1_student_id_None_optimistic_1.0_None_None_3e-05_0.01_None_0
Epoch: 6, validauc: 0.7961, validacc: 0.7607, best epoch: 6, best auc: 0.7961, train loss: 16.468219889630788, emb_type: qid, model: akt, save_dir: saved_model/akt_also_full_20260713_225853_42622/s1_pilr3e5_bs64/assist2009_akt_qid_saved_model/akt_also_full_20260713_225853_42622/s1_pilr3e5_bs64_42_0_0.2_256_512_8_4_0.0001_64_100_0_0_1_student_id_None_optimistic_1.0_None_None_3e-05_0.01_None_0

[logs/akt_also_full_20260713_225853_42622/scheduler.log]

===== 2026-07-13 23:12:48 =====
0, 7 %, 20707 MiB, 32607 MiB, 94.20 W
42622 bash scripts/run_akt_also_full_ablation.sh
42628 bash scripts/run_akt_also_full_ablation.sh
42629 bash scripts/run_akt_also_full_ablation.sh
42632 python -m examples.wandb_akt_train --dataset_name assist2009 --model_name akt --emb_type qid --seed 42 --fold 0 --dropout 0.2 --d_model 256 --learning_rate 1e-4 --num_epochs 100 --use_wandb 0 --add_uuid 0 --use_trained 0 --batch_size 64 --use_also 1 --also_grouping_mode student_id --also_pi_lr 1e-3 --also_pi_decay 1e-2 --save_dir saved_model/akt_also_full_20260713_225853_42622/s1_pilr1e3_bs64
42633 python -m examples.wandb_akt_train --dataset_name assist2009 --model_name akt --emb_type qid --seed 42 --fold 0 --dropout 0.2 --d_model 256 --learning_rate 1e-4 --num_epochs 100 --use_wandb 0 --add_uuid 0 --use_trained 0 --batch_size 64 --use_also 1 --also_grouping_mode student_id --also_pi_lr 3e-5 --also_pi_decay 1e-2 --save_dir saved_model/akt_also_full_20260713_225853_42622/s1_pilr3e5_bs64

[logs/akt_student_also_v2/baseline_bs64.log]
✅ Training Finished! Total Time Cost: 792.54 s
Traceback (most recent call last):
Traceback (most recent call last):

[logs/akt_student_also_v2/baseline_bs64_recheck_20260713_230900.log]

[logs/akt_student_also_v2/baseline_bs64_recheck_20260713_231000.log]

[logs/akt_student_also_v2/runner.log]

[logs/akt_also_full_20260713_225853_42622/s1_pilr1e3_bs64.log]
Epoch: 4, validauc: 0.7884, validacc: 0.755, best epoch: 4, best auc: 0.7884, train loss: 16.835240873865654, emb_type: qid, model: akt, save_dir: saved_model/akt_also_full_20260713_225853_42622/s1_pilr1e3_bs64/assist2009_akt_qid_saved_model/akt_also_full_20260713_225853_42622/s1_pilr1e3_bs64_42_0_0.2_256_512_8_4_0.0001_64_100_0_0_1_student_id_None_optimistic_1.0_None_None_0.001_0.01_None_0
Epoch: 5, validauc: 0.793, validacc: 0.7586, best epoch: 5, best auc: 0.793, train loss: 16.642150202142425, emb_type: qid, model: akt, save_dir: saved_model/akt_also_full_20260713_225853_42622/s1_pilr1e3_bs64/assist2009_akt_qid_saved_model/akt_also_full_20260713_225853_42622/s1_pilr1e3_bs64_42_0_0.2_256_512_8_4_0.0001_64_100_0_0_1_student_id_None_optimistic_1.0_None_None_0.001_0.01_None_0
Epoch: 6, validauc: 0.7961, validacc: 0.7609, best epoch: 6, best auc: 0.7961, train loss: 16.471871805590254, emb_type: qid, model: akt, save_dir: saved_model/akt_also_full_20260713_225853_42622/s1_pilr1e3_bs64/assist2009_akt_qid_saved_model/akt_also_full_20260713_225853_42622/s1_pilr1e3_bs64_42_0_0.2_256_512_8_4_0.0001_64_100_0_0_1_student_id_None_optimistic_1.0_None_None_0.001_0.01_None_0

[logs/akt_also_full_20260713_225853_42622/s1_pilr3e5_bs64.log]
Epoch: 5, validauc: 0.7929, validacc: 0.7586, best epoch: 5, best auc: 0.7929, train loss: 16.63916250352845, emb_type: qid, model: akt, save_dir: saved_model/akt_also_full_20260713_225853_42622/s1_pilr3e5_bs64/assist2009_akt_qid_saved_model/akt_also_full_20260713_225853_42622/s1_pilr3e5_bs64_42_0_0.2_256_512_8_4_0.0001_64_100_0_0_1_student_id_None_optimistic_1.0_None_None_3e-05_0.01_None_0
Epoch: 6, validauc: 0.7961, validacc: 0.7607, best epoch: 6, best auc: 0.7961, train loss: 16.468219889630788, emb_type: qid, model: akt, save_dir: saved_model/akt_also_full_20260713_225853_42622/s1_pilr3e5_bs64/assist2009_akt_qid_saved_model/akt_also_full_20260713_225853_42622/s1_pilr3e5_bs64_42_0_0.2_256_512_8_4_0.0001_64_100_0_0_1_student_id_None_optimistic_1.0_None_None_3e-05_0.01_None_0
Epoch: 7, validauc: 0.7995, validacc: 0.7632, best epoch: 7, best auc: 0.7995, train loss: 16.3623792794786, emb_type: qid, model: akt, save_dir: saved_model/akt_also_full_20260713_225853_42622/s1_pilr3e5_bs64/assist2009_akt_qid_saved_model/akt_also_full_20260713_225853_42622/s1_pilr3e5_bs64_42_0_0.2_256_512_8_4_0.0001_64_100_0_0_1_student_id_None_optimistic_1.0_None_None_3e-05_0.01_None_0

[logs/akt_also_full_20260713_225853_42622/scheduler.log]

===== 2026-07-13 23:13:49 =====
0, 39 %, 20707 MiB, 32607 MiB, 122.69 W
42622 bash scripts/run_akt_also_full_ablation.sh
42628 bash scripts/run_akt_also_full_ablation.sh
42629 bash scripts/run_akt_also_full_ablation.sh
42632 python -m examples.wandb_akt_train --dataset_name assist2009 --model_name akt --emb_type qid --seed 42 --fold 0 --dropout 0.2 --d_model 256 --learning_rate 1e-4 --num_epochs 100 --use_wandb 0 --add_uuid 0 --use_trained 0 --batch_size 64 --use_also 1 --also_grouping_mode student_id --also_pi_lr 1e-3 --also_pi_decay 1e-2 --save_dir saved_model/akt_also_full_20260713_225853_42622/s1_pilr1e3_bs64
42633 python -m examples.wandb_akt_train --dataset_name assist2009 --model_name akt --emb_type qid --seed 42 --fold 0 --dropout 0.2 --d_model 256 --learning_rate 1e-4 --num_epochs 100 --use_wandb 0 --add_uuid 0 --use_trained 0 --batch_size 64 --use_also 1 --also_grouping_mode student_id --also_pi_lr 3e-5 --also_pi_decay 1e-2 --save_dir saved_model/akt_also_full_20260713_225853_42622/s1_pilr3e5_bs64

[logs/akt_student_also_v2/baseline_bs64.log]
✅ Training Finished! Total Time Cost: 792.54 s
Traceback (most recent call last):
Traceback (most recent call last):

[logs/akt_student_also_v2/baseline_bs64_recheck_20260713_230900.log]

[logs/akt_student_also_v2/baseline_bs64_recheck_20260713_231000.log]

[logs/akt_student_also_v2/runner.log]

[logs/akt_also_full_20260713_225853_42622/s1_pilr1e3_bs64.log]
Epoch: 5, validauc: 0.793, validacc: 0.7586, best epoch: 5, best auc: 0.793, train loss: 16.642150202142425, emb_type: qid, model: akt, save_dir: saved_model/akt_also_full_20260713_225853_42622/s1_pilr1e3_bs64/assist2009_akt_qid_saved_model/akt_also_full_20260713_225853_42622/s1_pilr1e3_bs64_42_0_0.2_256_512_8_4_0.0001_64_100_0_0_1_student_id_None_optimistic_1.0_None_None_0.001_0.01_None_0
Epoch: 6, validauc: 0.7961, validacc: 0.7609, best epoch: 6, best auc: 0.7961, train loss: 16.471871805590254, emb_type: qid, model: akt, save_dir: saved_model/akt_also_full_20260713_225853_42622/s1_pilr1e3_bs64/assist2009_akt_qid_saved_model/akt_also_full_20260713_225853_42622/s1_pilr1e3_bs64_42_0_0.2_256_512_8_4_0.0001_64_100_0_0_1_student_id_None_optimistic_1.0_None_None_0.001_0.01_None_0
Epoch: 7, validauc: 0.7994, validacc: 0.7629, best epoch: 7, best auc: 0.7994, train loss: 16.365105697545726, emb_type: qid, model: akt, save_dir: saved_model/akt_also_full_20260713_225853_42622/s1_pilr1e3_bs64/assist2009_akt_qid_saved_model/akt_also_full_20260713_225853_42622/s1_pilr1e3_bs64_42_0_0.2_256_512_8_4_0.0001_64_100_0_0_1_student_id_None_optimistic_1.0_None_None_0.001_0.01_None_0

[logs/akt_also_full_20260713_225853_42622/s1_pilr3e5_bs64.log]
Epoch: 5, validauc: 0.7929, validacc: 0.7586, best epoch: 5, best auc: 0.7929, train loss: 16.63916250352845, emb_type: qid, model: akt, save_dir: saved_model/akt_also_full_20260713_225853_42622/s1_pilr3e5_bs64/assist2009_akt_qid_saved_model/akt_also_full_20260713_225853_42622/s1_pilr3e5_bs64_42_0_0.2_256_512_8_4_0.0001_64_100_0_0_1_student_id_None_optimistic_1.0_None_None_3e-05_0.01_None_0
Epoch: 6, validauc: 0.7961, validacc: 0.7607, best epoch: 6, best auc: 0.7961, train loss: 16.468219889630788, emb_type: qid, model: akt, save_dir: saved_model/akt_also_full_20260713_225853_42622/s1_pilr3e5_bs64/assist2009_akt_qid_saved_model/akt_also_full_20260713_225853_42622/s1_pilr3e5_bs64_42_0_0.2_256_512_8_4_0.0001_64_100_0_0_1_student_id_None_optimistic_1.0_None_None_3e-05_0.01_None_0
Epoch: 7, validauc: 0.7995, validacc: 0.7632, best epoch: 7, best auc: 0.7995, train loss: 16.3623792794786, emb_type: qid, model: akt, save_dir: saved_model/akt_also_full_20260713_225853_42622/s1_pilr3e5_bs64/assist2009_akt_qid_saved_model/akt_also_full_20260713_225853_42622/s1_pilr3e5_bs64_42_0_0.2_256_512_8_4_0.0001_64_100_0_0_1_student_id_None_optimistic_1.0_None_None_3e-05_0.01_None_0

[logs/akt_also_full_20260713_225853_42622/scheduler.log]

===== 2026-07-13 23:14:49 =====
0, 15 %, 20709 MiB, 32607 MiB, 116.32 W
42622 bash scripts/run_akt_also_full_ablation.sh
42628 bash scripts/run_akt_also_full_ablation.sh
42629 bash scripts/run_akt_also_full_ablation.sh
42632 python -m examples.wandb_akt_train --dataset_name assist2009 --model_name akt --emb_type qid --seed 42 --fold 0 --dropout 0.2 --d_model 256 --learning_rate 1e-4 --num_epochs 100 --use_wandb 0 --add_uuid 0 --use_trained 0 --batch_size 64 --use_also 1 --also_grouping_mode student_id --also_pi_lr 1e-3 --also_pi_decay 1e-2 --save_dir saved_model/akt_also_full_20260713_225853_42622/s1_pilr1e3_bs64
42633 python -m examples.wandb_akt_train --dataset_name assist2009 --model_name akt --emb_type qid --seed 42 --fold 0 --dropout 0.2 --d_model 256 --learning_rate 1e-4 --num_epochs 100 --use_wandb 0 --add_uuid 0 --use_trained 0 --batch_size 64 --use_also 1 --also_grouping_mode student_id --also_pi_lr 3e-5 --also_pi_decay 1e-2 --save_dir saved_model/akt_also_full_20260713_225853_42622/s1_pilr3e5_bs64

[logs/akt_student_also_v2/baseline_bs64.log]
✅ Training Finished! Total Time Cost: 792.54 s
Traceback (most recent call last):
Traceback (most recent call last):

[logs/akt_student_also_v2/baseline_bs64_recheck_20260713_230900.log]

[logs/akt_student_also_v2/baseline_bs64_recheck_20260713_231000.log]

[logs/akt_student_also_v2/runner.log]

[logs/akt_also_full_20260713_225853_42622/s1_pilr1e3_bs64.log]
Epoch: 5, validauc: 0.793, validacc: 0.7586, best epoch: 5, best auc: 0.793, train loss: 16.642150202142425, emb_type: qid, model: akt, save_dir: saved_model/akt_also_full_20260713_225853_42622/s1_pilr1e3_bs64/assist2009_akt_qid_saved_model/akt_also_full_20260713_225853_42622/s1_pilr1e3_bs64_42_0_0.2_256_512_8_4_0.0001_64_100_0_0_1_student_id_None_optimistic_1.0_None_None_0.001_0.01_None_0
Epoch: 6, validauc: 0.7961, validacc: 0.7609, best epoch: 6, best auc: 0.7961, train loss: 16.471871805590254, emb_type: qid, model: akt, save_dir: saved_model/akt_also_full_20260713_225853_42622/s1_pilr1e3_bs64/assist2009_akt_qid_saved_model/akt_also_full_20260713_225853_42622/s1_pilr1e3_bs64_42_0_0.2_256_512_8_4_0.0001_64_100_0_0_1_student_id_None_optimistic_1.0_None_None_0.001_0.01_None_0
Epoch: 7, validauc: 0.7994, validacc: 0.7629, best epoch: 7, best auc: 0.7994, train loss: 16.365105697545726, emb_type: qid, model: akt, save_dir: saved_model/akt_also_full_20260713_225853_42622/s1_pilr1e3_bs64/assist2009_akt_qid_saved_model/akt_also_full_20260713_225853_42622/s1_pilr1e3_bs64_42_0_0.2_256_512_8_4_0.0001_64_100_0_0_1_student_id_None_optimistic_1.0_None_None_0.001_0.01_None_0

[logs/akt_also_full_20260713_225853_42622/s1_pilr3e5_bs64.log]
Epoch: 6, validauc: 0.7961, validacc: 0.7607, best epoch: 6, best auc: 0.7961, train loss: 16.468219889630788, emb_type: qid, model: akt, save_dir: saved_model/akt_also_full_20260713_225853_42622/s1_pilr3e5_bs64/assist2009_akt_qid_saved_model/akt_also_full_20260713_225853_42622/s1_pilr3e5_bs64_42_0_0.2_256_512_8_4_0.0001_64_100_0_0_1_student_id_None_optimistic_1.0_None_None_3e-05_0.01_None_0
Epoch: 7, validauc: 0.7995, validacc: 0.7632, best epoch: 7, best auc: 0.7995, train loss: 16.3623792794786, emb_type: qid, model: akt, save_dir: saved_model/akt_also_full_20260713_225853_42622/s1_pilr3e5_bs64/assist2009_akt_qid_saved_model/akt_also_full_20260713_225853_42622/s1_pilr3e5_bs64_42_0_0.2_256_512_8_4_0.0001_64_100_0_0_1_student_id_None_optimistic_1.0_None_None_3e-05_0.01_None_0
Epoch: 8, validauc: 0.8012, validacc: 0.7644, best epoch: 8, best auc: 0.8012, train loss: 16.233722608080868, emb_type: qid, model: akt, save_dir: saved_model/akt_also_full_20260713_225853_42622/s1_pilr3e5_bs64/assist2009_akt_qid_saved_model/akt_also_full_20260713_225853_42622/s1_pilr3e5_bs64_42_0_0.2_256_512_8_4_0.0001_64_100_0_0_1_student_id_None_optimistic_1.0_None_None_3e-05_0.01_None_0

[logs/akt_also_full_20260713_225853_42622/scheduler.log]

===== 2026-07-13 23:15:49 =====
0, 3 %, 20711 MiB, 32607 MiB, 113.89 W
42622 bash scripts/run_akt_also_full_ablation.sh
42628 bash scripts/run_akt_also_full_ablation.sh
42629 bash scripts/run_akt_also_full_ablation.sh
42632 python -m examples.wandb_akt_train --dataset_name assist2009 --model_name akt --emb_type qid --seed 42 --fold 0 --dropout 0.2 --d_model 256 --learning_rate 1e-4 --num_epochs 100 --use_wandb 0 --add_uuid 0 --use_trained 0 --batch_size 64 --use_also 1 --also_grouping_mode student_id --also_pi_lr 1e-3 --also_pi_decay 1e-2 --save_dir saved_model/akt_also_full_20260713_225853_42622/s1_pilr1e3_bs64
42633 python -m examples.wandb_akt_train --dataset_name assist2009 --model_name akt --emb_type qid --seed 42 --fold 0 --dropout 0.2 --d_model 256 --learning_rate 1e-4 --num_epochs 100 --use_wandb 0 --add_uuid 0 --use_trained 0 --batch_size 64 --use_also 1 --also_grouping_mode student_id --also_pi_lr 3e-5 --also_pi_decay 1e-2 --save_dir saved_model/akt_also_full_20260713_225853_42622/s1_pilr3e5_bs64

[logs/akt_student_also_v2/baseline_bs64.log]
✅ Training Finished! Total Time Cost: 792.54 s
Traceback (most recent call last):
Traceback (most recent call last):

[logs/akt_student_also_v2/baseline_bs64_recheck_20260713_230900.log]

[logs/akt_student_also_v2/baseline_bs64_recheck_20260713_231000.log]

[logs/akt_student_also_v2/runner.log]

[logs/akt_also_full_20260713_225853_42622/s1_pilr1e3_bs64.log]
Epoch: 6, validauc: 0.7961, validacc: 0.7609, best epoch: 6, best auc: 0.7961, train loss: 16.471871805590254, emb_type: qid, model: akt, save_dir: saved_model/akt_also_full_20260713_225853_42622/s1_pilr1e3_bs64/assist2009_akt_qid_saved_model/akt_also_full_20260713_225853_42622/s1_pilr1e3_bs64_42_0_0.2_256_512_8_4_0.0001_64_100_0_0_1_student_id_None_optimistic_1.0_None_None_0.001_0.01_None_0
Epoch: 7, validauc: 0.7994, validacc: 0.7629, best epoch: 7, best auc: 0.7994, train loss: 16.365105697545726, emb_type: qid, model: akt, save_dir: saved_model/akt_also_full_20260713_225853_42622/s1_pilr1e3_bs64/assist2009_akt_qid_saved_model/akt_also_full_20260713_225853_42622/s1_pilr1e3_bs64_42_0_0.2_256_512_8_4_0.0001_64_100_0_0_1_student_id_None_optimistic_1.0_None_None_0.001_0.01_None_0
Epoch: 8, validauc: 0.8012, validacc: 0.7642, best epoch: 8, best auc: 0.8012, train loss: 16.238242438639347, emb_type: qid, model: akt, save_dir: saved_model/akt_also_full_20260713_225853_42622/s1_pilr1e3_bs64/assist2009_akt_qid_saved_model/akt_also_full_20260713_225853_42622/s1_pilr1e3_bs64_42_0_0.2_256_512_8_4_0.0001_64_100_0_0_1_student_id_None_optimistic_1.0_None_None_0.001_0.01_None_0

[logs/akt_also_full_20260713_225853_42622/s1_pilr3e5_bs64.log]
Epoch: 6, validauc: 0.7961, validacc: 0.7607, best epoch: 6, best auc: 0.7961, train loss: 16.468219889630788, emb_type: qid, model: akt, save_dir: saved_model/akt_also_full_20260713_225853_42622/s1_pilr3e5_bs64/assist2009_akt_qid_saved_model/akt_also_full_20260713_225853_42622/s1_pilr3e5_bs64_42_0_0.2_256_512_8_4_0.0001_64_100_0_0_1_student_id_None_optimistic_1.0_None_None_3e-05_0.01_None_0
Epoch: 7, validauc: 0.7995, validacc: 0.7632, best epoch: 7, best auc: 0.7995, train loss: 16.3623792794786, emb_type: qid, model: akt, save_dir: saved_model/akt_also_full_20260713_225853_42622/s1_pilr3e5_bs64/assist2009_akt_qid_saved_model/akt_also_full_20260713_225853_42622/s1_pilr3e5_bs64_42_0_0.2_256_512_8_4_0.0001_64_100_0_0_1_student_id_None_optimistic_1.0_None_None_3e-05_0.01_None_0
Epoch: 8, validauc: 0.8012, validacc: 0.7644, best epoch: 8, best auc: 0.8012, train loss: 16.233722608080868, emb_type: qid, model: akt, save_dir: saved_model/akt_also_full_20260713_225853_42622/s1_pilr3e5_bs64/assist2009_akt_qid_saved_model/akt_also_full_20260713_225853_42622/s1_pilr3e5_bs64_42_0_0.2_256_512_8_4_0.0001_64_100_0_0_1_student_id_None_optimistic_1.0_None_None_3e-05_0.01_None_0

[logs/akt_also_full_20260713_225853_42622/scheduler.log]

===== 2026-07-13 23:16:50 =====
0, 14 %, 20711 MiB, 32607 MiB, 174.37 W
42622 bash scripts/run_akt_also_full_ablation.sh
42628 bash scripts/run_akt_also_full_ablation.sh
42629 bash scripts/run_akt_also_full_ablation.sh
42632 python -m examples.wandb_akt_train --dataset_name assist2009 --model_name akt --emb_type qid --seed 42 --fold 0 --dropout 0.2 --d_model 256 --learning_rate 1e-4 --num_epochs 100 --use_wandb 0 --add_uuid 0 --use_trained 0 --batch_size 64 --use_also 1 --also_grouping_mode student_id --also_pi_lr 1e-3 --also_pi_decay 1e-2 --save_dir saved_model/akt_also_full_20260713_225853_42622/s1_pilr1e3_bs64
42633 python -m examples.wandb_akt_train --dataset_name assist2009 --model_name akt --emb_type qid --seed 42 --fold 0 --dropout 0.2 --d_model 256 --learning_rate 1e-4 --num_epochs 100 --use_wandb 0 --add_uuid 0 --use_trained 0 --batch_size 64 --use_also 1 --also_grouping_mode student_id --also_pi_lr 3e-5 --also_pi_decay 1e-2 --save_dir saved_model/akt_also_full_20260713_225853_42622/s1_pilr3e5_bs64

[logs/akt_student_also_v2/baseline_bs64.log]
✅ Training Finished! Total Time Cost: 792.54 s
Traceback (most recent call last):
Traceback (most recent call last):

[logs/akt_student_also_v2/baseline_bs64_recheck_20260713_230900.log]

[logs/akt_student_also_v2/baseline_bs64_recheck_20260713_231000.log]

[logs/akt_student_also_v2/runner.log]

[logs/akt_also_full_20260713_225853_42622/s1_pilr1e3_bs64.log]
Epoch: 6, validauc: 0.7961, validacc: 0.7609, best epoch: 6, best auc: 0.7961, train loss: 16.471871805590254, emb_type: qid, model: akt, save_dir: saved_model/akt_also_full_20260713_225853_42622/s1_pilr1e3_bs64/assist2009_akt_qid_saved_model/akt_also_full_20260713_225853_42622/s1_pilr1e3_bs64_42_0_0.2_256_512_8_4_0.0001_64_100_0_0_1_student_id_None_optimistic_1.0_None_None_0.001_0.01_None_0
Epoch: 7, validauc: 0.7994, validacc: 0.7629, best epoch: 7, best auc: 0.7994, train loss: 16.365105697545726, emb_type: qid, model: akt, save_dir: saved_model/akt_also_full_20260713_225853_42622/s1_pilr1e3_bs64/assist2009_akt_qid_saved_model/akt_also_full_20260713_225853_42622/s1_pilr1e3_bs64_42_0_0.2_256_512_8_4_0.0001_64_100_0_0_1_student_id_None_optimistic_1.0_None_None_0.001_0.01_None_0
Epoch: 8, validauc: 0.8012, validacc: 0.7642, best epoch: 8, best auc: 0.8012, train loss: 16.238242438639347, emb_type: qid, model: akt, save_dir: saved_model/akt_also_full_20260713_225853_42622/s1_pilr1e3_bs64/assist2009_akt_qid_saved_model/akt_also_full_20260713_225853_42622/s1_pilr1e3_bs64_42_0_0.2_256_512_8_4_0.0001_64_100_0_0_1_student_id_None_optimistic_1.0_None_None_0.001_0.01_None_0

[logs/akt_also_full_20260713_225853_42622/s1_pilr3e5_bs64.log]
Epoch: 7, validauc: 0.7995, validacc: 0.7632, best epoch: 7, best auc: 0.7995, train loss: 16.3623792794786, emb_type: qid, model: akt, save_dir: saved_model/akt_also_full_20260713_225853_42622/s1_pilr3e5_bs64/assist2009_akt_qid_saved_model/akt_also_full_20260713_225853_42622/s1_pilr3e5_bs64_42_0_0.2_256_512_8_4_0.0001_64_100_0_0_1_student_id_None_optimistic_1.0_None_None_3e-05_0.01_None_0
Epoch: 8, validauc: 0.8012, validacc: 0.7644, best epoch: 8, best auc: 0.8012, train loss: 16.233722608080868, emb_type: qid, model: akt, save_dir: saved_model/akt_also_full_20260713_225853_42622/s1_pilr3e5_bs64/assist2009_akt_qid_saved_model/akt_also_full_20260713_225853_42622/s1_pilr3e5_bs64_42_0_0.2_256_512_8_4_0.0001_64_100_0_0_1_student_id_None_optimistic_1.0_None_None_3e-05_0.01_None_0
Epoch: 9, validauc: 0.8024, validacc: 0.7645, best epoch: 9, best auc: 0.8024, train loss: 16.160007488106835, emb_type: qid, model: akt, save_dir: saved_model/akt_also_full_20260713_225853_42622/s1_pilr3e5_bs64/assist2009_akt_qid_saved_model/akt_also_full_20260713_225853_42622/s1_pilr3e5_bs64_42_0_0.2_256_512_8_4_0.0001_64_100_0_0_1_student_id_None_optimistic_1.0_None_None_3e-05_0.01_None_0

[logs/akt_also_full_20260713_225853_42622/scheduler.log]

===== 2026-07-13 23:17:50 =====
0, 9 %, 19286 MiB, 32607 MiB, 106.19 W
42622 bash scripts/run_akt_also_full_ablation.sh
42628 bash scripts/run_akt_also_full_ablation.sh
42629 bash scripts/run_akt_also_full_ablation.sh
42632 python -m examples.wandb_akt_train --dataset_name assist2009 --model_name akt --emb_type qid --seed 42 --fold 0 --dropout 0.2 --d_model 256 --learning_rate 1e-4 --num_epochs 100 --use_wandb 0 --add_uuid 0 --use_trained 0 --batch_size 64 --use_also 1 --also_grouping_mode student_id --also_pi_lr 1e-3 --also_pi_decay 1e-2 --save_dir saved_model/akt_also_full_20260713_225853_42622/s1_pilr1e3_bs64
42633 python -m examples.wandb_akt_train --dataset_name assist2009 --model_name akt --emb_type qid --seed 42 --fold 0 --dropout 0.2 --d_model 256 --learning_rate 1e-4 --num_epochs 100 --use_wandb 0 --add_uuid 0 --use_trained 0 --batch_size 64 --use_also 1 --also_grouping_mode student_id --also_pi_lr 3e-5 --also_pi_decay 1e-2 --save_dir saved_model/akt_also_full_20260713_225853_42622/s1_pilr3e5_bs64

[logs/akt_student_also_v2/baseline_bs64.log]
✅ Training Finished! Total Time Cost: 792.54 s
Traceback (most recent call last):
Traceback (most recent call last):

[logs/akt_student_also_v2/baseline_bs64_recheck_20260713_230900.log]

[logs/akt_student_also_v2/baseline_bs64_recheck_20260713_231000.log]
    "student_stats_mean": 0.6284802629519268,
    "student_stats_std": 0.20137414616859872,
    "student_stats_range": 1.0,

[logs/akt_student_also_v2/runner.log]

[logs/akt_also_full_20260713_225853_42622/s1_pilr1e3_bs64.log]
Epoch: 7, validauc: 0.7994, validacc: 0.7629, best epoch: 7, best auc: 0.7994, train loss: 16.365105697545726, emb_type: qid, model: akt, save_dir: saved_model/akt_also_full_20260713_225853_42622/s1_pilr1e3_bs64/assist2009_akt_qid_saved_model/akt_also_full_20260713_225853_42622/s1_pilr1e3_bs64_42_0_0.2_256_512_8_4_0.0001_64_100_0_0_1_student_id_None_optimistic_1.0_None_None_0.001_0.01_None_0
Epoch: 8, validauc: 0.8012, validacc: 0.7642, best epoch: 8, best auc: 0.8012, train loss: 16.238242438639347, emb_type: qid, model: akt, save_dir: saved_model/akt_also_full_20260713_225853_42622/s1_pilr1e3_bs64/assist2009_akt_qid_saved_model/akt_also_full_20260713_225853_42622/s1_pilr1e3_bs64_42_0_0.2_256_512_8_4_0.0001_64_100_0_0_1_student_id_None_optimistic_1.0_None_None_0.001_0.01_None_0
Epoch: 9, validauc: 0.8023, validacc: 0.7644, best epoch: 9, best auc: 0.8023, train loss: 16.161971063538587, emb_type: qid, model: akt, save_dir: saved_model/akt_also_full_20260713_225853_42622/s1_pilr1e3_bs64/assist2009_akt_qid_saved_model/akt_also_full_20260713_225853_42622/s1_pilr1e3_bs64_42_0_0.2_256_512_8_4_0.0001_64_100_0_0_1_student_id_None_optimistic_1.0_None_None_0.001_0.01_None_0

[logs/akt_also_full_20260713_225853_42622/s1_pilr3e5_bs64.log]
Epoch: 7, validauc: 0.7995, validacc: 0.7632, best epoch: 7, best auc: 0.7995, train loss: 16.3623792794786, emb_type: qid, model: akt, save_dir: saved_model/akt_also_full_20260713_225853_42622/s1_pilr3e5_bs64/assist2009_akt_qid_saved_model/akt_also_full_20260713_225853_42622/s1_pilr3e5_bs64_42_0_0.2_256_512_8_4_0.0001_64_100_0_0_1_student_id_None_optimistic_1.0_None_None_3e-05_0.01_None_0
Epoch: 8, validauc: 0.8012, validacc: 0.7644, best epoch: 8, best auc: 0.8012, train loss: 16.233722608080868, emb_type: qid, model: akt, save_dir: saved_model/akt_also_full_20260713_225853_42622/s1_pilr3e5_bs64/assist2009_akt_qid_saved_model/akt_also_full_20260713_225853_42622/s1_pilr3e5_bs64_42_0_0.2_256_512_8_4_0.0001_64_100_0_0_1_student_id_None_optimistic_1.0_None_None_3e-05_0.01_None_0
Epoch: 9, validauc: 0.8024, validacc: 0.7645, best epoch: 9, best auc: 0.8024, train loss: 16.160007488106835, emb_type: qid, model: akt, save_dir: saved_model/akt_also_full_20260713_225853_42622/s1_pilr3e5_bs64/assist2009_akt_qid_saved_model/akt_also_full_20260713_225853_42622/s1_pilr3e5_bs64_42_0_0.2_256_512_8_4_0.0001_64_100_0_0_1_student_id_None_optimistic_1.0_None_None_3e-05_0.01_None_0

[logs/akt_also_full_20260713_225853_42622/scheduler.log]

===== 2026-07-13 23:18:50 =====
0, 2 %, 19286 MiB, 32607 MiB, 102.17 W
42622 bash scripts/run_akt_also_full_ablation.sh
42628 bash scripts/run_akt_also_full_ablation.sh
42629 bash scripts/run_akt_also_full_ablation.sh
42632 python -m examples.wandb_akt_train --dataset_name assist2009 --model_name akt --emb_type qid --seed 42 --fold 0 --dropout 0.2 --d_model 256 --learning_rate 1e-4 --num_epochs 100 --use_wandb 0 --add_uuid 0 --use_trained 0 --batch_size 64 --use_also 1 --also_grouping_mode student_id --also_pi_lr 1e-3 --also_pi_decay 1e-2 --save_dir saved_model/akt_also_full_20260713_225853_42622/s1_pilr1e3_bs64
42633 python -m examples.wandb_akt_train --dataset_name assist2009 --model_name akt --emb_type qid --seed 42 --fold 0 --dropout 0.2 --d_model 256 --learning_rate 1e-4 --num_epochs 100 --use_wandb 0 --add_uuid 0 --use_trained 0 --batch_size 64 --use_also 1 --also_grouping_mode student_id --also_pi_lr 3e-5 --also_pi_decay 1e-2 --save_dir saved_model/akt_also_full_20260713_225853_42622/s1_pilr3e5_bs64

[logs/akt_student_also_v2/baseline_bs64.log]
✅ Training Finished! Total Time Cost: 792.54 s
Traceback (most recent call last):
Traceback (most recent call last):

[logs/akt_student_also_v2/baseline_bs64_recheck_20260713_230900.log]

[logs/akt_student_also_v2/baseline_bs64_recheck_20260713_231000.log]
    "student_stats_mean": 0.6284802629519268,
    "student_stats_std": 0.20137414616859872,
    "student_stats_range": 1.0,

[logs/akt_student_also_v2/runner.log]

[logs/akt_also_full_20260713_225853_42622/s1_pilr1e3_bs64.log]
Epoch: 7, validauc: 0.7994, validacc: 0.7629, best epoch: 7, best auc: 0.7994, train loss: 16.365105697545726, emb_type: qid, model: akt, save_dir: saved_model/akt_also_full_20260713_225853_42622/s1_pilr1e3_bs64/assist2009_akt_qid_saved_model/akt_also_full_20260713_225853_42622/s1_pilr1e3_bs64_42_0_0.2_256_512_8_4_0.0001_64_100_0_0_1_student_id_None_optimistic_1.0_None_None_0.001_0.01_None_0
Epoch: 8, validauc: 0.8012, validacc: 0.7642, best epoch: 8, best auc: 0.8012, train loss: 16.238242438639347, emb_type: qid, model: akt, save_dir: saved_model/akt_also_full_20260713_225853_42622/s1_pilr1e3_bs64/assist2009_akt_qid_saved_model/akt_also_full_20260713_225853_42622/s1_pilr1e3_bs64_42_0_0.2_256_512_8_4_0.0001_64_100_0_0_1_student_id_None_optimistic_1.0_None_None_0.001_0.01_None_0
Epoch: 9, validauc: 0.8023, validacc: 0.7644, best epoch: 9, best auc: 0.8023, train loss: 16.161971063538587, emb_type: qid, model: akt, save_dir: saved_model/akt_also_full_20260713_225853_42622/s1_pilr1e3_bs64/assist2009_akt_qid_saved_model/akt_also_full_20260713_225853_42622/s1_pilr1e3_bs64_42_0_0.2_256_512_8_4_0.0001_64_100_0_0_1_student_id_None_optimistic_1.0_None_None_0.001_0.01_None_0

[logs/akt_also_full_20260713_225853_42622/s1_pilr3e5_bs64.log]
Epoch: 8, validauc: 0.8012, validacc: 0.7644, best epoch: 8, best auc: 0.8012, train loss: 16.233722608080868, emb_type: qid, model: akt, save_dir: saved_model/akt_also_full_20260713_225853_42622/s1_pilr3e5_bs64/assist2009_akt_qid_saved_model/akt_also_full_20260713_225853_42622/s1_pilr3e5_bs64_42_0_0.2_256_512_8_4_0.0001_64_100_0_0_1_student_id_None_optimistic_1.0_None_None_3e-05_0.01_None_0
Epoch: 9, validauc: 0.8024, validacc: 0.7645, best epoch: 9, best auc: 0.8024, train loss: 16.160007488106835, emb_type: qid, model: akt, save_dir: saved_model/akt_also_full_20260713_225853_42622/s1_pilr3e5_bs64/assist2009_akt_qid_saved_model/akt_also_full_20260713_225853_42622/s1_pilr3e5_bs64_42_0_0.2_256_512_8_4_0.0001_64_100_0_0_1_student_id_None_optimistic_1.0_None_None_3e-05_0.01_None_0
Epoch: 10, validauc: 0.8049, validacc: 0.7661, best epoch: 10, best auc: 0.8049, train loss: 16.061871098749695, emb_type: qid, model: akt, save_dir: saved_model/akt_also_full_20260713_225853_42622/s1_pilr3e5_bs64/assist2009_akt_qid_saved_model/akt_also_full_20260713_225853_42622/s1_pilr3e5_bs64_42_0_0.2_256_512_8_4_0.0001_64_100_0_0_1_student_id_None_optimistic_1.0_None_None_3e-05_0.01_None_0

[logs/akt_also_full_20260713_225853_42622/scheduler.log]

===== 2026-07-13 23:19:51 =====
0, 5 %, 19286 MiB, 32607 MiB, 131.05 W
42622 bash scripts/run_akt_also_full_ablation.sh
42628 bash scripts/run_akt_also_full_ablation.sh
42629 bash scripts/run_akt_also_full_ablation.sh
42632 python -m examples.wandb_akt_train --dataset_name assist2009 --model_name akt --emb_type qid --seed 42 --fold 0 --dropout 0.2 --d_model 256 --learning_rate 1e-4 --num_epochs 100 --use_wandb 0 --add_uuid 0 --use_trained 0 --batch_size 64 --use_also 1 --also_grouping_mode student_id --also_pi_lr 1e-3 --also_pi_decay 1e-2 --save_dir saved_model/akt_also_full_20260713_225853_42622/s1_pilr1e3_bs64
42633 python -m examples.wandb_akt_train --dataset_name assist2009 --model_name akt --emb_type qid --seed 42 --fold 0 --dropout 0.2 --d_model 256 --learning_rate 1e-4 --num_epochs 100 --use_wandb 0 --add_uuid 0 --use_trained 0 --batch_size 64 --use_also 1 --also_grouping_mode student_id --also_pi_lr 3e-5 --also_pi_decay 1e-2 --save_dir saved_model/akt_also_full_20260713_225853_42622/s1_pilr3e5_bs64

[logs/akt_student_also_v2/baseline_bs64.log]
✅ Training Finished! Total Time Cost: 792.54 s
Traceback (most recent call last):
Traceback (most recent call last):

[logs/akt_student_also_v2/baseline_bs64_recheck_20260713_230900.log]

[logs/akt_student_also_v2/baseline_bs64_recheck_20260713_231000.log]
    "student_stats_mean": 0.6284802629519268,
    "student_stats_std": 0.20137414616859872,
    "student_stats_range": 1.0,

[logs/akt_student_also_v2/runner.log]

[logs/akt_also_full_20260713_225853_42622/s1_pilr1e3_bs64.log]
Epoch: 8, validauc: 0.8012, validacc: 0.7642, best epoch: 8, best auc: 0.8012, train loss: 16.238242438639347, emb_type: qid, model: akt, save_dir: saved_model/akt_also_full_20260713_225853_42622/s1_pilr1e3_bs64/assist2009_akt_qid_saved_model/akt_also_full_20260713_225853_42622/s1_pilr1e3_bs64_42_0_0.2_256_512_8_4_0.0001_64_100_0_0_1_student_id_None_optimistic_1.0_None_None_0.001_0.01_None_0
Epoch: 9, validauc: 0.8023, validacc: 0.7644, best epoch: 9, best auc: 0.8023, train loss: 16.161971063538587, emb_type: qid, model: akt, save_dir: saved_model/akt_also_full_20260713_225853_42622/s1_pilr1e3_bs64/assist2009_akt_qid_saved_model/akt_also_full_20260713_225853_42622/s1_pilr1e3_bs64_42_0_0.2_256_512_8_4_0.0001_64_100_0_0_1_student_id_None_optimistic_1.0_None_None_0.001_0.01_None_0
Epoch: 10, validauc: 0.8047, validacc: 0.7659, best epoch: 10, best auc: 0.8047, train loss: 16.069263942585795, emb_type: qid, model: akt, save_dir: saved_model/akt_also_full_20260713_225853_42622/s1_pilr1e3_bs64/assist2009_akt_qid_saved_model/akt_also_full_20260713_225853_42622/s1_pilr1e3_bs64_42_0_0.2_256_512_8_4_0.0001_64_100_0_0_1_student_id_None_optimistic_1.0_None_None_0.001_0.01_None_0

[logs/akt_also_full_20260713_225853_42622/s1_pilr3e5_bs64.log]
Epoch: 8, validauc: 0.8012, validacc: 0.7644, best epoch: 8, best auc: 0.8012, train loss: 16.233722608080868, emb_type: qid, model: akt, save_dir: saved_model/akt_also_full_20260713_225853_42622/s1_pilr3e5_bs64/assist2009_akt_qid_saved_model/akt_also_full_20260713_225853_42622/s1_pilr3e5_bs64_42_0_0.2_256_512_8_4_0.0001_64_100_0_0_1_student_id_None_optimistic_1.0_None_None_3e-05_0.01_None_0
Epoch: 9, validauc: 0.8024, validacc: 0.7645, best epoch: 9, best auc: 0.8024, train loss: 16.160007488106835, emb_type: qid, model: akt, save_dir: saved_model/akt_also_full_20260713_225853_42622/s1_pilr3e5_bs64/assist2009_akt_qid_saved_model/akt_also_full_20260713_225853_42622/s1_pilr3e5_bs64_42_0_0.2_256_512_8_4_0.0001_64_100_0_0_1_student_id_None_optimistic_1.0_None_None_3e-05_0.01_None_0
Epoch: 10, validauc: 0.8049, validacc: 0.7661, best epoch: 10, best auc: 0.8049, train loss: 16.061871098749695, emb_type: qid, model: akt, save_dir: saved_model/akt_also_full_20260713_225853_42622/s1_pilr3e5_bs64/assist2009_akt_qid_saved_model/akt_also_full_20260713_225853_42622/s1_pilr3e5_bs64_42_0_0.2_256_512_8_4_0.0001_64_100_0_0_1_student_id_None_optimistic_1.0_None_None_3e-05_0.01_None_0

[logs/akt_also_full_20260713_225853_42622/scheduler.log]

===== 2026-07-13 23:20:51 =====
0, 10 %, 19286 MiB, 32607 MiB, 106.31 W
42622 bash scripts/run_akt_also_full_ablation.sh
42628 bash scripts/run_akt_also_full_ablation.sh
42629 bash scripts/run_akt_also_full_ablation.sh
42632 python -m examples.wandb_akt_train --dataset_name assist2009 --model_name akt --emb_type qid --seed 42 --fold 0 --dropout 0.2 --d_model 256 --learning_rate 1e-4 --num_epochs 100 --use_wandb 0 --add_uuid 0 --use_trained 0 --batch_size 64 --use_also 1 --also_grouping_mode student_id --also_pi_lr 1e-3 --also_pi_decay 1e-2 --save_dir saved_model/akt_also_full_20260713_225853_42622/s1_pilr1e3_bs64
42633 python -m examples.wandb_akt_train --dataset_name assist2009 --model_name akt --emb_type qid --seed 42 --fold 0 --dropout 0.2 --d_model 256 --learning_rate 1e-4 --num_epochs 100 --use_wandb 0 --add_uuid 0 --use_trained 0 --batch_size 64 --use_also 1 --also_grouping_mode student_id --also_pi_lr 3e-5 --also_pi_decay 1e-2 --save_dir saved_model/akt_also_full_20260713_225853_42622/s1_pilr3e5_bs64

[logs/akt_student_also_v2/baseline_bs64.log]
✅ Training Finished! Total Time Cost: 792.54 s
Traceback (most recent call last):
Traceback (most recent call last):

[logs/akt_student_also_v2/baseline_bs64_recheck_20260713_230900.log]

[logs/akt_student_also_v2/baseline_bs64_recheck_20260713_231000.log]
    "student_stats_mean": 0.6284802629519268,
    "student_stats_std": 0.20137414616859872,
    "student_stats_range": 1.0,

[logs/akt_student_also_v2/runner.log]

[logs/akt_also_full_20260713_225853_42622/s1_pilr1e3_bs64.log]
Epoch: 8, validauc: 0.8012, validacc: 0.7642, best epoch: 8, best auc: 0.8012, train loss: 16.238242438639347, emb_type: qid, model: akt, save_dir: saved_model/akt_also_full_20260713_225853_42622/s1_pilr1e3_bs64/assist2009_akt_qid_saved_model/akt_also_full_20260713_225853_42622/s1_pilr1e3_bs64_42_0_0.2_256_512_8_4_0.0001_64_100_0_0_1_student_id_None_optimistic_1.0_None_None_0.001_0.01_None_0
Epoch: 9, validauc: 0.8023, validacc: 0.7644, best epoch: 9, best auc: 0.8023, train loss: 16.161971063538587, emb_type: qid, model: akt, save_dir: saved_model/akt_also_full_20260713_225853_42622/s1_pilr1e3_bs64/assist2009_akt_qid_saved_model/akt_also_full_20260713_225853_42622/s1_pilr1e3_bs64_42_0_0.2_256_512_8_4_0.0001_64_100_0_0_1_student_id_None_optimistic_1.0_None_None_0.001_0.01_None_0
Epoch: 10, validauc: 0.8047, validacc: 0.7659, best epoch: 10, best auc: 0.8047, train loss: 16.069263942585795, emb_type: qid, model: akt, save_dir: saved_model/akt_also_full_20260713_225853_42622/s1_pilr1e3_bs64/assist2009_akt_qid_saved_model/akt_also_full_20260713_225853_42622/s1_pilr1e3_bs64_42_0_0.2_256_512_8_4_0.0001_64_100_0_0_1_student_id_None_optimistic_1.0_None_None_0.001_0.01_None_0

[logs/akt_also_full_20260713_225853_42622/s1_pilr3e5_bs64.log]
Epoch: 9, validauc: 0.8024, validacc: 0.7645, best epoch: 9, best auc: 0.8024, train loss: 16.160007488106835, emb_type: qid, model: akt, save_dir: saved_model/akt_also_full_20260713_225853_42622/s1_pilr3e5_bs64/assist2009_akt_qid_saved_model/akt_also_full_20260713_225853_42622/s1_pilr3e5_bs64_42_0_0.2_256_512_8_4_0.0001_64_100_0_0_1_student_id_None_optimistic_1.0_None_None_3e-05_0.01_None_0
Epoch: 10, validauc: 0.8049, validacc: 0.7661, best epoch: 10, best auc: 0.8049, train loss: 16.061871098749695, emb_type: qid, model: akt, save_dir: saved_model/akt_also_full_20260713_225853_42622/s1_pilr3e5_bs64/assist2009_akt_qid_saved_model/akt_also_full_20260713_225853_42622/s1_pilr3e5_bs64_42_0_0.2_256_512_8_4_0.0001_64_100_0_0_1_student_id_None_optimistic_1.0_None_None_3e-05_0.01_None_0
Epoch: 11, validauc: 0.8062, validacc: 0.7667, best epoch: 11, best auc: 0.8062, train loss: 16.02026140944412, emb_type: qid, model: akt, save_dir: saved_model/akt_also_full_20260713_225853_42622/s1_pilr3e5_bs64/assist2009_akt_qid_saved_model/akt_also_full_20260713_225853_42622/s1_pilr3e5_bs64_42_0_0.2_256_512_8_4_0.0001_64_100_0_0_1_student_id_None_optimistic_1.0_None_None_3e-05_0.01_None_0

[logs/akt_also_full_20260713_225853_42622/scheduler.log]

===== 2026-07-13 23:21:51 =====
0, 4 %, 19286 MiB, 32607 MiB, 103.54 W
42622 bash scripts/run_akt_also_full_ablation.sh
42628 bash scripts/run_akt_also_full_ablation.sh
42629 bash scripts/run_akt_also_full_ablation.sh
42632 python -m examples.wandb_akt_train --dataset_name assist2009 --model_name akt --emb_type qid --seed 42 --fold 0 --dropout 0.2 --d_model 256 --learning_rate 1e-4 --num_epochs 100 --use_wandb 0 --add_uuid 0 --use_trained 0 --batch_size 64 --use_also 1 --also_grouping_mode student_id --also_pi_lr 1e-3 --also_pi_decay 1e-2 --save_dir saved_model/akt_also_full_20260713_225853_42622/s1_pilr1e3_bs64
42633 python -m examples.wandb_akt_train --dataset_name assist2009 --model_name akt --emb_type qid --seed 42 --fold 0 --dropout 0.2 --d_model 256 --learning_rate 1e-4 --num_epochs 100 --use_wandb 0 --add_uuid 0 --use_trained 0 --batch_size 64 --use_also 1 --also_grouping_mode student_id --also_pi_lr 3e-5 --also_pi_decay 1e-2 --save_dir saved_model/akt_also_full_20260713_225853_42622/s1_pilr3e5_bs64

[logs/akt_student_also_v2/baseline_bs64.log]
✅ Training Finished! Total Time Cost: 792.54 s
Traceback (most recent call last):
Traceback (most recent call last):

[logs/akt_student_also_v2/baseline_bs64_recheck_20260713_230900.log]

[logs/akt_student_also_v2/baseline_bs64_recheck_20260713_231000.log]
    "student_stats_mean": 0.6284802629519268,
    "student_stats_std": 0.20137414616859872,
    "student_stats_range": 1.0,

[logs/akt_student_also_v2/runner.log]

[logs/akt_also_full_20260713_225853_42622/s1_pilr1e3_bs64.log]
Epoch: 9, validauc: 0.8023, validacc: 0.7644, best epoch: 9, best auc: 0.8023, train loss: 16.161971063538587, emb_type: qid, model: akt, save_dir: saved_model/akt_also_full_20260713_225853_42622/s1_pilr1e3_bs64/assist2009_akt_qid_saved_model/akt_also_full_20260713_225853_42622/s1_pilr1e3_bs64_42_0_0.2_256_512_8_4_0.0001_64_100_0_0_1_student_id_None_optimistic_1.0_None_None_0.001_0.01_None_0
Epoch: 10, validauc: 0.8047, validacc: 0.7659, best epoch: 10, best auc: 0.8047, train loss: 16.069263942585795, emb_type: qid, model: akt, save_dir: saved_model/akt_also_full_20260713_225853_42622/s1_pilr1e3_bs64/assist2009_akt_qid_saved_model/akt_also_full_20260713_225853_42622/s1_pilr1e3_bs64_42_0_0.2_256_512_8_4_0.0001_64_100_0_0_1_student_id_None_optimistic_1.0_None_None_0.001_0.01_None_0
Epoch: 11, validauc: 0.8061, validacc: 0.7664, best epoch: 11, best auc: 0.8061, train loss: 16.02532188974315, emb_type: qid, model: akt, save_dir: saved_model/akt_also_full_20260713_225853_42622/s1_pilr1e3_bs64/assist2009_akt_qid_saved_model/akt_also_full_20260713_225853_42622/s1_pilr1e3_bs64_42_0_0.2_256_512_8_4_0.0001_64_100_0_0_1_student_id_None_optimistic_1.0_None_None_0.001_0.01_None_0

[logs/akt_also_full_20260713_225853_42622/s1_pilr3e5_bs64.log]
Epoch: 9, validauc: 0.8024, validacc: 0.7645, best epoch: 9, best auc: 0.8024, train loss: 16.160007488106835, emb_type: qid, model: akt, save_dir: saved_model/akt_also_full_20260713_225853_42622/s1_pilr3e5_bs64/assist2009_akt_qid_saved_model/akt_also_full_20260713_225853_42622/s1_pilr3e5_bs64_42_0_0.2_256_512_8_4_0.0001_64_100_0_0_1_student_id_None_optimistic_1.0_None_None_3e-05_0.01_None_0
Epoch: 10, validauc: 0.8049, validacc: 0.7661, best epoch: 10, best auc: 0.8049, train loss: 16.061871098749695, emb_type: qid, model: akt, save_dir: saved_model/akt_also_full_20260713_225853_42622/s1_pilr3e5_bs64/assist2009_akt_qid_saved_model/akt_also_full_20260713_225853_42622/s1_pilr3e5_bs64_42_0_0.2_256_512_8_4_0.0001_64_100_0_0_1_student_id_None_optimistic_1.0_None_None_3e-05_0.01_None_0
Epoch: 11, validauc: 0.8062, validacc: 0.7667, best epoch: 11, best auc: 0.8062, train loss: 16.02026140944412, emb_type: qid, model: akt, save_dir: saved_model/akt_also_full_20260713_225853_42622/s1_pilr3e5_bs64/assist2009_akt_qid_saved_model/akt_also_full_20260713_225853_42622/s1_pilr3e5_bs64_42_0_0.2_256_512_8_4_0.0001_64_100_0_0_1_student_id_None_optimistic_1.0_None_None_3e-05_0.01_None_0

[logs/akt_also_full_20260713_225853_42622/scheduler.log]

===== 2026-07-13 23:22:52 =====
0, 2 %, 19286 MiB, 32607 MiB, 108.01 W
42622 bash scripts/run_akt_also_full_ablation.sh
42628 bash scripts/run_akt_also_full_ablation.sh
42629 bash scripts/run_akt_also_full_ablation.sh
42632 python -m examples.wandb_akt_train --dataset_name assist2009 --model_name akt --emb_type qid --seed 42 --fold 0 --dropout 0.2 --d_model 256 --learning_rate 1e-4 --num_epochs 100 --use_wandb 0 --add_uuid 0 --use_trained 0 --batch_size 64 --use_also 1 --also_grouping_mode student_id --also_pi_lr 1e-3 --also_pi_decay 1e-2 --save_dir saved_model/akt_also_full_20260713_225853_42622/s1_pilr1e3_bs64
42633 python -m examples.wandb_akt_train --dataset_name assist2009 --model_name akt --emb_type qid --seed 42 --fold 0 --dropout 0.2 --d_model 256 --learning_rate 1e-4 --num_epochs 100 --use_wandb 0 --add_uuid 0 --use_trained 0 --batch_size 64 --use_also 1 --also_grouping_mode student_id --also_pi_lr 3e-5 --also_pi_decay 1e-2 --save_dir saved_model/akt_also_full_20260713_225853_42622/s1_pilr3e5_bs64

[logs/akt_student_also_v2/baseline_bs64.log]
✅ Training Finished! Total Time Cost: 792.54 s
Traceback (most recent call last):
Traceback (most recent call last):

[logs/akt_student_also_v2/baseline_bs64_recheck_20260713_230900.log]

[logs/akt_student_also_v2/baseline_bs64_recheck_20260713_231000.log]
    "student_stats_mean": 0.6284802629519268,
    "student_stats_std": 0.20137414616859872,
    "student_stats_range": 1.0,

[logs/akt_student_also_v2/runner.log]

[logs/akt_also_full_20260713_225853_42622/s1_pilr1e3_bs64.log]
Epoch: 10, validauc: 0.8047, validacc: 0.7659, best epoch: 10, best auc: 0.8047, train loss: 16.069263942585795, emb_type: qid, model: akt, save_dir: saved_model/akt_also_full_20260713_225853_42622/s1_pilr1e3_bs64/assist2009_akt_qid_saved_model/akt_also_full_20260713_225853_42622/s1_pilr1e3_bs64_42_0_0.2_256_512_8_4_0.0001_64_100_0_0_1_student_id_None_optimistic_1.0_None_None_0.001_0.01_None_0
Epoch: 11, validauc: 0.8061, validacc: 0.7664, best epoch: 11, best auc: 0.8061, train loss: 16.02532188974315, emb_type: qid, model: akt, save_dir: saved_model/akt_also_full_20260713_225853_42622/s1_pilr1e3_bs64/assist2009_akt_qid_saved_model/akt_also_full_20260713_225853_42622/s1_pilr1e3_bs64_42_0_0.2_256_512_8_4_0.0001_64_100_0_0_1_student_id_None_optimistic_1.0_None_None_0.001_0.01_None_0
Epoch: 12, validauc: 0.8061, validacc: 0.7664, best epoch: 11, best auc: 0.8061, train loss: 15.978057803154206, emb_type: qid, model: akt, save_dir: saved_model/akt_also_full_20260713_225853_42622/s1_pilr1e3_bs64/assist2009_akt_qid_saved_model/akt_also_full_20260713_225853_42622/s1_pilr1e3_bs64_42_0_0.2_256_512_8_4_0.0001_64_100_0_0_1_student_id_None_optimistic_1.0_None_None_0.001_0.01_None_0

[logs/akt_also_full_20260713_225853_42622/s1_pilr3e5_bs64.log]
Epoch: 10, validauc: 0.8049, validacc: 0.7661, best epoch: 10, best auc: 0.8049, train loss: 16.061871098749695, emb_type: qid, model: akt, save_dir: saved_model/akt_also_full_20260713_225853_42622/s1_pilr3e5_bs64/assist2009_akt_qid_saved_model/akt_also_full_20260713_225853_42622/s1_pilr3e5_bs64_42_0_0.2_256_512_8_4_0.0001_64_100_0_0_1_student_id_None_optimistic_1.0_None_None_3e-05_0.01_None_0
Epoch: 11, validauc: 0.8062, validacc: 0.7667, best epoch: 11, best auc: 0.8062, train loss: 16.02026140944412, emb_type: qid, model: akt, save_dir: saved_model/akt_also_full_20260713_225853_42622/s1_pilr3e5_bs64/assist2009_akt_qid_saved_model/akt_also_full_20260713_225853_42622/s1_pilr3e5_bs64_42_0_0.2_256_512_8_4_0.0001_64_100_0_0_1_student_id_None_optimistic_1.0_None_None_3e-05_0.01_None_0
Epoch: 12, validauc: 0.8062, validacc: 0.7667, best epoch: 11, best auc: 0.8062, train loss: 15.972893233511273, emb_type: qid, model: akt, save_dir: saved_model/akt_also_full_20260713_225853_42622/s1_pilr3e5_bs64/assist2009_akt_qid_saved_model/akt_also_full_20260713_225853_42622/s1_pilr3e5_bs64_42_0_0.2_256_512_8_4_0.0001_64_100_0_0_1_student_id_None_optimistic_1.0_None_None_3e-05_0.01_None_0

[logs/akt_also_full_20260713_225853_42622/scheduler.log]

===== 2026-07-13 23:23:52 =====
0, 100 %, 19286 MiB, 32607 MiB, 146.44 W
42622 bash scripts/run_akt_also_full_ablation.sh
42628 bash scripts/run_akt_also_full_ablation.sh
42629 bash scripts/run_akt_also_full_ablation.sh
42632 python -m examples.wandb_akt_train --dataset_name assist2009 --model_name akt --emb_type qid --seed 42 --fold 0 --dropout 0.2 --d_model 256 --learning_rate 1e-4 --num_epochs 100 --use_wandb 0 --add_uuid 0 --use_trained 0 --batch_size 64 --use_also 1 --also_grouping_mode student_id --also_pi_lr 1e-3 --also_pi_decay 1e-2 --save_dir saved_model/akt_also_full_20260713_225853_42622/s1_pilr1e3_bs64
42633 python -m examples.wandb_akt_train --dataset_name assist2009 --model_name akt --emb_type qid --seed 42 --fold 0 --dropout 0.2 --d_model 256 --learning_rate 1e-4 --num_epochs 100 --use_wandb 0 --add_uuid 0 --use_trained 0 --batch_size 64 --use_also 1 --also_grouping_mode student_id --also_pi_lr 3e-5 --also_pi_decay 1e-2 --save_dir saved_model/akt_also_full_20260713_225853_42622/s1_pilr3e5_bs64

[logs/akt_student_also_v2/baseline_bs64.log]
✅ Training Finished! Total Time Cost: 792.54 s
Traceback (most recent call last):
Traceback (most recent call last):

[logs/akt_student_also_v2/baseline_bs64_recheck_20260713_230900.log]

[logs/akt_student_also_v2/baseline_bs64_recheck_20260713_231000.log]
    "student_stats_mean": 0.6284802629519268,
    "student_stats_std": 0.20137414616859872,
    "student_stats_range": 1.0,

[logs/akt_student_also_v2/runner.log]

[logs/akt_also_full_20260713_225853_42622/s1_pilr1e3_bs64.log]
Epoch: 10, validauc: 0.8047, validacc: 0.7659, best epoch: 10, best auc: 0.8047, train loss: 16.069263942585795, emb_type: qid, model: akt, save_dir: saved_model/akt_also_full_20260713_225853_42622/s1_pilr1e3_bs64/assist2009_akt_qid_saved_model/akt_also_full_20260713_225853_42622/s1_pilr1e3_bs64_42_0_0.2_256_512_8_4_0.0001_64_100_0_0_1_student_id_None_optimistic_1.0_None_None_0.001_0.01_None_0
Epoch: 11, validauc: 0.8061, validacc: 0.7664, best epoch: 11, best auc: 0.8061, train loss: 16.02532188974315, emb_type: qid, model: akt, save_dir: saved_model/akt_also_full_20260713_225853_42622/s1_pilr1e3_bs64/assist2009_akt_qid_saved_model/akt_also_full_20260713_225853_42622/s1_pilr1e3_bs64_42_0_0.2_256_512_8_4_0.0001_64_100_0_0_1_student_id_None_optimistic_1.0_None_None_0.001_0.01_None_0
Epoch: 12, validauc: 0.8061, validacc: 0.7664, best epoch: 11, best auc: 0.8061, train loss: 15.978057803154206, emb_type: qid, model: akt, save_dir: saved_model/akt_also_full_20260713_225853_42622/s1_pilr1e3_bs64/assist2009_akt_qid_saved_model/akt_also_full_20260713_225853_42622/s1_pilr1e3_bs64_42_0_0.2_256_512_8_4_0.0001_64_100_0_0_1_student_id_None_optimistic_1.0_None_None_0.001_0.01_None_0

[logs/akt_also_full_20260713_225853_42622/s1_pilr3e5_bs64.log]
Epoch: 10, validauc: 0.8049, validacc: 0.7661, best epoch: 10, best auc: 0.8049, train loss: 16.061871098749695, emb_type: qid, model: akt, save_dir: saved_model/akt_also_full_20260713_225853_42622/s1_pilr3e5_bs64/assist2009_akt_qid_saved_model/akt_also_full_20260713_225853_42622/s1_pilr3e5_bs64_42_0_0.2_256_512_8_4_0.0001_64_100_0_0_1_student_id_None_optimistic_1.0_None_None_3e-05_0.01_None_0
Epoch: 11, validauc: 0.8062, validacc: 0.7667, best epoch: 11, best auc: 0.8062, train loss: 16.02026140944412, emb_type: qid, model: akt, save_dir: saved_model/akt_also_full_20260713_225853_42622/s1_pilr3e5_bs64/assist2009_akt_qid_saved_model/akt_also_full_20260713_225853_42622/s1_pilr3e5_bs64_42_0_0.2_256_512_8_4_0.0001_64_100_0_0_1_student_id_None_optimistic_1.0_None_None_3e-05_0.01_None_0
Epoch: 12, validauc: 0.8062, validacc: 0.7667, best epoch: 11, best auc: 0.8062, train loss: 15.972893233511273, emb_type: qid, model: akt, save_dir: saved_model/akt_also_full_20260713_225853_42622/s1_pilr3e5_bs64/assist2009_akt_qid_saved_model/akt_also_full_20260713_225853_42622/s1_pilr3e5_bs64_42_0_0.2_256_512_8_4_0.0001_64_100_0_0_1_student_id_None_optimistic_1.0_None_None_3e-05_0.01_None_0

[logs/akt_also_full_20260713_225853_42622/scheduler.log]

===== 2026-07-13 23:24:52 =====
0, 4 %, 19286 MiB, 32607 MiB, 102.48 W
42622 bash scripts/run_akt_also_full_ablation.sh
42628 bash scripts/run_akt_also_full_ablation.sh
42629 bash scripts/run_akt_also_full_ablation.sh
42632 python -m examples.wandb_akt_train --dataset_name assist2009 --model_name akt --emb_type qid --seed 42 --fold 0 --dropout 0.2 --d_model 256 --learning_rate 1e-4 --num_epochs 100 --use_wandb 0 --add_uuid 0 --use_trained 0 --batch_size 64 --use_also 1 --also_grouping_mode student_id --also_pi_lr 1e-3 --also_pi_decay 1e-2 --save_dir saved_model/akt_also_full_20260713_225853_42622/s1_pilr1e3_bs64
42633 python -m examples.wandb_akt_train --dataset_name assist2009 --model_name akt --emb_type qid --seed 42 --fold 0 --dropout 0.2 --d_model 256 --learning_rate 1e-4 --num_epochs 100 --use_wandb 0 --add_uuid 0 --use_trained 0 --batch_size 64 --use_also 1 --also_grouping_mode student_id --also_pi_lr 3e-5 --also_pi_decay 1e-2 --save_dir saved_model/akt_also_full_20260713_225853_42622/s1_pilr3e5_bs64

[logs/akt_student_also_v2/baseline_bs64.log]
✅ Training Finished! Total Time Cost: 792.54 s
Traceback (most recent call last):
Traceback (most recent call last):

[logs/akt_student_also_v2/baseline_bs64_recheck_20260713_230900.log]

[logs/akt_student_also_v2/baseline_bs64_recheck_20260713_231000.log]
    "student_stats_mean": 0.6284802629519268,
    "student_stats_std": 0.20137414616859872,
    "student_stats_range": 1.0,

[logs/akt_student_also_v2/runner.log]

[logs/akt_also_full_20260713_225853_42622/s1_pilr1e3_bs64.log]
Epoch: 11, validauc: 0.8061, validacc: 0.7664, best epoch: 11, best auc: 0.8061, train loss: 16.02532188974315, emb_type: qid, model: akt, save_dir: saved_model/akt_also_full_20260713_225853_42622/s1_pilr1e3_bs64/assist2009_akt_qid_saved_model/akt_also_full_20260713_225853_42622/s1_pilr1e3_bs64_42_0_0.2_256_512_8_4_0.0001_64_100_0_0_1_student_id_None_optimistic_1.0_None_None_0.001_0.01_None_0
Epoch: 12, validauc: 0.8061, validacc: 0.7664, best epoch: 11, best auc: 0.8061, train loss: 15.978057803154206, emb_type: qid, model: akt, save_dir: saved_model/akt_also_full_20260713_225853_42622/s1_pilr1e3_bs64/assist2009_akt_qid_saved_model/akt_also_full_20260713_225853_42622/s1_pilr1e3_bs64_42_0_0.2_256_512_8_4_0.0001_64_100_0_0_1_student_id_None_optimistic_1.0_None_None_0.001_0.01_None_0
Epoch: 13, validauc: 0.8071, validacc: 0.7672, best epoch: 13, best auc: 0.8071, train loss: 15.93400509038002, emb_type: qid, model: akt, save_dir: saved_model/akt_also_full_20260713_225853_42622/s1_pilr1e3_bs64/assist2009_akt_qid_saved_model/akt_also_full_20260713_225853_42622/s1_pilr1e3_bs64_42_0_0.2_256_512_8_4_0.0001_64_100_0_0_1_student_id_None_optimistic_1.0_None_None_0.001_0.01_None_0

[logs/akt_also_full_20260713_225853_42622/s1_pilr3e5_bs64.log]
Epoch: 11, validauc: 0.8062, validacc: 0.7667, best epoch: 11, best auc: 0.8062, train loss: 16.02026140944412, emb_type: qid, model: akt, save_dir: saved_model/akt_also_full_20260713_225853_42622/s1_pilr3e5_bs64/assist2009_akt_qid_saved_model/akt_also_full_20260713_225853_42622/s1_pilr3e5_bs64_42_0_0.2_256_512_8_4_0.0001_64_100_0_0_1_student_id_None_optimistic_1.0_None_None_3e-05_0.01_None_0
Epoch: 12, validauc: 0.8062, validacc: 0.7667, best epoch: 11, best auc: 0.8062, train loss: 15.972893233511273, emb_type: qid, model: akt, save_dir: saved_model/akt_also_full_20260713_225853_42622/s1_pilr3e5_bs64/assist2009_akt_qid_saved_model/akt_also_full_20260713_225853_42622/s1_pilr3e5_bs64_42_0_0.2_256_512_8_4_0.0001_64_100_0_0_1_student_id_None_optimistic_1.0_None_None_3e-05_0.01_None_0
Epoch: 13, validauc: 0.8074, validacc: 0.7673, best epoch: 13, best auc: 0.8074, train loss: 15.924980762560027, emb_type: qid, model: akt, save_dir: saved_model/akt_also_full_20260713_225853_42622/s1_pilr3e5_bs64/assist2009_akt_qid_saved_model/akt_also_full_20260713_225853_42622/s1_pilr3e5_bs64_42_0_0.2_256_512_8_4_0.0001_64_100_0_0_1_student_id_None_optimistic_1.0_None_None_3e-05_0.01_None_0

[logs/akt_also_full_20260713_225853_42622/scheduler.log]

===== 2026-07-13 23:25:53 =====
0, 4 %, 19286 MiB, 32607 MiB, 79.50 W
42622 bash scripts/run_akt_also_full_ablation.sh
42628 bash scripts/run_akt_also_full_ablation.sh
42629 bash scripts/run_akt_also_full_ablation.sh
42632 python -m examples.wandb_akt_train --dataset_name assist2009 --model_name akt --emb_type qid --seed 42 --fold 0 --dropout 0.2 --d_model 256 --learning_rate 1e-4 --num_epochs 100 --use_wandb 0 --add_uuid 0 --use_trained 0 --batch_size 64 --use_also 1 --also_grouping_mode student_id --also_pi_lr 1e-3 --also_pi_decay 1e-2 --save_dir saved_model/akt_also_full_20260713_225853_42622/s1_pilr1e3_bs64
42633 python -m examples.wandb_akt_train --dataset_name assist2009 --model_name akt --emb_type qid --seed 42 --fold 0 --dropout 0.2 --d_model 256 --learning_rate 1e-4 --num_epochs 100 --use_wandb 0 --add_uuid 0 --use_trained 0 --batch_size 64 --use_also 1 --also_grouping_mode student_id --also_pi_lr 3e-5 --also_pi_decay 1e-2 --save_dir saved_model/akt_also_full_20260713_225853_42622/s1_pilr3e5_bs64

[logs/akt_student_also_v2/baseline_bs64.log]
✅ Training Finished! Total Time Cost: 792.54 s
Traceback (most recent call last):
Traceback (most recent call last):

[logs/akt_student_also_v2/baseline_bs64_recheck_20260713_230900.log]

[logs/akt_student_also_v2/baseline_bs64_recheck_20260713_231000.log]
    "student_stats_mean": 0.6284802629519268,
    "student_stats_std": 0.20137414616859872,
    "student_stats_range": 1.0,

[logs/akt_student_also_v2/runner.log]

[logs/akt_also_full_20260713_225853_42622/s1_pilr1e3_bs64.log]
Epoch: 11, validauc: 0.8061, validacc: 0.7664, best epoch: 11, best auc: 0.8061, train loss: 16.02532188974315, emb_type: qid, model: akt, save_dir: saved_model/akt_also_full_20260713_225853_42622/s1_pilr1e3_bs64/assist2009_akt_qid_saved_model/akt_also_full_20260713_225853_42622/s1_pilr1e3_bs64_42_0_0.2_256_512_8_4_0.0001_64_100_0_0_1_student_id_None_optimistic_1.0_None_None_0.001_0.01_None_0
Epoch: 12, validauc: 0.8061, validacc: 0.7664, best epoch: 11, best auc: 0.8061, train loss: 15.978057803154206, emb_type: qid, model: akt, save_dir: saved_model/akt_also_full_20260713_225853_42622/s1_pilr1e3_bs64/assist2009_akt_qid_saved_model/akt_also_full_20260713_225853_42622/s1_pilr1e3_bs64_42_0_0.2_256_512_8_4_0.0001_64_100_0_0_1_student_id_None_optimistic_1.0_None_None_0.001_0.01_None_0
Epoch: 13, validauc: 0.8071, validacc: 0.7672, best epoch: 13, best auc: 0.8071, train loss: 15.93400509038002, emb_type: qid, model: akt, save_dir: saved_model/akt_also_full_20260713_225853_42622/s1_pilr1e3_bs64/assist2009_akt_qid_saved_model/akt_also_full_20260713_225853_42622/s1_pilr1e3_bs64_42_0_0.2_256_512_8_4_0.0001_64_100_0_0_1_student_id_None_optimistic_1.0_None_None_0.001_0.01_None_0

[logs/akt_also_full_20260713_225853_42622/s1_pilr3e5_bs64.log]
Epoch: 11, validauc: 0.8062, validacc: 0.7667, best epoch: 11, best auc: 0.8062, train loss: 16.02026140944412, emb_type: qid, model: akt, save_dir: saved_model/akt_also_full_20260713_225853_42622/s1_pilr3e5_bs64/assist2009_akt_qid_saved_model/akt_also_full_20260713_225853_42622/s1_pilr3e5_bs64_42_0_0.2_256_512_8_4_0.0001_64_100_0_0_1_student_id_None_optimistic_1.0_None_None_3e-05_0.01_None_0
Epoch: 12, validauc: 0.8062, validacc: 0.7667, best epoch: 11, best auc: 0.8062, train loss: 15.972893233511273, emb_type: qid, model: akt, save_dir: saved_model/akt_also_full_20260713_225853_42622/s1_pilr3e5_bs64/assist2009_akt_qid_saved_model/akt_also_full_20260713_225853_42622/s1_pilr3e5_bs64_42_0_0.2_256_512_8_4_0.0001_64_100_0_0_1_student_id_None_optimistic_1.0_None_None_3e-05_0.01_None_0
Epoch: 13, validauc: 0.8074, validacc: 0.7673, best epoch: 13, best auc: 0.8074, train loss: 15.924980762560027, emb_type: qid, model: akt, save_dir: saved_model/akt_also_full_20260713_225853_42622/s1_pilr3e5_bs64/assist2009_akt_qid_saved_model/akt_also_full_20260713_225853_42622/s1_pilr3e5_bs64_42_0_0.2_256_512_8_4_0.0001_64_100_0_0_1_student_id_None_optimistic_1.0_None_None_3e-05_0.01_None_0

[logs/akt_also_full_20260713_225853_42622/scheduler.log]

===== 2026-07-13 23:26:53 =====
0, 23 %, 19286 MiB, 32607 MiB, 108.62 W
42622 bash scripts/run_akt_also_full_ablation.sh
42628 bash scripts/run_akt_also_full_ablation.sh
42629 bash scripts/run_akt_also_full_ablation.sh
42632 python -m examples.wandb_akt_train --dataset_name assist2009 --model_name akt --emb_type qid --seed 42 --fold 0 --dropout 0.2 --d_model 256 --learning_rate 1e-4 --num_epochs 100 --use_wandb 0 --add_uuid 0 --use_trained 0 --batch_size 64 --use_also 1 --also_grouping_mode student_id --also_pi_lr 1e-3 --also_pi_decay 1e-2 --save_dir saved_model/akt_also_full_20260713_225853_42622/s1_pilr1e3_bs64
42633 python -m examples.wandb_akt_train --dataset_name assist2009 --model_name akt --emb_type qid --seed 42 --fold 0 --dropout 0.2 --d_model 256 --learning_rate 1e-4 --num_epochs 100 --use_wandb 0 --add_uuid 0 --use_trained 0 --batch_size 64 --use_also 1 --also_grouping_mode student_id --also_pi_lr 3e-5 --also_pi_decay 1e-2 --save_dir saved_model/akt_also_full_20260713_225853_42622/s1_pilr3e5_bs64

[logs/akt_student_also_v2/baseline_bs64.log]
✅ Training Finished! Total Time Cost: 792.54 s
Traceback (most recent call last):
Traceback (most recent call last):

[logs/akt_student_also_v2/baseline_bs64_recheck_20260713_230900.log]

[logs/akt_student_also_v2/baseline_bs64_recheck_20260713_231000.log]
    "student_stats_mean": 0.6284802629519268,
    "student_stats_std": 0.20137414616859872,
    "student_stats_range": 1.0,

[logs/akt_student_also_v2/runner.log]

[logs/akt_also_full_20260713_225853_42622/s1_pilr1e3_bs64.log]
Epoch: 12, validauc: 0.8061, validacc: 0.7664, best epoch: 11, best auc: 0.8061, train loss: 15.978057803154206, emb_type: qid, model: akt, save_dir: saved_model/akt_also_full_20260713_225853_42622/s1_pilr1e3_bs64/assist2009_akt_qid_saved_model/akt_also_full_20260713_225853_42622/s1_pilr1e3_bs64_42_0_0.2_256_512_8_4_0.0001_64_100_0_0_1_student_id_None_optimistic_1.0_None_None_0.001_0.01_None_0
Epoch: 13, validauc: 0.8071, validacc: 0.7672, best epoch: 13, best auc: 0.8071, train loss: 15.93400509038002, emb_type: qid, model: akt, save_dir: saved_model/akt_also_full_20260713_225853_42622/s1_pilr1e3_bs64/assist2009_akt_qid_saved_model/akt_also_full_20260713_225853_42622/s1_pilr1e3_bs64_42_0_0.2_256_512_8_4_0.0001_64_100_0_0_1_student_id_None_optimistic_1.0_None_None_0.001_0.01_None_0
Epoch: 14, validauc: 0.8071, validacc: 0.7672, best epoch: 13, best auc: 0.8071, train loss: 15.872925757388382, emb_type: qid, model: akt, save_dir: saved_model/akt_also_full_20260713_225853_42622/s1_pilr1e3_bs64/assist2009_akt_qid_saved_model/akt_also_full_20260713_225853_42622/s1_pilr1e3_bs64_42_0_0.2_256_512_8_4_0.0001_64_100_0_0_1_student_id_None_optimistic_1.0_None_None_0.001_0.01_None_0

[logs/akt_also_full_20260713_225853_42622/s1_pilr3e5_bs64.log]
Epoch: 12, validauc: 0.8062, validacc: 0.7667, best epoch: 11, best auc: 0.8062, train loss: 15.972893233511273, emb_type: qid, model: akt, save_dir: saved_model/akt_also_full_20260713_225853_42622/s1_pilr3e5_bs64/assist2009_akt_qid_saved_model/akt_also_full_20260713_225853_42622/s1_pilr3e5_bs64_42_0_0.2_256_512_8_4_0.0001_64_100_0_0_1_student_id_None_optimistic_1.0_None_None_3e-05_0.01_None_0
Epoch: 13, validauc: 0.8074, validacc: 0.7673, best epoch: 13, best auc: 0.8074, train loss: 15.924980762560027, emb_type: qid, model: akt, save_dir: saved_model/akt_also_full_20260713_225853_42622/s1_pilr3e5_bs64/assist2009_akt_qid_saved_model/akt_also_full_20260713_225853_42622/s1_pilr3e5_bs64_42_0_0.2_256_512_8_4_0.0001_64_100_0_0_1_student_id_None_optimistic_1.0_None_None_3e-05_0.01_None_0
Epoch: 14, validauc: 0.8074, validacc: 0.7673, best epoch: 13, best auc: 0.8074, train loss: 15.865409344239547, emb_type: qid, model: akt, save_dir: saved_model/akt_also_full_20260713_225853_42622/s1_pilr3e5_bs64/assist2009_akt_qid_saved_model/akt_also_full_20260713_225853_42622/s1_pilr3e5_bs64_42_0_0.2_256_512_8_4_0.0001_64_100_0_0_1_student_id_None_optimistic_1.0_None_None_3e-05_0.01_None_0

[logs/akt_also_full_20260713_225853_42622/scheduler.log]

===== 2026-07-13 23:27:54 =====
0, 6 %, 19286 MiB, 32607 MiB, 123.36 W
42622 bash scripts/run_akt_also_full_ablation.sh
42628 bash scripts/run_akt_also_full_ablation.sh
42629 bash scripts/run_akt_also_full_ablation.sh
42632 python -m examples.wandb_akt_train --dataset_name assist2009 --model_name akt --emb_type qid --seed 42 --fold 0 --dropout 0.2 --d_model 256 --learning_rate 1e-4 --num_epochs 100 --use_wandb 0 --add_uuid 0 --use_trained 0 --batch_size 64 --use_also 1 --also_grouping_mode student_id --also_pi_lr 1e-3 --also_pi_decay 1e-2 --save_dir saved_model/akt_also_full_20260713_225853_42622/s1_pilr1e3_bs64
42633 python -m examples.wandb_akt_train --dataset_name assist2009 --model_name akt --emb_type qid --seed 42 --fold 0 --dropout 0.2 --d_model 256 --learning_rate 1e-4 --num_epochs 100 --use_wandb 0 --add_uuid 0 --use_trained 0 --batch_size 64 --use_also 1 --also_grouping_mode student_id --also_pi_lr 3e-5 --also_pi_decay 1e-2 --save_dir saved_model/akt_also_full_20260713_225853_42622/s1_pilr3e5_bs64

[logs/akt_student_also_v2/baseline_bs64.log]
✅ Training Finished! Total Time Cost: 792.54 s
Traceback (most recent call last):
Traceback (most recent call last):

[logs/akt_student_also_v2/baseline_bs64_recheck_20260713_230900.log]

[logs/akt_student_also_v2/baseline_bs64_recheck_20260713_231000.log]
    "student_stats_mean": 0.6284802629519268,
    "student_stats_std": 0.20137414616859872,
    "student_stats_range": 1.0,

[logs/akt_student_also_v2/runner.log]

[logs/akt_also_full_20260713_225853_42622/s1_pilr1e3_bs64.log]
Epoch: 12, validauc: 0.8061, validacc: 0.7664, best epoch: 11, best auc: 0.8061, train loss: 15.978057803154206, emb_type: qid, model: akt, save_dir: saved_model/akt_also_full_20260713_225853_42622/s1_pilr1e3_bs64/assist2009_akt_qid_saved_model/akt_also_full_20260713_225853_42622/s1_pilr1e3_bs64_42_0_0.2_256_512_8_4_0.0001_64_100_0_0_1_student_id_None_optimistic_1.0_None_None_0.001_0.01_None_0
Epoch: 13, validauc: 0.8071, validacc: 0.7672, best epoch: 13, best auc: 0.8071, train loss: 15.93400509038002, emb_type: qid, model: akt, save_dir: saved_model/akt_also_full_20260713_225853_42622/s1_pilr1e3_bs64/assist2009_akt_qid_saved_model/akt_also_full_20260713_225853_42622/s1_pilr1e3_bs64_42_0_0.2_256_512_8_4_0.0001_64_100_0_0_1_student_id_None_optimistic_1.0_None_None_0.001_0.01_None_0
Epoch: 14, validauc: 0.8071, validacc: 0.7672, best epoch: 13, best auc: 0.8071, train loss: 15.872925757388382, emb_type: qid, model: akt, save_dir: saved_model/akt_also_full_20260713_225853_42622/s1_pilr1e3_bs64/assist2009_akt_qid_saved_model/akt_also_full_20260713_225853_42622/s1_pilr1e3_bs64_42_0_0.2_256_512_8_4_0.0001_64_100_0_0_1_student_id_None_optimistic_1.0_None_None_0.001_0.01_None_0

[logs/akt_also_full_20260713_225853_42622/s1_pilr3e5_bs64.log]
Epoch: 13, validauc: 0.8074, validacc: 0.7673, best epoch: 13, best auc: 0.8074, train loss: 15.924980762560027, emb_type: qid, model: akt, save_dir: saved_model/akt_also_full_20260713_225853_42622/s1_pilr3e5_bs64/assist2009_akt_qid_saved_model/akt_also_full_20260713_225853_42622/s1_pilr3e5_bs64_42_0_0.2_256_512_8_4_0.0001_64_100_0_0_1_student_id_None_optimistic_1.0_None_None_3e-05_0.01_None_0
Epoch: 14, validauc: 0.8074, validacc: 0.7673, best epoch: 13, best auc: 0.8074, train loss: 15.865409344239547, emb_type: qid, model: akt, save_dir: saved_model/akt_also_full_20260713_225853_42622/s1_pilr3e5_bs64/assist2009_akt_qid_saved_model/akt_also_full_20260713_225853_42622/s1_pilr3e5_bs64_42_0_0.2_256_512_8_4_0.0001_64_100_0_0_1_student_id_None_optimistic_1.0_None_None_3e-05_0.01_None_0
Epoch: 15, validauc: 0.8074, validacc: 0.7673, best epoch: 13, best auc: 0.8074, train loss: 15.835818253544739, emb_type: qid, model: akt, save_dir: saved_model/akt_also_full_20260713_225853_42622/s1_pilr3e5_bs64/assist2009_akt_qid_saved_model/akt_also_full_20260713_225853_42622/s1_pilr3e5_bs64_42_0_0.2_256_512_8_4_0.0001_64_100_0_0_1_student_id_None_optimistic_1.0_None_None_3e-05_0.01_None_0

[logs/akt_also_full_20260713_225853_42622/scheduler.log]

===== 2026-07-13 23:28:54 =====
0, 6 %, 19286 MiB, 32607 MiB, 117.33 W
42622 bash scripts/run_akt_also_full_ablation.sh
42628 bash scripts/run_akt_also_full_ablation.sh
42629 bash scripts/run_akt_also_full_ablation.sh
42632 python -m examples.wandb_akt_train --dataset_name assist2009 --model_name akt --emb_type qid --seed 42 --fold 0 --dropout 0.2 --d_model 256 --learning_rate 1e-4 --num_epochs 100 --use_wandb 0 --add_uuid 0 --use_trained 0 --batch_size 64 --use_also 1 --also_grouping_mode student_id --also_pi_lr 1e-3 --also_pi_decay 1e-2 --save_dir saved_model/akt_also_full_20260713_225853_42622/s1_pilr1e3_bs64
42633 python -m examples.wandb_akt_train --dataset_name assist2009 --model_name akt --emb_type qid --seed 42 --fold 0 --dropout 0.2 --d_model 256 --learning_rate 1e-4 --num_epochs 100 --use_wandb 0 --add_uuid 0 --use_trained 0 --batch_size 64 --use_also 1 --also_grouping_mode student_id --also_pi_lr 3e-5 --also_pi_decay 1e-2 --save_dir saved_model/akt_also_full_20260713_225853_42622/s1_pilr3e5_bs64

[logs/akt_student_also_v2/baseline_bs64.log]
✅ Training Finished! Total Time Cost: 792.54 s
Traceback (most recent call last):
Traceback (most recent call last):

[logs/akt_student_also_v2/baseline_bs64_recheck_20260713_230900.log]

[logs/akt_student_also_v2/baseline_bs64_recheck_20260713_231000.log]
    "student_stats_mean": 0.6284802629519268,
    "student_stats_std": 0.20137414616859872,
    "student_stats_range": 1.0,

[logs/akt_student_also_v2/runner.log]

[logs/akt_also_full_20260713_225853_42622/s1_pilr1e3_bs64.log]
Epoch: 13, validauc: 0.8071, validacc: 0.7672, best epoch: 13, best auc: 0.8071, train loss: 15.93400509038002, emb_type: qid, model: akt, save_dir: saved_model/akt_also_full_20260713_225853_42622/s1_pilr1e3_bs64/assist2009_akt_qid_saved_model/akt_also_full_20260713_225853_42622/s1_pilr1e3_bs64_42_0_0.2_256_512_8_4_0.0001_64_100_0_0_1_student_id_None_optimistic_1.0_None_None_0.001_0.01_None_0
Epoch: 14, validauc: 0.8071, validacc: 0.7672, best epoch: 13, best auc: 0.8071, train loss: 15.872925757388382, emb_type: qid, model: akt, save_dir: saved_model/akt_also_full_20260713_225853_42622/s1_pilr1e3_bs64/assist2009_akt_qid_saved_model/akt_also_full_20260713_225853_42622/s1_pilr1e3_bs64_42_0_0.2_256_512_8_4_0.0001_64_100_0_0_1_student_id_None_optimistic_1.0_None_None_0.001_0.01_None_0
Epoch: 15, validauc: 0.8071, validacc: 0.7672, best epoch: 13, best auc: 0.8071, train loss: 15.84806391833626, emb_type: qid, model: akt, save_dir: saved_model/akt_also_full_20260713_225853_42622/s1_pilr1e3_bs64/assist2009_akt_qid_saved_model/akt_also_full_20260713_225853_42622/s1_pilr1e3_bs64_42_0_0.2_256_512_8_4_0.0001_64_100_0_0_1_student_id_None_optimistic_1.0_None_None_0.001_0.01_None_0

[logs/akt_also_full_20260713_225853_42622/s1_pilr3e5_bs64.log]
Epoch: 13, validauc: 0.8074, validacc: 0.7673, best epoch: 13, best auc: 0.8074, train loss: 15.924980762560027, emb_type: qid, model: akt, save_dir: saved_model/akt_also_full_20260713_225853_42622/s1_pilr3e5_bs64/assist2009_akt_qid_saved_model/akt_also_full_20260713_225853_42622/s1_pilr3e5_bs64_42_0_0.2_256_512_8_4_0.0001_64_100_0_0_1_student_id_None_optimistic_1.0_None_None_3e-05_0.01_None_0
Epoch: 14, validauc: 0.8074, validacc: 0.7673, best epoch: 13, best auc: 0.8074, train loss: 15.865409344239547, emb_type: qid, model: akt, save_dir: saved_model/akt_also_full_20260713_225853_42622/s1_pilr3e5_bs64/assist2009_akt_qid_saved_model/akt_also_full_20260713_225853_42622/s1_pilr3e5_bs64_42_0_0.2_256_512_8_4_0.0001_64_100_0_0_1_student_id_None_optimistic_1.0_None_None_3e-05_0.01_None_0
Epoch: 15, validauc: 0.8074, validacc: 0.7673, best epoch: 13, best auc: 0.8074, train loss: 15.835818253544739, emb_type: qid, model: akt, save_dir: saved_model/akt_also_full_20260713_225853_42622/s1_pilr3e5_bs64/assist2009_akt_qid_saved_model/akt_also_full_20260713_225853_42622/s1_pilr3e5_bs64_42_0_0.2_256_512_8_4_0.0001_64_100_0_0_1_student_id_None_optimistic_1.0_None_None_3e-05_0.01_None_0

[logs/akt_also_full_20260713_225853_42622/scheduler.log]

===== 2026-07-13 23:29:55 =====
0, 6 %, 19286 MiB, 32607 MiB, 102.96 W
42622 bash scripts/run_akt_also_full_ablation.sh
42628 bash scripts/run_akt_also_full_ablation.sh
42629 bash scripts/run_akt_also_full_ablation.sh
42632 python -m examples.wandb_akt_train --dataset_name assist2009 --model_name akt --emb_type qid --seed 42 --fold 0 --dropout 0.2 --d_model 256 --learning_rate 1e-4 --num_epochs 100 --use_wandb 0 --add_uuid 0 --use_trained 0 --batch_size 64 --use_also 1 --also_grouping_mode student_id --also_pi_lr 1e-3 --also_pi_decay 1e-2 --save_dir saved_model/akt_also_full_20260713_225853_42622/s1_pilr1e3_bs64
42633 python -m examples.wandb_akt_train --dataset_name assist2009 --model_name akt --emb_type qid --seed 42 --fold 0 --dropout 0.2 --d_model 256 --learning_rate 1e-4 --num_epochs 100 --use_wandb 0 --add_uuid 0 --use_trained 0 --batch_size 64 --use_also 1 --also_grouping_mode student_id --also_pi_lr 3e-5 --also_pi_decay 1e-2 --save_dir saved_model/akt_also_full_20260713_225853_42622/s1_pilr3e5_bs64

[logs/akt_student_also_v2/baseline_bs64.log]
✅ Training Finished! Total Time Cost: 792.54 s
Traceback (most recent call last):
Traceback (most recent call last):

[logs/akt_student_also_v2/baseline_bs64_recheck_20260713_230900.log]

[logs/akt_student_also_v2/baseline_bs64_recheck_20260713_231000.log]
    "student_stats_mean": 0.6284802629519268,
    "student_stats_std": 0.20137414616859872,
    "student_stats_range": 1.0,

[logs/akt_student_also_v2/runner.log]

[logs/akt_also_full_20260713_225853_42622/s1_pilr1e3_bs64.log]
Epoch: 13, validauc: 0.8071, validacc: 0.7672, best epoch: 13, best auc: 0.8071, train loss: 15.93400509038002, emb_type: qid, model: akt, save_dir: saved_model/akt_also_full_20260713_225853_42622/s1_pilr1e3_bs64/assist2009_akt_qid_saved_model/akt_also_full_20260713_225853_42622/s1_pilr1e3_bs64_42_0_0.2_256_512_8_4_0.0001_64_100_0_0_1_student_id_None_optimistic_1.0_None_None_0.001_0.01_None_0
Epoch: 14, validauc: 0.8071, validacc: 0.7672, best epoch: 13, best auc: 0.8071, train loss: 15.872925757388382, emb_type: qid, model: akt, save_dir: saved_model/akt_also_full_20260713_225853_42622/s1_pilr1e3_bs64/assist2009_akt_qid_saved_model/akt_also_full_20260713_225853_42622/s1_pilr1e3_bs64_42_0_0.2_256_512_8_4_0.0001_64_100_0_0_1_student_id_None_optimistic_1.0_None_None_0.001_0.01_None_0
Epoch: 15, validauc: 0.8071, validacc: 0.7672, best epoch: 13, best auc: 0.8071, train loss: 15.84806391833626, emb_type: qid, model: akt, save_dir: saved_model/akt_also_full_20260713_225853_42622/s1_pilr1e3_bs64/assist2009_akt_qid_saved_model/akt_also_full_20260713_225853_42622/s1_pilr1e3_bs64_42_0_0.2_256_512_8_4_0.0001_64_100_0_0_1_student_id_None_optimistic_1.0_None_None_0.001_0.01_None_0

[logs/akt_also_full_20260713_225853_42622/s1_pilr3e5_bs64.log]
Epoch: 14, validauc: 0.8074, validacc: 0.7673, best epoch: 13, best auc: 0.8074, train loss: 15.865409344239547, emb_type: qid, model: akt, save_dir: saved_model/akt_also_full_20260713_225853_42622/s1_pilr3e5_bs64/assist2009_akt_qid_saved_model/akt_also_full_20260713_225853_42622/s1_pilr3e5_bs64_42_0_0.2_256_512_8_4_0.0001_64_100_0_0_1_student_id_None_optimistic_1.0_None_None_3e-05_0.01_None_0
Epoch: 15, validauc: 0.8074, validacc: 0.7673, best epoch: 13, best auc: 0.8074, train loss: 15.835818253544739, emb_type: qid, model: akt, save_dir: saved_model/akt_also_full_20260713_225853_42622/s1_pilr3e5_bs64/assist2009_akt_qid_saved_model/akt_also_full_20260713_225853_42622/s1_pilr3e5_bs64_42_0_0.2_256_512_8_4_0.0001_64_100_0_0_1_student_id_None_optimistic_1.0_None_None_3e-05_0.01_None_0
Epoch: 16, validauc: 0.8088, validacc: 0.7675, best epoch: 16, best auc: 0.8088, train loss: 15.822132014089535, emb_type: qid, model: akt, save_dir: saved_model/akt_also_full_20260713_225853_42622/s1_pilr3e5_bs64/assist2009_akt_qid_saved_model/akt_also_full_20260713_225853_42622/s1_pilr3e5_bs64_42_0_0.2_256_512_8_4_0.0001_64_100_0_0_1_student_id_None_optimistic_1.0_None_None_3e-05_0.01_None_0

[logs/akt_also_full_20260713_225853_42622/scheduler.log]

===== 2026-07-13 23:30:55 =====
0, 3 %, 19286 MiB, 32607 MiB, 100.18 W
42622 bash scripts/run_akt_also_full_ablation.sh
42628 bash scripts/run_akt_also_full_ablation.sh
42629 bash scripts/run_akt_also_full_ablation.sh
42632 python -m examples.wandb_akt_train --dataset_name assist2009 --model_name akt --emb_type qid --seed 42 --fold 0 --dropout 0.2 --d_model 256 --learning_rate 1e-4 --num_epochs 100 --use_wandb 0 --add_uuid 0 --use_trained 0 --batch_size 64 --use_also 1 --also_grouping_mode student_id --also_pi_lr 1e-3 --also_pi_decay 1e-2 --save_dir saved_model/akt_also_full_20260713_225853_42622/s1_pilr1e3_bs64
42633 python -m examples.wandb_akt_train --dataset_name assist2009 --model_name akt --emb_type qid --seed 42 --fold 0 --dropout 0.2 --d_model 256 --learning_rate 1e-4 --num_epochs 100 --use_wandb 0 --add_uuid 0 --use_trained 0 --batch_size 64 --use_also 1 --also_grouping_mode student_id --also_pi_lr 3e-5 --also_pi_decay 1e-2 --save_dir saved_model/akt_also_full_20260713_225853_42622/s1_pilr3e5_bs64

[logs/akt_student_also_v2/baseline_bs64.log]
✅ Training Finished! Total Time Cost: 792.54 s
Traceback (most recent call last):
Traceback (most recent call last):

[logs/akt_student_also_v2/baseline_bs64_recheck_20260713_230900.log]

[logs/akt_student_also_v2/baseline_bs64_recheck_20260713_231000.log]
    "student_stats_mean": 0.6284802629519268,
    "student_stats_std": 0.20137414616859872,
    "student_stats_range": 1.0,

[logs/akt_student_also_v2/runner.log]

[logs/akt_also_full_20260713_225853_42622/s1_pilr1e3_bs64.log]
Epoch: 14, validauc: 0.8071, validacc: 0.7672, best epoch: 13, best auc: 0.8071, train loss: 15.872925757388382, emb_type: qid, model: akt, save_dir: saved_model/akt_also_full_20260713_225853_42622/s1_pilr1e3_bs64/assist2009_akt_qid_saved_model/akt_also_full_20260713_225853_42622/s1_pilr1e3_bs64_42_0_0.2_256_512_8_4_0.0001_64_100_0_0_1_student_id_None_optimistic_1.0_None_None_0.001_0.01_None_0
Epoch: 15, validauc: 0.8071, validacc: 0.7672, best epoch: 13, best auc: 0.8071, train loss: 15.84806391833626, emb_type: qid, model: akt, save_dir: saved_model/akt_also_full_20260713_225853_42622/s1_pilr1e3_bs64/assist2009_akt_qid_saved_model/akt_also_full_20260713_225853_42622/s1_pilr1e3_bs64_42_0_0.2_256_512_8_4_0.0001_64_100_0_0_1_student_id_None_optimistic_1.0_None_None_0.001_0.01_None_0
Epoch: 16, validauc: 0.8085, validacc: 0.7669, best epoch: 16, best auc: 0.8085, train loss: 15.833991645079665, emb_type: qid, model: akt, save_dir: saved_model/akt_also_full_20260713_225853_42622/s1_pilr1e3_bs64/assist2009_akt_qid_saved_model/akt_also_full_20260713_225853_42622/s1_pilr1e3_bs64_42_0_0.2_256_512_8_4_0.0001_64_100_0_0_1_student_id_None_optimistic_1.0_None_None_0.001_0.01_None_0

[logs/akt_also_full_20260713_225853_42622/s1_pilr3e5_bs64.log]
Epoch: 14, validauc: 0.8074, validacc: 0.7673, best epoch: 13, best auc: 0.8074, train loss: 15.865409344239547, emb_type: qid, model: akt, save_dir: saved_model/akt_also_full_20260713_225853_42622/s1_pilr3e5_bs64/assist2009_akt_qid_saved_model/akt_also_full_20260713_225853_42622/s1_pilr3e5_bs64_42_0_0.2_256_512_8_4_0.0001_64_100_0_0_1_student_id_None_optimistic_1.0_None_None_3e-05_0.01_None_0
Epoch: 15, validauc: 0.8074, validacc: 0.7673, best epoch: 13, best auc: 0.8074, train loss: 15.835818253544739, emb_type: qid, model: akt, save_dir: saved_model/akt_also_full_20260713_225853_42622/s1_pilr3e5_bs64/assist2009_akt_qid_saved_model/akt_also_full_20260713_225853_42622/s1_pilr3e5_bs64_42_0_0.2_256_512_8_4_0.0001_64_100_0_0_1_student_id_None_optimistic_1.0_None_None_3e-05_0.01_None_0
Epoch: 16, validauc: 0.8088, validacc: 0.7675, best epoch: 16, best auc: 0.8088, train loss: 15.822132014089535, emb_type: qid, model: akt, save_dir: saved_model/akt_also_full_20260713_225853_42622/s1_pilr3e5_bs64/assist2009_akt_qid_saved_model/akt_also_full_20260713_225853_42622/s1_pilr3e5_bs64_42_0_0.2_256_512_8_4_0.0001_64_100_0_0_1_student_id_None_optimistic_1.0_None_None_3e-05_0.01_None_0

[logs/akt_also_full_20260713_225853_42622/scheduler.log]

===== 2026-07-13 23:31:55 =====
0, 3 %, 19286 MiB, 32607 MiB, 89.47 W
42622 bash scripts/run_akt_also_full_ablation.sh
42628 bash scripts/run_akt_also_full_ablation.sh
42629 bash scripts/run_akt_also_full_ablation.sh
42632 python -m examples.wandb_akt_train --dataset_name assist2009 --model_name akt --emb_type qid --seed 42 --fold 0 --dropout 0.2 --d_model 256 --learning_rate 1e-4 --num_epochs 100 --use_wandb 0 --add_uuid 0 --use_trained 0 --batch_size 64 --use_also 1 --also_grouping_mode student_id --also_pi_lr 1e-3 --also_pi_decay 1e-2 --save_dir saved_model/akt_also_full_20260713_225853_42622/s1_pilr1e3_bs64
42633 python -m examples.wandb_akt_train --dataset_name assist2009 --model_name akt --emb_type qid --seed 42 --fold 0 --dropout 0.2 --d_model 256 --learning_rate 1e-4 --num_epochs 100 --use_wandb 0 --add_uuid 0 --use_trained 0 --batch_size 64 --use_also 1 --also_grouping_mode student_id --also_pi_lr 3e-5 --also_pi_decay 1e-2 --save_dir saved_model/akt_also_full_20260713_225853_42622/s1_pilr3e5_bs64

[logs/akt_student_also_v2/baseline_bs64.log]
✅ Training Finished! Total Time Cost: 792.54 s
Traceback (most recent call last):
Traceback (most recent call last):

[logs/akt_student_also_v2/baseline_bs64_recheck_20260713_230900.log]

[logs/akt_student_also_v2/baseline_bs64_recheck_20260713_231000.log]
    "student_stats_mean": 0.6284802629519268,
    "student_stats_std": 0.20137414616859872,
    "student_stats_range": 1.0,

[logs/akt_student_also_v2/runner.log]

[logs/akt_also_full_20260713_225853_42622/s1_pilr1e3_bs64.log]
Epoch: 14, validauc: 0.8071, validacc: 0.7672, best epoch: 13, best auc: 0.8071, train loss: 15.872925757388382, emb_type: qid, model: akt, save_dir: saved_model/akt_also_full_20260713_225853_42622/s1_pilr1e3_bs64/assist2009_akt_qid_saved_model/akt_also_full_20260713_225853_42622/s1_pilr1e3_bs64_42_0_0.2_256_512_8_4_0.0001_64_100_0_0_1_student_id_None_optimistic_1.0_None_None_0.001_0.01_None_0
Epoch: 15, validauc: 0.8071, validacc: 0.7672, best epoch: 13, best auc: 0.8071, train loss: 15.84806391833626, emb_type: qid, model: akt, save_dir: saved_model/akt_also_full_20260713_225853_42622/s1_pilr1e3_bs64/assist2009_akt_qid_saved_model/akt_also_full_20260713_225853_42622/s1_pilr1e3_bs64_42_0_0.2_256_512_8_4_0.0001_64_100_0_0_1_student_id_None_optimistic_1.0_None_None_0.001_0.01_None_0
Epoch: 16, validauc: 0.8085, validacc: 0.7669, best epoch: 16, best auc: 0.8085, train loss: 15.833991645079665, emb_type: qid, model: akt, save_dir: saved_model/akt_also_full_20260713_225853_42622/s1_pilr1e3_bs64/assist2009_akt_qid_saved_model/akt_also_full_20260713_225853_42622/s1_pilr1e3_bs64_42_0_0.2_256_512_8_4_0.0001_64_100_0_0_1_student_id_None_optimistic_1.0_None_None_0.001_0.01_None_0

[logs/akt_also_full_20260713_225853_42622/s1_pilr3e5_bs64.log]
Epoch: 15, validauc: 0.8074, validacc: 0.7673, best epoch: 13, best auc: 0.8074, train loss: 15.835818253544739, emb_type: qid, model: akt, save_dir: saved_model/akt_also_full_20260713_225853_42622/s1_pilr3e5_bs64/assist2009_akt_qid_saved_model/akt_also_full_20260713_225853_42622/s1_pilr3e5_bs64_42_0_0.2_256_512_8_4_0.0001_64_100_0_0_1_student_id_None_optimistic_1.0_None_None_3e-05_0.01_None_0
Epoch: 16, validauc: 0.8088, validacc: 0.7675, best epoch: 16, best auc: 0.8088, train loss: 15.822132014089535, emb_type: qid, model: akt, save_dir: saved_model/akt_also_full_20260713_225853_42622/s1_pilr3e5_bs64/assist2009_akt_qid_saved_model/akt_also_full_20260713_225853_42622/s1_pilr3e5_bs64_42_0_0.2_256_512_8_4_0.0001_64_100_0_0_1_student_id_None_optimistic_1.0_None_None_3e-05_0.01_None_0
Epoch: 17, validauc: 0.8088, validacc: 0.7675, best epoch: 16, best auc: 0.8088, train loss: 15.776356470090482, emb_type: qid, model: akt, save_dir: saved_model/akt_also_full_20260713_225853_42622/s1_pilr3e5_bs64/assist2009_akt_qid_saved_model/akt_also_full_20260713_225853_42622/s1_pilr3e5_bs64_42_0_0.2_256_512_8_4_0.0001_64_100_0_0_1_student_id_None_optimistic_1.0_None_None_3e-05_0.01_None_0

[logs/akt_also_full_20260713_225853_42622/scheduler.log]

===== 2026-07-13 23:32:56 =====
0, 6 %, 19286 MiB, 32607 MiB, 107.48 W
42622 bash scripts/run_akt_also_full_ablation.sh
42628 bash scripts/run_akt_also_full_ablation.sh
42629 bash scripts/run_akt_also_full_ablation.sh
42632 python -m examples.wandb_akt_train --dataset_name assist2009 --model_name akt --emb_type qid --seed 42 --fold 0 --dropout 0.2 --d_model 256 --learning_rate 1e-4 --num_epochs 100 --use_wandb 0 --add_uuid 0 --use_trained 0 --batch_size 64 --use_also 1 --also_grouping_mode student_id --also_pi_lr 1e-3 --also_pi_decay 1e-2 --save_dir saved_model/akt_also_full_20260713_225853_42622/s1_pilr1e3_bs64
42633 python -m examples.wandb_akt_train --dataset_name assist2009 --model_name akt --emb_type qid --seed 42 --fold 0 --dropout 0.2 --d_model 256 --learning_rate 1e-4 --num_epochs 100 --use_wandb 0 --add_uuid 0 --use_trained 0 --batch_size 64 --use_also 1 --also_grouping_mode student_id --also_pi_lr 3e-5 --also_pi_decay 1e-2 --save_dir saved_model/akt_also_full_20260713_225853_42622/s1_pilr3e5_bs64

[logs/akt_student_also_v2/baseline_bs64.log]
✅ Training Finished! Total Time Cost: 792.54 s
Traceback (most recent call last):
Traceback (most recent call last):

[logs/akt_student_also_v2/baseline_bs64_recheck_20260713_230900.log]

[logs/akt_student_also_v2/baseline_bs64_recheck_20260713_231000.log]
    "student_stats_mean": 0.6284802629519268,
    "student_stats_std": 0.20137414616859872,
    "student_stats_range": 1.0,

[logs/akt_student_also_v2/runner.log]

[logs/akt_also_full_20260713_225853_42622/s1_pilr1e3_bs64.log]
Epoch: 15, validauc: 0.8071, validacc: 0.7672, best epoch: 13, best auc: 0.8071, train loss: 15.84806391833626, emb_type: qid, model: akt, save_dir: saved_model/akt_also_full_20260713_225853_42622/s1_pilr1e3_bs64/assist2009_akt_qid_saved_model/akt_also_full_20260713_225853_42622/s1_pilr1e3_bs64_42_0_0.2_256_512_8_4_0.0001_64_100_0_0_1_student_id_None_optimistic_1.0_None_None_0.001_0.01_None_0
Epoch: 16, validauc: 0.8085, validacc: 0.7669, best epoch: 16, best auc: 0.8085, train loss: 15.833991645079665, emb_type: qid, model: akt, save_dir: saved_model/akt_also_full_20260713_225853_42622/s1_pilr1e3_bs64/assist2009_akt_qid_saved_model/akt_also_full_20260713_225853_42622/s1_pilr1e3_bs64_42_0_0.2_256_512_8_4_0.0001_64_100_0_0_1_student_id_None_optimistic_1.0_None_None_0.001_0.01_None_0
Epoch: 17, validauc: 0.8085, validacc: 0.7669, best epoch: 16, best auc: 0.8085, train loss: 15.792199795263842, emb_type: qid, model: akt, save_dir: saved_model/akt_also_full_20260713_225853_42622/s1_pilr1e3_bs64/assist2009_akt_qid_saved_model/akt_also_full_20260713_225853_42622/s1_pilr1e3_bs64_42_0_0.2_256_512_8_4_0.0001_64_100_0_0_1_student_id_None_optimistic_1.0_None_None_0.001_0.01_None_0

[logs/akt_also_full_20260713_225853_42622/s1_pilr3e5_bs64.log]
Epoch: 15, validauc: 0.8074, validacc: 0.7673, best epoch: 13, best auc: 0.8074, train loss: 15.835818253544739, emb_type: qid, model: akt, save_dir: saved_model/akt_also_full_20260713_225853_42622/s1_pilr3e5_bs64/assist2009_akt_qid_saved_model/akt_also_full_20260713_225853_42622/s1_pilr3e5_bs64_42_0_0.2_256_512_8_4_0.0001_64_100_0_0_1_student_id_None_optimistic_1.0_None_None_3e-05_0.01_None_0
Epoch: 16, validauc: 0.8088, validacc: 0.7675, best epoch: 16, best auc: 0.8088, train loss: 15.822132014089535, emb_type: qid, model: akt, save_dir: saved_model/akt_also_full_20260713_225853_42622/s1_pilr3e5_bs64/assist2009_akt_qid_saved_model/akt_also_full_20260713_225853_42622/s1_pilr3e5_bs64_42_0_0.2_256_512_8_4_0.0001_64_100_0_0_1_student_id_None_optimistic_1.0_None_None_3e-05_0.01_None_0
Epoch: 17, validauc: 0.8088, validacc: 0.7675, best epoch: 16, best auc: 0.8088, train loss: 15.776356470090482, emb_type: qid, model: akt, save_dir: saved_model/akt_also_full_20260713_225853_42622/s1_pilr3e5_bs64/assist2009_akt_qid_saved_model/akt_also_full_20260713_225853_42622/s1_pilr3e5_bs64_42_0_0.2_256_512_8_4_0.0001_64_100_0_0_1_student_id_None_optimistic_1.0_None_None_3e-05_0.01_None_0

[logs/akt_also_full_20260713_225853_42622/scheduler.log]

===== 2026-07-13 23:33:57 =====
0, 66 %, 19286 MiB, 32607 MiB, 147.42 W
42622 bash scripts/run_akt_also_full_ablation.sh
42628 bash scripts/run_akt_also_full_ablation.sh
42629 bash scripts/run_akt_also_full_ablation.sh
42632 python -m examples.wandb_akt_train --dataset_name assist2009 --model_name akt --emb_type qid --seed 42 --fold 0 --dropout 0.2 --d_model 256 --learning_rate 1e-4 --num_epochs 100 --use_wandb 0 --add_uuid 0 --use_trained 0 --batch_size 64 --use_also 1 --also_grouping_mode student_id --also_pi_lr 1e-3 --also_pi_decay 1e-2 --save_dir saved_model/akt_also_full_20260713_225853_42622/s1_pilr1e3_bs64
42633 python -m examples.wandb_akt_train --dataset_name assist2009 --model_name akt --emb_type qid --seed 42 --fold 0 --dropout 0.2 --d_model 256 --learning_rate 1e-4 --num_epochs 100 --use_wandb 0 --add_uuid 0 --use_trained 0 --batch_size 64 --use_also 1 --also_grouping_mode student_id --also_pi_lr 3e-5 --also_pi_decay 1e-2 --save_dir saved_model/akt_also_full_20260713_225853_42622/s1_pilr3e5_bs64

[logs/akt_student_also_v2/baseline_bs64.log]
✅ Training Finished! Total Time Cost: 792.54 s
Traceback (most recent call last):
Traceback (most recent call last):

[logs/akt_student_also_v2/baseline_bs64_recheck_20260713_230900.log]

[logs/akt_student_also_v2/baseline_bs64_recheck_20260713_231000.log]
    "student_stats_mean": 0.6284802629519268,
    "student_stats_std": 0.20137414616859872,
    "student_stats_range": 1.0,

[logs/akt_student_also_v2/runner.log]

[logs/akt_also_full_20260713_225853_42622/s1_pilr1e3_bs64.log]
Epoch: 16, validauc: 0.8085, validacc: 0.7669, best epoch: 16, best auc: 0.8085, train loss: 15.833991645079665, emb_type: qid, model: akt, save_dir: saved_model/akt_also_full_20260713_225853_42622/s1_pilr1e3_bs64/assist2009_akt_qid_saved_model/akt_also_full_20260713_225853_42622/s1_pilr1e3_bs64_42_0_0.2_256_512_8_4_0.0001_64_100_0_0_1_student_id_None_optimistic_1.0_None_None_0.001_0.01_None_0
Epoch: 17, validauc: 0.8085, validacc: 0.7669, best epoch: 16, best auc: 0.8085, train loss: 15.792199795263842, emb_type: qid, model: akt, save_dir: saved_model/akt_also_full_20260713_225853_42622/s1_pilr1e3_bs64/assist2009_akt_qid_saved_model/akt_also_full_20260713_225853_42622/s1_pilr1e3_bs64_42_0_0.2_256_512_8_4_0.0001_64_100_0_0_1_student_id_None_optimistic_1.0_None_None_0.001_0.01_None_0
Epoch: 18, validauc: 0.8085, validacc: 0.7669, best epoch: 16, best auc: 0.8085, train loss: 15.746286106444439, emb_type: qid, model: akt, save_dir: saved_model/akt_also_full_20260713_225853_42622/s1_pilr1e3_bs64/assist2009_akt_qid_saved_model/akt_also_full_20260713_225853_42622/s1_pilr1e3_bs64_42_0_0.2_256_512_8_4_0.0001_64_100_0_0_1_student_id_None_optimistic_1.0_None_None_0.001_0.01_None_0

[logs/akt_also_full_20260713_225853_42622/s1_pilr3e5_bs64.log]
Epoch: 16, validauc: 0.8088, validacc: 0.7675, best epoch: 16, best auc: 0.8088, train loss: 15.822132014089535, emb_type: qid, model: akt, save_dir: saved_model/akt_also_full_20260713_225853_42622/s1_pilr3e5_bs64/assist2009_akt_qid_saved_model/akt_also_full_20260713_225853_42622/s1_pilr3e5_bs64_42_0_0.2_256_512_8_4_0.0001_64_100_0_0_1_student_id_None_optimistic_1.0_None_None_3e-05_0.01_None_0
Epoch: 17, validauc: 0.8088, validacc: 0.7675, best epoch: 16, best auc: 0.8088, train loss: 15.776356470090482, emb_type: qid, model: akt, save_dir: saved_model/akt_also_full_20260713_225853_42622/s1_pilr3e5_bs64/assist2009_akt_qid_saved_model/akt_also_full_20260713_225853_42622/s1_pilr3e5_bs64_42_0_0.2_256_512_8_4_0.0001_64_100_0_0_1_student_id_None_optimistic_1.0_None_None_3e-05_0.01_None_0
Epoch: 18, validauc: 0.8088, validacc: 0.7675, best epoch: 16, best auc: 0.8088, train loss: 15.734249245131565, emb_type: qid, model: akt, save_dir: saved_model/akt_also_full_20260713_225853_42622/s1_pilr3e5_bs64/assist2009_akt_qid_saved_model/akt_also_full_20260713_225853_42622/s1_pilr3e5_bs64_42_0_0.2_256_512_8_4_0.0001_64_100_0_0_1_student_id_None_optimistic_1.0_None_None_3e-05_0.01_None_0

[logs/akt_also_full_20260713_225853_42622/scheduler.log]

===== 2026-07-13 23:34:57 =====
0, 8 %, 19286 MiB, 32607 MiB, 95.52 W
42622 bash scripts/run_akt_also_full_ablation.sh
42628 bash scripts/run_akt_also_full_ablation.sh
42629 bash scripts/run_akt_also_full_ablation.sh
42632 python -m examples.wandb_akt_train --dataset_name assist2009 --model_name akt --emb_type qid --seed 42 --fold 0 --dropout 0.2 --d_model 256 --learning_rate 1e-4 --num_epochs 100 --use_wandb 0 --add_uuid 0 --use_trained 0 --batch_size 64 --use_also 1 --also_grouping_mode student_id --also_pi_lr 1e-3 --also_pi_decay 1e-2 --save_dir saved_model/akt_also_full_20260713_225853_42622/s1_pilr1e3_bs64
42633 python -m examples.wandb_akt_train --dataset_name assist2009 --model_name akt --emb_type qid --seed 42 --fold 0 --dropout 0.2 --d_model 256 --learning_rate 1e-4 --num_epochs 100 --use_wandb 0 --add_uuid 0 --use_trained 0 --batch_size 64 --use_also 1 --also_grouping_mode student_id --also_pi_lr 3e-5 --also_pi_decay 1e-2 --save_dir saved_model/akt_also_full_20260713_225853_42622/s1_pilr3e5_bs64

[logs/akt_student_also_v2/baseline_bs64.log]
✅ Training Finished! Total Time Cost: 792.54 s
Traceback (most recent call last):
Traceback (most recent call last):

[logs/akt_student_also_v2/baseline_bs64_recheck_20260713_230900.log]

[logs/akt_student_also_v2/baseline_bs64_recheck_20260713_231000.log]
    "student_stats_mean": 0.6284802629519268,
    "student_stats_std": 0.20137414616859872,
    "student_stats_range": 1.0,

[logs/akt_student_also_v2/runner.log]

[logs/akt_also_full_20260713_225853_42622/s1_pilr1e3_bs64.log]
Epoch: 16, validauc: 0.8085, validacc: 0.7669, best epoch: 16, best auc: 0.8085, train loss: 15.833991645079665, emb_type: qid, model: akt, save_dir: saved_model/akt_also_full_20260713_225853_42622/s1_pilr1e3_bs64/assist2009_akt_qid_saved_model/akt_also_full_20260713_225853_42622/s1_pilr1e3_bs64_42_0_0.2_256_512_8_4_0.0001_64_100_0_0_1_student_id_None_optimistic_1.0_None_None_0.001_0.01_None_0
Epoch: 17, validauc: 0.8085, validacc: 0.7669, best epoch: 16, best auc: 0.8085, train loss: 15.792199795263842, emb_type: qid, model: akt, save_dir: saved_model/akt_also_full_20260713_225853_42622/s1_pilr1e3_bs64/assist2009_akt_qid_saved_model/akt_also_full_20260713_225853_42622/s1_pilr1e3_bs64_42_0_0.2_256_512_8_4_0.0001_64_100_0_0_1_student_id_None_optimistic_1.0_None_None_0.001_0.01_None_0
Epoch: 18, validauc: 0.8085, validacc: 0.7669, best epoch: 16, best auc: 0.8085, train loss: 15.746286106444439, emb_type: qid, model: akt, save_dir: saved_model/akt_also_full_20260713_225853_42622/s1_pilr1e3_bs64/assist2009_akt_qid_saved_model/akt_also_full_20260713_225853_42622/s1_pilr1e3_bs64_42_0_0.2_256_512_8_4_0.0001_64_100_0_0_1_student_id_None_optimistic_1.0_None_None_0.001_0.01_None_0

[logs/akt_also_full_20260713_225853_42622/s1_pilr3e5_bs64.log]
Epoch: 16, validauc: 0.8088, validacc: 0.7675, best epoch: 16, best auc: 0.8088, train loss: 15.822132014089535, emb_type: qid, model: akt, save_dir: saved_model/akt_also_full_20260713_225853_42622/s1_pilr3e5_bs64/assist2009_akt_qid_saved_model/akt_also_full_20260713_225853_42622/s1_pilr3e5_bs64_42_0_0.2_256_512_8_4_0.0001_64_100_0_0_1_student_id_None_optimistic_1.0_None_None_3e-05_0.01_None_0
Epoch: 17, validauc: 0.8088, validacc: 0.7675, best epoch: 16, best auc: 0.8088, train loss: 15.776356470090482, emb_type: qid, model: akt, save_dir: saved_model/akt_also_full_20260713_225853_42622/s1_pilr3e5_bs64/assist2009_akt_qid_saved_model/akt_also_full_20260713_225853_42622/s1_pilr3e5_bs64_42_0_0.2_256_512_8_4_0.0001_64_100_0_0_1_student_id_None_optimistic_1.0_None_None_3e-05_0.01_None_0
Epoch: 18, validauc: 0.8088, validacc: 0.7675, best epoch: 16, best auc: 0.8088, train loss: 15.734249245131565, emb_type: qid, model: akt, save_dir: saved_model/akt_also_full_20260713_225853_42622/s1_pilr3e5_bs64/assist2009_akt_qid_saved_model/akt_also_full_20260713_225853_42622/s1_pilr3e5_bs64_42_0_0.2_256_512_8_4_0.0001_64_100_0_0_1_student_id_None_optimistic_1.0_None_None_3e-05_0.01_None_0

[logs/akt_also_full_20260713_225853_42622/scheduler.log]

===== 2026-07-13 23:35:57 =====
0, 3 %, 19286 MiB, 32607 MiB, 114.88 W
42622 bash scripts/run_akt_also_full_ablation.sh
42628 bash scripts/run_akt_also_full_ablation.sh
42629 bash scripts/run_akt_also_full_ablation.sh
42632 python -m examples.wandb_akt_train --dataset_name assist2009 --model_name akt --emb_type qid --seed 42 --fold 0 --dropout 0.2 --d_model 256 --learning_rate 1e-4 --num_epochs 100 --use_wandb 0 --add_uuid 0 --use_trained 0 --batch_size 64 --use_also 1 --also_grouping_mode student_id --also_pi_lr 1e-3 --also_pi_decay 1e-2 --save_dir saved_model/akt_also_full_20260713_225853_42622/s1_pilr1e3_bs64
42633 python -m examples.wandb_akt_train --dataset_name assist2009 --model_name akt --emb_type qid --seed 42 --fold 0 --dropout 0.2 --d_model 256 --learning_rate 1e-4 --num_epochs 100 --use_wandb 0 --add_uuid 0 --use_trained 0 --batch_size 64 --use_also 1 --also_grouping_mode student_id --also_pi_lr 3e-5 --also_pi_decay 1e-2 --save_dir saved_model/akt_also_full_20260713_225853_42622/s1_pilr3e5_bs64

[logs/akt_student_also_v2/baseline_bs64.log]
✅ Training Finished! Total Time Cost: 792.54 s
Traceback (most recent call last):
Traceback (most recent call last):

[logs/akt_student_also_v2/baseline_bs64_recheck_20260713_230900.log]

[logs/akt_student_also_v2/baseline_bs64_recheck_20260713_231000.log]
    "student_stats_mean": 0.6284802629519268,
    "student_stats_std": 0.20137414616859872,
    "student_stats_range": 1.0,

[logs/akt_student_also_v2/runner.log]

[logs/akt_also_full_20260713_225853_42622/s1_pilr1e3_bs64.log]
Epoch: 17, validauc: 0.8085, validacc: 0.7669, best epoch: 16, best auc: 0.8085, train loss: 15.792199795263842, emb_type: qid, model: akt, save_dir: saved_model/akt_also_full_20260713_225853_42622/s1_pilr1e3_bs64/assist2009_akt_qid_saved_model/akt_also_full_20260713_225853_42622/s1_pilr1e3_bs64_42_0_0.2_256_512_8_4_0.0001_64_100_0_0_1_student_id_None_optimistic_1.0_None_None_0.001_0.01_None_0
Epoch: 18, validauc: 0.8085, validacc: 0.7669, best epoch: 16, best auc: 0.8085, train loss: 15.746286106444439, emb_type: qid, model: akt, save_dir: saved_model/akt_also_full_20260713_225853_42622/s1_pilr1e3_bs64/assist2009_akt_qid_saved_model/akt_also_full_20260713_225853_42622/s1_pilr1e3_bs64_42_0_0.2_256_512_8_4_0.0001_64_100_0_0_1_student_id_None_optimistic_1.0_None_None_0.001_0.01_None_0
Epoch: 19, validauc: 0.8085, validacc: 0.7669, best epoch: 16, best auc: 0.8085, train loss: 15.745848209440567, emb_type: qid, model: akt, save_dir: saved_model/akt_also_full_20260713_225853_42622/s1_pilr1e3_bs64/assist2009_akt_qid_saved_model/akt_also_full_20260713_225853_42622/s1_pilr1e3_bs64_42_0_0.2_256_512_8_4_0.0001_64_100_0_0_1_student_id_None_optimistic_1.0_None_None_0.001_0.01_None_0

[logs/akt_also_full_20260713_225853_42622/s1_pilr3e5_bs64.log]
Epoch: 17, validauc: 0.8088, validacc: 0.7675, best epoch: 16, best auc: 0.8088, train loss: 15.776356470090482, emb_type: qid, model: akt, save_dir: saved_model/akt_also_full_20260713_225853_42622/s1_pilr3e5_bs64/assist2009_akt_qid_saved_model/akt_also_full_20260713_225853_42622/s1_pilr3e5_bs64_42_0_0.2_256_512_8_4_0.0001_64_100_0_0_1_student_id_None_optimistic_1.0_None_None_3e-05_0.01_None_0
Epoch: 18, validauc: 0.8088, validacc: 0.7675, best epoch: 16, best auc: 0.8088, train loss: 15.734249245131565, emb_type: qid, model: akt, save_dir: saved_model/akt_also_full_20260713_225853_42622/s1_pilr3e5_bs64/assist2009_akt_qid_saved_model/akt_also_full_20260713_225853_42622/s1_pilr3e5_bs64_42_0_0.2_256_512_8_4_0.0001_64_100_0_0_1_student_id_None_optimistic_1.0_None_None_3e-05_0.01_None_0
Epoch: 19, validauc: 0.8088, validacc: 0.7675, best epoch: 16, best auc: 0.8088, train loss: 15.731086079842763, emb_type: qid, model: akt, save_dir: saved_model/akt_also_full_20260713_225853_42622/s1_pilr3e5_bs64/assist2009_akt_qid_saved_model/akt_also_full_20260713_225853_42622/s1_pilr3e5_bs64_42_0_0.2_256_512_8_4_0.0001_64_100_0_0_1_student_id_None_optimistic_1.0_None_None_3e-05_0.01_None_0

[logs/akt_also_full_20260713_225853_42622/scheduler.log]

===== 2026-07-13 23:36:58 =====
0, 4 %, 19286 MiB, 32607 MiB, 81.01 W
42622 bash scripts/run_akt_also_full_ablation.sh
42628 bash scripts/run_akt_also_full_ablation.sh
42629 bash scripts/run_akt_also_full_ablation.sh
42632 python -m examples.wandb_akt_train --dataset_name assist2009 --model_name akt --emb_type qid --seed 42 --fold 0 --dropout 0.2 --d_model 256 --learning_rate 1e-4 --num_epochs 100 --use_wandb 0 --add_uuid 0 --use_trained 0 --batch_size 64 --use_also 1 --also_grouping_mode student_id --also_pi_lr 1e-3 --also_pi_decay 1e-2 --save_dir saved_model/akt_also_full_20260713_225853_42622/s1_pilr1e3_bs64
42633 python -m examples.wandb_akt_train --dataset_name assist2009 --model_name akt --emb_type qid --seed 42 --fold 0 --dropout 0.2 --d_model 256 --learning_rate 1e-4 --num_epochs 100 --use_wandb 0 --add_uuid 0 --use_trained 0 --batch_size 64 --use_also 1 --also_grouping_mode student_id --also_pi_lr 3e-5 --also_pi_decay 1e-2 --save_dir saved_model/akt_also_full_20260713_225853_42622/s1_pilr3e5_bs64

[logs/akt_student_also_v2/baseline_bs64.log]
✅ Training Finished! Total Time Cost: 792.54 s
Traceback (most recent call last):
Traceback (most recent call last):

[logs/akt_student_also_v2/baseline_bs64_recheck_20260713_230900.log]

[logs/akt_student_also_v2/baseline_bs64_recheck_20260713_231000.log]
    "student_stats_mean": 0.6284802629519268,
    "student_stats_std": 0.20137414616859872,
    "student_stats_range": 1.0,

[logs/akt_student_also_v2/runner.log]

[logs/akt_also_full_20260713_225853_42622/s1_pilr1e3_bs64.log]
Epoch: 17, validauc: 0.8085, validacc: 0.7669, best epoch: 16, best auc: 0.8085, train loss: 15.792199795263842, emb_type: qid, model: akt, save_dir: saved_model/akt_also_full_20260713_225853_42622/s1_pilr1e3_bs64/assist2009_akt_qid_saved_model/akt_also_full_20260713_225853_42622/s1_pilr1e3_bs64_42_0_0.2_256_512_8_4_0.0001_64_100_0_0_1_student_id_None_optimistic_1.0_None_None_0.001_0.01_None_0
Epoch: 18, validauc: 0.8085, validacc: 0.7669, best epoch: 16, best auc: 0.8085, train loss: 15.746286106444439, emb_type: qid, model: akt, save_dir: saved_model/akt_also_full_20260713_225853_42622/s1_pilr1e3_bs64/assist2009_akt_qid_saved_model/akt_also_full_20260713_225853_42622/s1_pilr1e3_bs64_42_0_0.2_256_512_8_4_0.0001_64_100_0_0_1_student_id_None_optimistic_1.0_None_None_0.001_0.01_None_0
Epoch: 19, validauc: 0.8085, validacc: 0.7669, best epoch: 16, best auc: 0.8085, train loss: 15.745848209440567, emb_type: qid, model: akt, save_dir: saved_model/akt_also_full_20260713_225853_42622/s1_pilr1e3_bs64/assist2009_akt_qid_saved_model/akt_also_full_20260713_225853_42622/s1_pilr1e3_bs64_42_0_0.2_256_512_8_4_0.0001_64_100_0_0_1_student_id_None_optimistic_1.0_None_None_0.001_0.01_None_0

[logs/akt_also_full_20260713_225853_42622/s1_pilr3e5_bs64.log]
Epoch: 17, validauc: 0.8088, validacc: 0.7675, best epoch: 16, best auc: 0.8088, train loss: 15.776356470090482, emb_type: qid, model: akt, save_dir: saved_model/akt_also_full_20260713_225853_42622/s1_pilr3e5_bs64/assist2009_akt_qid_saved_model/akt_also_full_20260713_225853_42622/s1_pilr3e5_bs64_42_0_0.2_256_512_8_4_0.0001_64_100_0_0_1_student_id_None_optimistic_1.0_None_None_3e-05_0.01_None_0
Epoch: 18, validauc: 0.8088, validacc: 0.7675, best epoch: 16, best auc: 0.8088, train loss: 15.734249245131565, emb_type: qid, model: akt, save_dir: saved_model/akt_also_full_20260713_225853_42622/s1_pilr3e5_bs64/assist2009_akt_qid_saved_model/akt_also_full_20260713_225853_42622/s1_pilr3e5_bs64_42_0_0.2_256_512_8_4_0.0001_64_100_0_0_1_student_id_None_optimistic_1.0_None_None_3e-05_0.01_None_0
Epoch: 19, validauc: 0.8088, validacc: 0.7675, best epoch: 16, best auc: 0.8088, train loss: 15.731086079842763, emb_type: qid, model: akt, save_dir: saved_model/akt_also_full_20260713_225853_42622/s1_pilr3e5_bs64/assist2009_akt_qid_saved_model/akt_also_full_20260713_225853_42622/s1_pilr3e5_bs64_42_0_0.2_256_512_8_4_0.0001_64_100_0_0_1_student_id_None_optimistic_1.0_None_None_3e-05_0.01_None_0

[logs/akt_also_full_20260713_225853_42622/scheduler.log]

===== 2026-07-13 23:37:58 =====
0, 19 %, 19286 MiB, 32607 MiB, 109.69 W
42622 bash scripts/run_akt_also_full_ablation.sh
42628 bash scripts/run_akt_also_full_ablation.sh
42629 bash scripts/run_akt_also_full_ablation.sh
42632 python -m examples.wandb_akt_train --dataset_name assist2009 --model_name akt --emb_type qid --seed 42 --fold 0 --dropout 0.2 --d_model 256 --learning_rate 1e-4 --num_epochs 100 --use_wandb 0 --add_uuid 0 --use_trained 0 --batch_size 64 --use_also 1 --also_grouping_mode student_id --also_pi_lr 1e-3 --also_pi_decay 1e-2 --save_dir saved_model/akt_also_full_20260713_225853_42622/s1_pilr1e3_bs64
42633 python -m examples.wandb_akt_train --dataset_name assist2009 --model_name akt --emb_type qid --seed 42 --fold 0 --dropout 0.2 --d_model 256 --learning_rate 1e-4 --num_epochs 100 --use_wandb 0 --add_uuid 0 --use_trained 0 --batch_size 64 --use_also 1 --also_grouping_mode student_id --also_pi_lr 3e-5 --also_pi_decay 1e-2 --save_dir saved_model/akt_also_full_20260713_225853_42622/s1_pilr3e5_bs64

[logs/akt_student_also_v2/baseline_bs64.log]
✅ Training Finished! Total Time Cost: 792.54 s
Traceback (most recent call last):
Traceback (most recent call last):

[logs/akt_student_also_v2/baseline_bs64_recheck_20260713_230900.log]

[logs/akt_student_also_v2/baseline_bs64_recheck_20260713_231000.log]
    "student_stats_mean": 0.6284802629519268,
    "student_stats_std": 0.20137414616859872,
    "student_stats_range": 1.0,

[logs/akt_student_also_v2/runner.log]

[logs/akt_also_full_20260713_225853_42622/s1_pilr1e3_bs64.log]
Epoch: 18, validauc: 0.8085, validacc: 0.7669, best epoch: 16, best auc: 0.8085, train loss: 15.746286106444439, emb_type: qid, model: akt, save_dir: saved_model/akt_also_full_20260713_225853_42622/s1_pilr1e3_bs64/assist2009_akt_qid_saved_model/akt_also_full_20260713_225853_42622/s1_pilr1e3_bs64_42_0_0.2_256_512_8_4_0.0001_64_100_0_0_1_student_id_None_optimistic_1.0_None_None_0.001_0.01_None_0
Epoch: 19, validauc: 0.8085, validacc: 0.7669, best epoch: 16, best auc: 0.8085, train loss: 15.745848209440567, emb_type: qid, model: akt, save_dir: saved_model/akt_also_full_20260713_225853_42622/s1_pilr1e3_bs64/assist2009_akt_qid_saved_model/akt_also_full_20260713_225853_42622/s1_pilr1e3_bs64_42_0_0.2_256_512_8_4_0.0001_64_100_0_0_1_student_id_None_optimistic_1.0_None_None_0.001_0.01_None_0
Epoch: 20, validauc: 0.8099, validacc: 0.768, best epoch: 20, best auc: 0.8099, train loss: 15.736029022102153, emb_type: qid, model: akt, save_dir: saved_model/akt_also_full_20260713_225853_42622/s1_pilr1e3_bs64/assist2009_akt_qid_saved_model/akt_also_full_20260713_225853_42622/s1_pilr1e3_bs64_42_0_0.2_256_512_8_4_0.0001_64_100_0_0_1_student_id_None_optimistic_1.0_None_None_0.001_0.01_None_0

[logs/akt_also_full_20260713_225853_42622/s1_pilr3e5_bs64.log]
Epoch: 18, validauc: 0.8088, validacc: 0.7675, best epoch: 16, best auc: 0.8088, train loss: 15.734249245131565, emb_type: qid, model: akt, save_dir: saved_model/akt_also_full_20260713_225853_42622/s1_pilr3e5_bs64/assist2009_akt_qid_saved_model/akt_also_full_20260713_225853_42622/s1_pilr3e5_bs64_42_0_0.2_256_512_8_4_0.0001_64_100_0_0_1_student_id_None_optimistic_1.0_None_None_3e-05_0.01_None_0
Epoch: 19, validauc: 0.8088, validacc: 0.7675, best epoch: 16, best auc: 0.8088, train loss: 15.731086079842763, emb_type: qid, model: akt, save_dir: saved_model/akt_also_full_20260713_225853_42622/s1_pilr3e5_bs64/assist2009_akt_qid_saved_model/akt_also_full_20260713_225853_42622/s1_pilr3e5_bs64_42_0_0.2_256_512_8_4_0.0001_64_100_0_0_1_student_id_None_optimistic_1.0_None_None_3e-05_0.01_None_0
Epoch: 20, validauc: 0.8103, validacc: 0.7684, best epoch: 20, best auc: 0.8103, train loss: 15.72250320457829, emb_type: qid, model: akt, save_dir: saved_model/akt_also_full_20260713_225853_42622/s1_pilr3e5_bs64/assist2009_akt_qid_saved_model/akt_also_full_20260713_225853_42622/s1_pilr3e5_bs64_42_0_0.2_256_512_8_4_0.0001_64_100_0_0_1_student_id_None_optimistic_1.0_None_None_3e-05_0.01_None_0

[logs/akt_also_full_20260713_225853_42622/scheduler.log]

===== 2026-07-13 23:38:59 =====
0, 2 %, 19294 MiB, 32607 MiB, 103.66 W
42622 bash scripts/run_akt_also_full_ablation.sh
42628 bash scripts/run_akt_also_full_ablation.sh
42629 bash scripts/run_akt_also_full_ablation.sh
42632 python -m examples.wandb_akt_train --dataset_name assist2009 --model_name akt --emb_type qid --seed 42 --fold 0 --dropout 0.2 --d_model 256 --learning_rate 1e-4 --num_epochs 100 --use_wandb 0 --add_uuid 0 --use_trained 0 --batch_size 64 --use_also 1 --also_grouping_mode student_id --also_pi_lr 1e-3 --also_pi_decay 1e-2 --save_dir saved_model/akt_also_full_20260713_225853_42622/s1_pilr1e3_bs64
42633 python -m examples.wandb_akt_train --dataset_name assist2009 --model_name akt --emb_type qid --seed 42 --fold 0 --dropout 0.2 --d_model 256 --learning_rate 1e-4 --num_epochs 100 --use_wandb 0 --add_uuid 0 --use_trained 0 --batch_size 64 --use_also 1 --also_grouping_mode student_id --also_pi_lr 3e-5 --also_pi_decay 1e-2 --save_dir saved_model/akt_also_full_20260713_225853_42622/s1_pilr3e5_bs64

[logs/akt_student_also_v2/baseline_bs64.log]
✅ Training Finished! Total Time Cost: 792.54 s
Traceback (most recent call last):
Traceback (most recent call last):

[logs/akt_student_also_v2/baseline_bs64_recheck_20260713_230900.log]

[logs/akt_student_also_v2/baseline_bs64_recheck_20260713_231000.log]
    "student_stats_mean": 0.6284802629519268,
    "student_stats_std": 0.20137414616859872,
    "student_stats_range": 1.0,

[logs/akt_student_also_v2/runner.log]

[logs/akt_also_full_20260713_225853_42622/s1_pilr1e3_bs64.log]
Epoch: 19, validauc: 0.8085, validacc: 0.7669, best epoch: 16, best auc: 0.8085, train loss: 15.745848209440567, emb_type: qid, model: akt, save_dir: saved_model/akt_also_full_20260713_225853_42622/s1_pilr1e3_bs64/assist2009_akt_qid_saved_model/akt_also_full_20260713_225853_42622/s1_pilr1e3_bs64_42_0_0.2_256_512_8_4_0.0001_64_100_0_0_1_student_id_None_optimistic_1.0_None_None_0.001_0.01_None_0
Epoch: 20, validauc: 0.8099, validacc: 0.768, best epoch: 20, best auc: 0.8099, train loss: 15.736029022102153, emb_type: qid, model: akt, save_dir: saved_model/akt_also_full_20260713_225853_42622/s1_pilr1e3_bs64/assist2009_akt_qid_saved_model/akt_also_full_20260713_225853_42622/s1_pilr1e3_bs64_42_0_0.2_256_512_8_4_0.0001_64_100_0_0_1_student_id_None_optimistic_1.0_None_None_0.001_0.01_None_0
Epoch: 21, validauc: 0.8099, validacc: 0.768, best epoch: 20, best auc: 0.8099, train loss: 15.667770530317577, emb_type: qid, model: akt, save_dir: saved_model/akt_also_full_20260713_225853_42622/s1_pilr1e3_bs64/assist2009_akt_qid_saved_model/akt_also_full_20260713_225853_42622/s1_pilr1e3_bs64_42_0_0.2_256_512_8_4_0.0001_64_100_0_0_1_student_id_None_optimistic_1.0_None_None_0.001_0.01_None_0

[logs/akt_also_full_20260713_225853_42622/s1_pilr3e5_bs64.log]
Epoch: 19, validauc: 0.8088, validacc: 0.7675, best epoch: 16, best auc: 0.8088, train loss: 15.731086079842763, emb_type: qid, model: akt, save_dir: saved_model/akt_also_full_20260713_225853_42622/s1_pilr3e5_bs64/assist2009_akt_qid_saved_model/akt_also_full_20260713_225853_42622/s1_pilr3e5_bs64_42_0_0.2_256_512_8_4_0.0001_64_100_0_0_1_student_id_None_optimistic_1.0_None_None_3e-05_0.01_None_0
Epoch: 20, validauc: 0.8103, validacc: 0.7684, best epoch: 20, best auc: 0.8103, train loss: 15.72250320457829, emb_type: qid, model: akt, save_dir: saved_model/akt_also_full_20260713_225853_42622/s1_pilr3e5_bs64/assist2009_akt_qid_saved_model/akt_also_full_20260713_225853_42622/s1_pilr3e5_bs64_42_0_0.2_256_512_8_4_0.0001_64_100_0_0_1_student_id_None_optimistic_1.0_None_None_3e-05_0.01_None_0
Epoch: 21, validauc: 0.8103, validacc: 0.7684, best epoch: 20, best auc: 0.8103, train loss: 15.646407485216367, emb_type: qid, model: akt, save_dir: saved_model/akt_also_full_20260713_225853_42622/s1_pilr3e5_bs64/assist2009_akt_qid_saved_model/akt_also_full_20260713_225853_42622/s1_pilr3e5_bs64_42_0_0.2_256_512_8_4_0.0001_64_100_0_0_1_student_id_None_optimistic_1.0_None_None_3e-05_0.01_None_0

[logs/akt_also_full_20260713_225853_42622/scheduler.log]

===== 2026-07-13 23:40:00 =====
0, 16 %, 19294 MiB, 32607 MiB, 146.07 W
42622 bash scripts/run_akt_also_full_ablation.sh
42628 bash scripts/run_akt_also_full_ablation.sh
42629 bash scripts/run_akt_also_full_ablation.sh
42632 python -m examples.wandb_akt_train --dataset_name assist2009 --model_name akt --emb_type qid --seed 42 --fold 0 --dropout 0.2 --d_model 256 --learning_rate 1e-4 --num_epochs 100 --use_wandb 0 --add_uuid 0 --use_trained 0 --batch_size 64 --use_also 1 --also_grouping_mode student_id --also_pi_lr 1e-3 --also_pi_decay 1e-2 --save_dir saved_model/akt_also_full_20260713_225853_42622/s1_pilr1e3_bs64
42633 python -m examples.wandb_akt_train --dataset_name assist2009 --model_name akt --emb_type qid --seed 42 --fold 0 --dropout 0.2 --d_model 256 --learning_rate 1e-4 --num_epochs 100 --use_wandb 0 --add_uuid 0 --use_trained 0 --batch_size 64 --use_also 1 --also_grouping_mode student_id --also_pi_lr 3e-5 --also_pi_decay 1e-2 --save_dir saved_model/akt_also_full_20260713_225853_42622/s1_pilr3e5_bs64

[logs/akt_student_also_v2/baseline_bs64.log]
✅ Training Finished! Total Time Cost: 792.54 s
Traceback (most recent call last):
Traceback (most recent call last):

[logs/akt_student_also_v2/baseline_bs64_recheck_20260713_230900.log]

[logs/akt_student_also_v2/baseline_bs64_recheck_20260713_231000.log]
    "student_stats_mean": 0.6284802629519268,
    "student_stats_std": 0.20137414616859872,
    "student_stats_range": 1.0,

[logs/akt_student_also_v2/runner.log]

[logs/akt_also_full_20260713_225853_42622/s1_pilr1e3_bs64.log]
Epoch: 19, validauc: 0.8085, validacc: 0.7669, best epoch: 16, best auc: 0.8085, train loss: 15.745848209440567, emb_type: qid, model: akt, save_dir: saved_model/akt_also_full_20260713_225853_42622/s1_pilr1e3_bs64/assist2009_akt_qid_saved_model/akt_also_full_20260713_225853_42622/s1_pilr1e3_bs64_42_0_0.2_256_512_8_4_0.0001_64_100_0_0_1_student_id_None_optimistic_1.0_None_None_0.001_0.01_None_0
Epoch: 20, validauc: 0.8099, validacc: 0.768, best epoch: 20, best auc: 0.8099, train loss: 15.736029022102153, emb_type: qid, model: akt, save_dir: saved_model/akt_also_full_20260713_225853_42622/s1_pilr1e3_bs64/assist2009_akt_qid_saved_model/akt_also_full_20260713_225853_42622/s1_pilr1e3_bs64_42_0_0.2_256_512_8_4_0.0001_64_100_0_0_1_student_id_None_optimistic_1.0_None_None_0.001_0.01_None_0
Epoch: 21, validauc: 0.8099, validacc: 0.768, best epoch: 20, best auc: 0.8099, train loss: 15.667770530317577, emb_type: qid, model: akt, save_dir: saved_model/akt_also_full_20260713_225853_42622/s1_pilr1e3_bs64/assist2009_akt_qid_saved_model/akt_also_full_20260713_225853_42622/s1_pilr1e3_bs64_42_0_0.2_256_512_8_4_0.0001_64_100_0_0_1_student_id_None_optimistic_1.0_None_None_0.001_0.01_None_0

[logs/akt_also_full_20260713_225853_42622/s1_pilr3e5_bs64.log]
Epoch: 19, validauc: 0.8088, validacc: 0.7675, best epoch: 16, best auc: 0.8088, train loss: 15.731086079842763, emb_type: qid, model: akt, save_dir: saved_model/akt_also_full_20260713_225853_42622/s1_pilr3e5_bs64/assist2009_akt_qid_saved_model/akt_also_full_20260713_225853_42622/s1_pilr3e5_bs64_42_0_0.2_256_512_8_4_0.0001_64_100_0_0_1_student_id_None_optimistic_1.0_None_None_3e-05_0.01_None_0
Epoch: 20, validauc: 0.8103, validacc: 0.7684, best epoch: 20, best auc: 0.8103, train loss: 15.72250320457829, emb_type: qid, model: akt, save_dir: saved_model/akt_also_full_20260713_225853_42622/s1_pilr3e5_bs64/assist2009_akt_qid_saved_model/akt_also_full_20260713_225853_42622/s1_pilr3e5_bs64_42_0_0.2_256_512_8_4_0.0001_64_100_0_0_1_student_id_None_optimistic_1.0_None_None_3e-05_0.01_None_0
Epoch: 21, validauc: 0.8103, validacc: 0.7684, best epoch: 20, best auc: 0.8103, train loss: 15.646407485216367, emb_type: qid, model: akt, save_dir: saved_model/akt_also_full_20260713_225853_42622/s1_pilr3e5_bs64/assist2009_akt_qid_saved_model/akt_also_full_20260713_225853_42622/s1_pilr3e5_bs64_42_0_0.2_256_512_8_4_0.0001_64_100_0_0_1_student_id_None_optimistic_1.0_None_None_3e-05_0.01_None_0

[logs/akt_also_full_20260713_225853_42622/scheduler.log]

===== 2026-07-13 23:41:00 =====
0, 3 %, 19294 MiB, 32607 MiB, 122.73 W
42622 bash scripts/run_akt_also_full_ablation.sh
42628 bash scripts/run_akt_also_full_ablation.sh
42629 bash scripts/run_akt_also_full_ablation.sh
42632 python -m examples.wandb_akt_train --dataset_name assist2009 --model_name akt --emb_type qid --seed 42 --fold 0 --dropout 0.2 --d_model 256 --learning_rate 1e-4 --num_epochs 100 --use_wandb 0 --add_uuid 0 --use_trained 0 --batch_size 64 --use_also 1 --also_grouping_mode student_id --also_pi_lr 1e-3 --also_pi_decay 1e-2 --save_dir saved_model/akt_also_full_20260713_225853_42622/s1_pilr1e3_bs64
42633 python -m examples.wandb_akt_train --dataset_name assist2009 --model_name akt --emb_type qid --seed 42 --fold 0 --dropout 0.2 --d_model 256 --learning_rate 1e-4 --num_epochs 100 --use_wandb 0 --add_uuid 0 --use_trained 0 --batch_size 64 --use_also 1 --also_grouping_mode student_id --also_pi_lr 3e-5 --also_pi_decay 1e-2 --save_dir saved_model/akt_also_full_20260713_225853_42622/s1_pilr3e5_bs64

[logs/akt_student_also_v2/baseline_bs64.log]
✅ Training Finished! Total Time Cost: 792.54 s
Traceback (most recent call last):
Traceback (most recent call last):

[logs/akt_student_also_v2/baseline_bs64_recheck_20260713_230900.log]

[logs/akt_student_also_v2/baseline_bs64_recheck_20260713_231000.log]
    "student_stats_mean": 0.6284802629519268,
    "student_stats_std": 0.20137414616859872,
    "student_stats_range": 1.0,

[logs/akt_student_also_v2/runner.log]

[logs/akt_also_full_20260713_225853_42622/s1_pilr1e3_bs64.log]
Epoch: 20, validauc: 0.8099, validacc: 0.768, best epoch: 20, best auc: 0.8099, train loss: 15.736029022102153, emb_type: qid, model: akt, save_dir: saved_model/akt_also_full_20260713_225853_42622/s1_pilr1e3_bs64/assist2009_akt_qid_saved_model/akt_also_full_20260713_225853_42622/s1_pilr1e3_bs64_42_0_0.2_256_512_8_4_0.0001_64_100_0_0_1_student_id_None_optimistic_1.0_None_None_0.001_0.01_None_0
Epoch: 21, validauc: 0.8099, validacc: 0.768, best epoch: 20, best auc: 0.8099, train loss: 15.667770530317577, emb_type: qid, model: akt, save_dir: saved_model/akt_also_full_20260713_225853_42622/s1_pilr1e3_bs64/assist2009_akt_qid_saved_model/akt_also_full_20260713_225853_42622/s1_pilr1e3_bs64_42_0_0.2_256_512_8_4_0.0001_64_100_0_0_1_student_id_None_optimistic_1.0_None_None_0.001_0.01_None_0
Epoch: 22, validauc: 0.8099, validacc: 0.768, best epoch: 20, best auc: 0.8099, train loss: 15.64205172018111, emb_type: qid, model: akt, save_dir: saved_model/akt_also_full_20260713_225853_42622/s1_pilr1e3_bs64/assist2009_akt_qid_saved_model/akt_also_full_20260713_225853_42622/s1_pilr1e3_bs64_42_0_0.2_256_512_8_4_0.0001_64_100_0_0_1_student_id_None_optimistic_1.0_None_None_0.001_0.01_None_0

[logs/akt_also_full_20260713_225853_42622/s1_pilr3e5_bs64.log]
Epoch: 20, validauc: 0.8103, validacc: 0.7684, best epoch: 20, best auc: 0.8103, train loss: 15.72250320457829, emb_type: qid, model: akt, save_dir: saved_model/akt_also_full_20260713_225853_42622/s1_pilr3e5_bs64/assist2009_akt_qid_saved_model/akt_also_full_20260713_225853_42622/s1_pilr3e5_bs64_42_0_0.2_256_512_8_4_0.0001_64_100_0_0_1_student_id_None_optimistic_1.0_None_None_3e-05_0.01_None_0
Epoch: 21, validauc: 0.8103, validacc: 0.7684, best epoch: 20, best auc: 0.8103, train loss: 15.646407485216367, emb_type: qid, model: akt, save_dir: saved_model/akt_also_full_20260713_225853_42622/s1_pilr3e5_bs64/assist2009_akt_qid_saved_model/akt_also_full_20260713_225853_42622/s1_pilr3e5_bs64_42_0_0.2_256_512_8_4_0.0001_64_100_0_0_1_student_id_None_optimistic_1.0_None_None_3e-05_0.01_None_0
Epoch: 22, validauc: 0.8103, validacc: 0.7684, best epoch: 20, best auc: 0.8103, train loss: 15.616437353332865, emb_type: qid, model: akt, save_dir: saved_model/akt_also_full_20260713_225853_42622/s1_pilr3e5_bs64/assist2009_akt_qid_saved_model/akt_also_full_20260713_225853_42622/s1_pilr3e5_bs64_42_0_0.2_256_512_8_4_0.0001_64_100_0_0_1_student_id_None_optimistic_1.0_None_None_3e-05_0.01_None_0

[logs/akt_also_full_20260713_225853_42622/scheduler.log]

===== 2026-07-13 23:42:01 =====
0, 69 %, 19306 MiB, 32607 MiB, 152.16 W
42622 bash scripts/run_akt_also_full_ablation.sh
42628 bash scripts/run_akt_also_full_ablation.sh
42629 bash scripts/run_akt_also_full_ablation.sh
42632 python -m examples.wandb_akt_train --dataset_name assist2009 --model_name akt --emb_type qid --seed 42 --fold 0 --dropout 0.2 --d_model 256 --learning_rate 1e-4 --num_epochs 100 --use_wandb 0 --add_uuid 0 --use_trained 0 --batch_size 64 --use_also 1 --also_grouping_mode student_id --also_pi_lr 1e-3 --also_pi_decay 1e-2 --save_dir saved_model/akt_also_full_20260713_225853_42622/s1_pilr1e3_bs64
42633 python -m examples.wandb_akt_train --dataset_name assist2009 --model_name akt --emb_type qid --seed 42 --fold 0 --dropout 0.2 --d_model 256 --learning_rate 1e-4 --num_epochs 100 --use_wandb 0 --add_uuid 0 --use_trained 0 --batch_size 64 --use_also 1 --also_grouping_mode student_id --also_pi_lr 3e-5 --also_pi_decay 1e-2 --save_dir saved_model/akt_also_full_20260713_225853_42622/s1_pilr3e5_bs64

[logs/akt_student_also_v2/baseline_bs64.log]
✅ Training Finished! Total Time Cost: 792.54 s
Traceback (most recent call last):
Traceback (most recent call last):

[logs/akt_student_also_v2/baseline_bs64_recheck_20260713_230900.log]

[logs/akt_student_also_v2/baseline_bs64_recheck_20260713_231000.log]
    "student_stats_mean": 0.6284802629519268,
    "student_stats_std": 0.20137414616859872,
    "student_stats_range": 1.0,

[logs/akt_student_also_v2/runner.log]

[logs/akt_also_full_20260713_225853_42622/s1_pilr1e3_bs64.log]
Epoch: 21, validauc: 0.8099, validacc: 0.768, best epoch: 20, best auc: 0.8099, train loss: 15.667770530317577, emb_type: qid, model: akt, save_dir: saved_model/akt_also_full_20260713_225853_42622/s1_pilr1e3_bs64/assist2009_akt_qid_saved_model/akt_also_full_20260713_225853_42622/s1_pilr1e3_bs64_42_0_0.2_256_512_8_4_0.0001_64_100_0_0_1_student_id_None_optimistic_1.0_None_None_0.001_0.01_None_0
Epoch: 22, validauc: 0.8099, validacc: 0.768, best epoch: 20, best auc: 0.8099, train loss: 15.64205172018111, emb_type: qid, model: akt, save_dir: saved_model/akt_also_full_20260713_225853_42622/s1_pilr1e3_bs64/assist2009_akt_qid_saved_model/akt_also_full_20260713_225853_42622/s1_pilr1e3_bs64_42_0_0.2_256_512_8_4_0.0001_64_100_0_0_1_student_id_None_optimistic_1.0_None_None_0.001_0.01_None_0
Epoch: 23, validauc: 0.8109, validacc: 0.7682, best epoch: 23, best auc: 0.8109, train loss: 15.619503880108999, emb_type: qid, model: akt, save_dir: saved_model/akt_also_full_20260713_225853_42622/s1_pilr1e3_bs64/assist2009_akt_qid_saved_model/akt_also_full_20260713_225853_42622/s1_pilr1e3_bs64_42_0_0.2_256_512_8_4_0.0001_64_100_0_0_1_student_id_None_optimistic_1.0_None_None_0.001_0.01_None_0

[logs/akt_also_full_20260713_225853_42622/s1_pilr3e5_bs64.log]
Epoch: 20, validauc: 0.8103, validacc: 0.7684, best epoch: 20, best auc: 0.8103, train loss: 15.72250320457829, emb_type: qid, model: akt, save_dir: saved_model/akt_also_full_20260713_225853_42622/s1_pilr3e5_bs64/assist2009_akt_qid_saved_model/akt_also_full_20260713_225853_42622/s1_pilr3e5_bs64_42_0_0.2_256_512_8_4_0.0001_64_100_0_0_1_student_id_None_optimistic_1.0_None_None_3e-05_0.01_None_0
Epoch: 21, validauc: 0.8103, validacc: 0.7684, best epoch: 20, best auc: 0.8103, train loss: 15.646407485216367, emb_type: qid, model: akt, save_dir: saved_model/akt_also_full_20260713_225853_42622/s1_pilr3e5_bs64/assist2009_akt_qid_saved_model/akt_also_full_20260713_225853_42622/s1_pilr3e5_bs64_42_0_0.2_256_512_8_4_0.0001_64_100_0_0_1_student_id_None_optimistic_1.0_None_None_3e-05_0.01_None_0
Epoch: 22, validauc: 0.8103, validacc: 0.7684, best epoch: 20, best auc: 0.8103, train loss: 15.616437353332865, emb_type: qid, model: akt, save_dir: saved_model/akt_also_full_20260713_225853_42622/s1_pilr3e5_bs64/assist2009_akt_qid_saved_model/akt_also_full_20260713_225853_42622/s1_pilr3e5_bs64_42_0_0.2_256_512_8_4_0.0001_64_100_0_0_1_student_id_None_optimistic_1.0_None_None_3e-05_0.01_None_0

[logs/akt_also_full_20260713_225853_42622/scheduler.log]

===== 2026-07-13 23:43:01 =====
0, 100 %, 19306 MiB, 32607 MiB, 146.60 W
42622 bash scripts/run_akt_also_full_ablation.sh
42628 bash scripts/run_akt_also_full_ablation.sh
42629 bash scripts/run_akt_also_full_ablation.sh
42632 python -m examples.wandb_akt_train --dataset_name assist2009 --model_name akt --emb_type qid --seed 42 --fold 0 --dropout 0.2 --d_model 256 --learning_rate 1e-4 --num_epochs 100 --use_wandb 0 --add_uuid 0 --use_trained 0 --batch_size 64 --use_also 1 --also_grouping_mode student_id --also_pi_lr 1e-3 --also_pi_decay 1e-2 --save_dir saved_model/akt_also_full_20260713_225853_42622/s1_pilr1e3_bs64
42633 python -m examples.wandb_akt_train --dataset_name assist2009 --model_name akt --emb_type qid --seed 42 --fold 0 --dropout 0.2 --d_model 256 --learning_rate 1e-4 --num_epochs 100 --use_wandb 0 --add_uuid 0 --use_trained 0 --batch_size 64 --use_also 1 --also_grouping_mode student_id --also_pi_lr 3e-5 --also_pi_decay 1e-2 --save_dir saved_model/akt_also_full_20260713_225853_42622/s1_pilr3e5_bs64

[logs/akt_student_also_v2/baseline_bs64.log]
✅ Training Finished! Total Time Cost: 792.54 s
Traceback (most recent call last):
Traceback (most recent call last):

[logs/akt_student_also_v2/baseline_bs64_recheck_20260713_230900.log]

[logs/akt_student_also_v2/baseline_bs64_recheck_20260713_231000.log]
    "student_stats_mean": 0.6284802629519268,
    "student_stats_std": 0.20137414616859872,
    "student_stats_range": 1.0,

[logs/akt_student_also_v2/runner.log]

[logs/akt_also_full_20260713_225853_42622/s1_pilr1e3_bs64.log]
Epoch: 21, validauc: 0.8099, validacc: 0.768, best epoch: 20, best auc: 0.8099, train loss: 15.667770530317577, emb_type: qid, model: akt, save_dir: saved_model/akt_also_full_20260713_225853_42622/s1_pilr1e3_bs64/assist2009_akt_qid_saved_model/akt_also_full_20260713_225853_42622/s1_pilr1e3_bs64_42_0_0.2_256_512_8_4_0.0001_64_100_0_0_1_student_id_None_optimistic_1.0_None_None_0.001_0.01_None_0
Epoch: 22, validauc: 0.8099, validacc: 0.768, best epoch: 20, best auc: 0.8099, train loss: 15.64205172018111, emb_type: qid, model: akt, save_dir: saved_model/akt_also_full_20260713_225853_42622/s1_pilr1e3_bs64/assist2009_akt_qid_saved_model/akt_also_full_20260713_225853_42622/s1_pilr1e3_bs64_42_0_0.2_256_512_8_4_0.0001_64_100_0_0_1_student_id_None_optimistic_1.0_None_None_0.001_0.01_None_0
Epoch: 23, validauc: 0.8109, validacc: 0.7682, best epoch: 23, best auc: 0.8109, train loss: 15.619503880108999, emb_type: qid, model: akt, save_dir: saved_model/akt_also_full_20260713_225853_42622/s1_pilr1e3_bs64/assist2009_akt_qid_saved_model/akt_also_full_20260713_225853_42622/s1_pilr1e3_bs64_42_0_0.2_256_512_8_4_0.0001_64_100_0_0_1_student_id_None_optimistic_1.0_None_None_0.001_0.01_None_0

[logs/akt_also_full_20260713_225853_42622/s1_pilr3e5_bs64.log]
Epoch: 21, validauc: 0.8103, validacc: 0.7684, best epoch: 20, best auc: 0.8103, train loss: 15.646407485216367, emb_type: qid, model: akt, save_dir: saved_model/akt_also_full_20260713_225853_42622/s1_pilr3e5_bs64/assist2009_akt_qid_saved_model/akt_also_full_20260713_225853_42622/s1_pilr3e5_bs64_42_0_0.2_256_512_8_4_0.0001_64_100_0_0_1_student_id_None_optimistic_1.0_None_None_3e-05_0.01_None_0
Epoch: 22, validauc: 0.8103, validacc: 0.7684, best epoch: 20, best auc: 0.8103, train loss: 15.616437353332865, emb_type: qid, model: akt, save_dir: saved_model/akt_also_full_20260713_225853_42622/s1_pilr3e5_bs64/assist2009_akt_qid_saved_model/akt_also_full_20260713_225853_42622/s1_pilr3e5_bs64_42_0_0.2_256_512_8_4_0.0001_64_100_0_0_1_student_id_None_optimistic_1.0_None_None_3e-05_0.01_None_0
Epoch: 23, validauc: 0.8103, validacc: 0.7684, best epoch: 20, best auc: 0.8103, train loss: 15.604761500306545, emb_type: qid, model: akt, save_dir: saved_model/akt_also_full_20260713_225853_42622/s1_pilr3e5_bs64/assist2009_akt_qid_saved_model/akt_also_full_20260713_225853_42622/s1_pilr3e5_bs64_42_0_0.2_256_512_8_4_0.0001_64_100_0_0_1_student_id_None_optimistic_1.0_None_None_3e-05_0.01_None_0

[logs/akt_also_full_20260713_225853_42622/scheduler.log]

===== 2026-07-13 23:44:01 =====
0, 2 %, 19306 MiB, 32607 MiB, 124.54 W
42622 bash scripts/run_akt_also_full_ablation.sh
42628 bash scripts/run_akt_also_full_ablation.sh
42629 bash scripts/run_akt_also_full_ablation.sh
42632 python -m examples.wandb_akt_train --dataset_name assist2009 --model_name akt --emb_type qid --seed 42 --fold 0 --dropout 0.2 --d_model 256 --learning_rate 1e-4 --num_epochs 100 --use_wandb 0 --add_uuid 0 --use_trained 0 --batch_size 64 --use_also 1 --also_grouping_mode student_id --also_pi_lr 1e-3 --also_pi_decay 1e-2 --save_dir saved_model/akt_also_full_20260713_225853_42622/s1_pilr1e3_bs64
42633 python -m examples.wandb_akt_train --dataset_name assist2009 --model_name akt --emb_type qid --seed 42 --fold 0 --dropout 0.2 --d_model 256 --learning_rate 1e-4 --num_epochs 100 --use_wandb 0 --add_uuid 0 --use_trained 0 --batch_size 64 --use_also 1 --also_grouping_mode student_id --also_pi_lr 3e-5 --also_pi_decay 1e-2 --save_dir saved_model/akt_also_full_20260713_225853_42622/s1_pilr3e5_bs64

[logs/akt_student_also_v2/baseline_bs64.log]
✅ Training Finished! Total Time Cost: 792.54 s
Traceback (most recent call last):
Traceback (most recent call last):

[logs/akt_student_also_v2/baseline_bs64_recheck_20260713_230900.log]

[logs/akt_student_also_v2/baseline_bs64_recheck_20260713_231000.log]
    "student_stats_mean": 0.6284802629519268,
    "student_stats_std": 0.20137414616859872,
    "student_stats_range": 1.0,

[logs/akt_student_also_v2/runner.log]

[logs/akt_also_full_20260713_225853_42622/s1_pilr1e3_bs64.log]
Epoch: 22, validauc: 0.8099, validacc: 0.768, best epoch: 20, best auc: 0.8099, train loss: 15.64205172018111, emb_type: qid, model: akt, save_dir: saved_model/akt_also_full_20260713_225853_42622/s1_pilr1e3_bs64/assist2009_akt_qid_saved_model/akt_also_full_20260713_225853_42622/s1_pilr1e3_bs64_42_0_0.2_256_512_8_4_0.0001_64_100_0_0_1_student_id_None_optimistic_1.0_None_None_0.001_0.01_None_0
Epoch: 23, validauc: 0.8109, validacc: 0.7682, best epoch: 23, best auc: 0.8109, train loss: 15.619503880108999, emb_type: qid, model: akt, save_dir: saved_model/akt_also_full_20260713_225853_42622/s1_pilr1e3_bs64/assist2009_akt_qid_saved_model/akt_also_full_20260713_225853_42622/s1_pilr1e3_bs64_42_0_0.2_256_512_8_4_0.0001_64_100_0_0_1_student_id_None_optimistic_1.0_None_None_0.001_0.01_None_0
Epoch: 24, validauc: 0.8109, validacc: 0.7682, best epoch: 23, best auc: 0.8109, train loss: 15.580987720118566, emb_type: qid, model: akt, save_dir: saved_model/akt_also_full_20260713_225853_42622/s1_pilr1e3_bs64/assist2009_akt_qid_saved_model/akt_also_full_20260713_225853_42622/s1_pilr1e3_bs64_42_0_0.2_256_512_8_4_0.0001_64_100_0_0_1_student_id_None_optimistic_1.0_None_None_0.001_0.01_None_0

[logs/akt_also_full_20260713_225853_42622/s1_pilr3e5_bs64.log]
Epoch: 21, validauc: 0.8103, validacc: 0.7684, best epoch: 20, best auc: 0.8103, train loss: 15.646407485216367, emb_type: qid, model: akt, save_dir: saved_model/akt_also_full_20260713_225853_42622/s1_pilr3e5_bs64/assist2009_akt_qid_saved_model/akt_also_full_20260713_225853_42622/s1_pilr3e5_bs64_42_0_0.2_256_512_8_4_0.0001_64_100_0_0_1_student_id_None_optimistic_1.0_None_None_3e-05_0.01_None_0
Epoch: 22, validauc: 0.8103, validacc: 0.7684, best epoch: 20, best auc: 0.8103, train loss: 15.616437353332865, emb_type: qid, model: akt, save_dir: saved_model/akt_also_full_20260713_225853_42622/s1_pilr3e5_bs64/assist2009_akt_qid_saved_model/akt_also_full_20260713_225853_42622/s1_pilr3e5_bs64_42_0_0.2_256_512_8_4_0.0001_64_100_0_0_1_student_id_None_optimistic_1.0_None_None_3e-05_0.01_None_0
Epoch: 23, validauc: 0.8103, validacc: 0.7684, best epoch: 20, best auc: 0.8103, train loss: 15.604761500306545, emb_type: qid, model: akt, save_dir: saved_model/akt_also_full_20260713_225853_42622/s1_pilr3e5_bs64/assist2009_akt_qid_saved_model/akt_also_full_20260713_225853_42622/s1_pilr3e5_bs64_42_0_0.2_256_512_8_4_0.0001_64_100_0_0_1_student_id_None_optimistic_1.0_None_None_3e-05_0.01_None_0

[logs/akt_also_full_20260713_225853_42622/scheduler.log]

===== 2026-07-13 23:45:02 =====
0, 21 %, 19320 MiB, 32607 MiB, 144.31 W
42622 bash scripts/run_akt_also_full_ablation.sh
42628 bash scripts/run_akt_also_full_ablation.sh
42629 bash scripts/run_akt_also_full_ablation.sh
42632 python -m examples.wandb_akt_train --dataset_name assist2009 --model_name akt --emb_type qid --seed 42 --fold 0 --dropout 0.2 --d_model 256 --learning_rate 1e-4 --num_epochs 100 --use_wandb 0 --add_uuid 0 --use_trained 0 --batch_size 64 --use_also 1 --also_grouping_mode student_id --also_pi_lr 1e-3 --also_pi_decay 1e-2 --save_dir saved_model/akt_also_full_20260713_225853_42622/s1_pilr1e3_bs64
42633 python -m examples.wandb_akt_train --dataset_name assist2009 --model_name akt --emb_type qid --seed 42 --fold 0 --dropout 0.2 --d_model 256 --learning_rate 1e-4 --num_epochs 100 --use_wandb 0 --add_uuid 0 --use_trained 0 --batch_size 64 --use_also 1 --also_grouping_mode student_id --also_pi_lr 3e-5 --also_pi_decay 1e-2 --save_dir saved_model/akt_also_full_20260713_225853_42622/s1_pilr3e5_bs64

[logs/akt_student_also_v2/baseline_bs64.log]
✅ Training Finished! Total Time Cost: 792.54 s
Traceback (most recent call last):
Traceback (most recent call last):

[logs/akt_student_also_v2/baseline_bs64_recheck_20260713_230900.log]

[logs/akt_student_also_v2/baseline_bs64_recheck_20260713_231000.log]
    "student_stats_mean": 0.6284802629519268,
    "student_stats_std": 0.20137414616859872,
    "student_stats_range": 1.0,

[logs/akt_student_also_v2/runner.log]

[logs/akt_also_full_20260713_225853_42622/s1_pilr1e3_bs64.log]
Epoch: 22, validauc: 0.8099, validacc: 0.768, best epoch: 20, best auc: 0.8099, train loss: 15.64205172018111, emb_type: qid, model: akt, save_dir: saved_model/akt_also_full_20260713_225853_42622/s1_pilr1e3_bs64/assist2009_akt_qid_saved_model/akt_also_full_20260713_225853_42622/s1_pilr1e3_bs64_42_0_0.2_256_512_8_4_0.0001_64_100_0_0_1_student_id_None_optimistic_1.0_None_None_0.001_0.01_None_0
Epoch: 23, validauc: 0.8109, validacc: 0.7682, best epoch: 23, best auc: 0.8109, train loss: 15.619503880108999, emb_type: qid, model: akt, save_dir: saved_model/akt_also_full_20260713_225853_42622/s1_pilr1e3_bs64/assist2009_akt_qid_saved_model/akt_also_full_20260713_225853_42622/s1_pilr1e3_bs64_42_0_0.2_256_512_8_4_0.0001_64_100_0_0_1_student_id_None_optimistic_1.0_None_None_0.001_0.01_None_0
Epoch: 24, validauc: 0.8109, validacc: 0.7682, best epoch: 23, best auc: 0.8109, train loss: 15.580987720118566, emb_type: qid, model: akt, save_dir: saved_model/akt_also_full_20260713_225853_42622/s1_pilr1e3_bs64/assist2009_akt_qid_saved_model/akt_also_full_20260713_225853_42622/s1_pilr1e3_bs64_42_0_0.2_256_512_8_4_0.0001_64_100_0_0_1_student_id_None_optimistic_1.0_None_None_0.001_0.01_None_0

[logs/akt_also_full_20260713_225853_42622/s1_pilr3e5_bs64.log]
Epoch: 22, validauc: 0.8103, validacc: 0.7684, best epoch: 20, best auc: 0.8103, train loss: 15.616437353332865, emb_type: qid, model: akt, save_dir: saved_model/akt_also_full_20260713_225853_42622/s1_pilr3e5_bs64/assist2009_akt_qid_saved_model/akt_also_full_20260713_225853_42622/s1_pilr3e5_bs64_42_0_0.2_256_512_8_4_0.0001_64_100_0_0_1_student_id_None_optimistic_1.0_None_None_3e-05_0.01_None_0
Epoch: 23, validauc: 0.8103, validacc: 0.7684, best epoch: 20, best auc: 0.8103, train loss: 15.604761500306545, emb_type: qid, model: akt, save_dir: saved_model/akt_also_full_20260713_225853_42622/s1_pilr3e5_bs64/assist2009_akt_qid_saved_model/akt_also_full_20260713_225853_42622/s1_pilr3e5_bs64_42_0_0.2_256_512_8_4_0.0001_64_100_0_0_1_student_id_None_optimistic_1.0_None_None_3e-05_0.01_None_0
Epoch: 24, validauc: 0.8114, validacc: 0.7689, best epoch: 24, best auc: 0.8114, train loss: 15.560163871982224, emb_type: qid, model: akt, save_dir: saved_model/akt_also_full_20260713_225853_42622/s1_pilr3e5_bs64/assist2009_akt_qid_saved_model/akt_also_full_20260713_225853_42622/s1_pilr3e5_bs64_42_0_0.2_256_512_8_4_0.0001_64_100_0_0_1_student_id_None_optimistic_1.0_None_None_3e-05_0.01_None_0

[logs/akt_also_full_20260713_225853_42622/scheduler.log]

===== 2026-07-13 23:46:02 =====
0, 54 %, 19322 MiB, 32607 MiB, 153.65 W
42622 bash scripts/run_akt_also_full_ablation.sh
42628 bash scripts/run_akt_also_full_ablation.sh
42629 bash scripts/run_akt_also_full_ablation.sh
42632 python -m examples.wandb_akt_train --dataset_name assist2009 --model_name akt --emb_type qid --seed 42 --fold 0 --dropout 0.2 --d_model 256 --learning_rate 1e-4 --num_epochs 100 --use_wandb 0 --add_uuid 0 --use_trained 0 --batch_size 64 --use_also 1 --also_grouping_mode student_id --also_pi_lr 1e-3 --also_pi_decay 1e-2 --save_dir saved_model/akt_also_full_20260713_225853_42622/s1_pilr1e3_bs64
42633 python -m examples.wandb_akt_train --dataset_name assist2009 --model_name akt --emb_type qid --seed 42 --fold 0 --dropout 0.2 --d_model 256 --learning_rate 1e-4 --num_epochs 100 --use_wandb 0 --add_uuid 0 --use_trained 0 --batch_size 64 --use_also 1 --also_grouping_mode student_id --also_pi_lr 3e-5 --also_pi_decay 1e-2 --save_dir saved_model/akt_also_full_20260713_225853_42622/s1_pilr3e5_bs64

[logs/akt_student_also_v2/baseline_bs64.log]
✅ Training Finished! Total Time Cost: 792.54 s
Traceback (most recent call last):
Traceback (most recent call last):

[logs/akt_student_also_v2/baseline_bs64_recheck_20260713_230900.log]

[logs/akt_student_also_v2/baseline_bs64_recheck_20260713_231000.log]
    "student_stats_mean": 0.6284802629519268,
    "student_stats_std": 0.20137414616859872,
    "student_stats_range": 1.0,

[logs/akt_student_also_v2/runner.log]

[logs/akt_also_full_20260713_225853_42622/s1_pilr1e3_bs64.log]
Epoch: 23, validauc: 0.8109, validacc: 0.7682, best epoch: 23, best auc: 0.8109, train loss: 15.619503880108999, emb_type: qid, model: akt, save_dir: saved_model/akt_also_full_20260713_225853_42622/s1_pilr1e3_bs64/assist2009_akt_qid_saved_model/akt_also_full_20260713_225853_42622/s1_pilr1e3_bs64_42_0_0.2_256_512_8_4_0.0001_64_100_0_0_1_student_id_None_optimistic_1.0_None_None_0.001_0.01_None_0
Epoch: 24, validauc: 0.8109, validacc: 0.7682, best epoch: 23, best auc: 0.8109, train loss: 15.580987720118566, emb_type: qid, model: akt, save_dir: saved_model/akt_also_full_20260713_225853_42622/s1_pilr1e3_bs64/assist2009_akt_qid_saved_model/akt_also_full_20260713_225853_42622/s1_pilr1e3_bs64_42_0_0.2_256_512_8_4_0.0001_64_100_0_0_1_student_id_None_optimistic_1.0_None_None_0.001_0.01_None_0
Epoch: 25, validauc: 0.8121, validacc: 0.7691, best epoch: 25, best auc: 0.8121, train loss: 15.55793167372377, emb_type: qid, model: akt, save_dir: saved_model/akt_also_full_20260713_225853_42622/s1_pilr1e3_bs64/assist2009_akt_qid_saved_model/akt_also_full_20260713_225853_42622/s1_pilr1e3_bs64_42_0_0.2_256_512_8_4_0.0001_64_100_0_0_1_student_id_None_optimistic_1.0_None_None_0.001_0.01_None_0

[logs/akt_also_full_20260713_225853_42622/s1_pilr3e5_bs64.log]
Epoch: 23, validauc: 0.8103, validacc: 0.7684, best epoch: 20, best auc: 0.8103, train loss: 15.604761500306545, emb_type: qid, model: akt, save_dir: saved_model/akt_also_full_20260713_225853_42622/s1_pilr3e5_bs64/assist2009_akt_qid_saved_model/akt_also_full_20260713_225853_42622/s1_pilr3e5_bs64_42_0_0.2_256_512_8_4_0.0001_64_100_0_0_1_student_id_None_optimistic_1.0_None_None_3e-05_0.01_None_0
Epoch: 24, validauc: 0.8114, validacc: 0.7689, best epoch: 24, best auc: 0.8114, train loss: 15.560163871982224, emb_type: qid, model: akt, save_dir: saved_model/akt_also_full_20260713_225853_42622/s1_pilr3e5_bs64/assist2009_akt_qid_saved_model/akt_also_full_20260713_225853_42622/s1_pilr3e5_bs64_42_0_0.2_256_512_8_4_0.0001_64_100_0_0_1_student_id_None_optimistic_1.0_None_None_3e-05_0.01_None_0
Epoch: 25, validauc: 0.8114, validacc: 0.7689, best epoch: 24, best auc: 0.8114, train loss: 15.532626106402601, emb_type: qid, model: akt, save_dir: saved_model/akt_also_full_20260713_225853_42622/s1_pilr3e5_bs64/assist2009_akt_qid_saved_model/akt_also_full_20260713_225853_42622/s1_pilr3e5_bs64_42_0_0.2_256_512_8_4_0.0001_64_100_0_0_1_student_id_None_optimistic_1.0_None_None_3e-05_0.01_None_0

[logs/akt_also_full_20260713_225853_42622/scheduler.log]

===== 2026-07-13 23:47:03 =====
0, 9 %, 19322 MiB, 32607 MiB, 117.57 W
42622 bash scripts/run_akt_also_full_ablation.sh
42628 bash scripts/run_akt_also_full_ablation.sh
42629 bash scripts/run_akt_also_full_ablation.sh
42632 python -m examples.wandb_akt_train --dataset_name assist2009 --model_name akt --emb_type qid --seed 42 --fold 0 --dropout 0.2 --d_model 256 --learning_rate 1e-4 --num_epochs 100 --use_wandb 0 --add_uuid 0 --use_trained 0 --batch_size 64 --use_also 1 --also_grouping_mode student_id --also_pi_lr 1e-3 --also_pi_decay 1e-2 --save_dir saved_model/akt_also_full_20260713_225853_42622/s1_pilr1e3_bs64
42633 python -m examples.wandb_akt_train --dataset_name assist2009 --model_name akt --emb_type qid --seed 42 --fold 0 --dropout 0.2 --d_model 256 --learning_rate 1e-4 --num_epochs 100 --use_wandb 0 --add_uuid 0 --use_trained 0 --batch_size 64 --use_also 1 --also_grouping_mode student_id --also_pi_lr 3e-5 --also_pi_decay 1e-2 --save_dir saved_model/akt_also_full_20260713_225853_42622/s1_pilr3e5_bs64

[logs/akt_student_also_v2/baseline_bs64.log]
✅ Training Finished! Total Time Cost: 792.54 s
Traceback (most recent call last):
Traceback (most recent call last):

[logs/akt_student_also_v2/baseline_bs64_recheck_20260713_230900.log]

[logs/akt_student_also_v2/baseline_bs64_recheck_20260713_231000.log]
    "student_stats_mean": 0.6284802629519268,
    "student_stats_std": 0.20137414616859872,
    "student_stats_range": 1.0,

[logs/akt_student_also_v2/runner.log]

[logs/akt_also_full_20260713_225853_42622/s1_pilr1e3_bs64.log]
Epoch: 24, validauc: 0.8109, validacc: 0.7682, best epoch: 23, best auc: 0.8109, train loss: 15.580987720118566, emb_type: qid, model: akt, save_dir: saved_model/akt_also_full_20260713_225853_42622/s1_pilr1e3_bs64/assist2009_akt_qid_saved_model/akt_also_full_20260713_225853_42622/s1_pilr1e3_bs64_42_0_0.2_256_512_8_4_0.0001_64_100_0_0_1_student_id_None_optimistic_1.0_None_None_0.001_0.01_None_0
Epoch: 25, validauc: 0.8121, validacc: 0.7691, best epoch: 25, best auc: 0.8121, train loss: 15.55793167372377, emb_type: qid, model: akt, save_dir: saved_model/akt_also_full_20260713_225853_42622/s1_pilr1e3_bs64/assist2009_akt_qid_saved_model/akt_also_full_20260713_225853_42622/s1_pilr1e3_bs64_42_0_0.2_256_512_8_4_0.0001_64_100_0_0_1_student_id_None_optimistic_1.0_None_None_0.001_0.01_None_0
Epoch: 26, validauc: 0.8121, validacc: 0.7691, best epoch: 25, best auc: 0.8121, train loss: 15.504220987185741, emb_type: qid, model: akt, save_dir: saved_model/akt_also_full_20260713_225853_42622/s1_pilr1e3_bs64/assist2009_akt_qid_saved_model/akt_also_full_20260713_225853_42622/s1_pilr1e3_bs64_42_0_0.2_256_512_8_4_0.0001_64_100_0_0_1_student_id_None_optimistic_1.0_None_None_0.001_0.01_None_0

[logs/akt_also_full_20260713_225853_42622/s1_pilr3e5_bs64.log]
Epoch: 23, validauc: 0.8103, validacc: 0.7684, best epoch: 20, best auc: 0.8103, train loss: 15.604761500306545, emb_type: qid, model: akt, save_dir: saved_model/akt_also_full_20260713_225853_42622/s1_pilr3e5_bs64/assist2009_akt_qid_saved_model/akt_also_full_20260713_225853_42622/s1_pilr3e5_bs64_42_0_0.2_256_512_8_4_0.0001_64_100_0_0_1_student_id_None_optimistic_1.0_None_None_3e-05_0.01_None_0
Epoch: 24, validauc: 0.8114, validacc: 0.7689, best epoch: 24, best auc: 0.8114, train loss: 15.560163871982224, emb_type: qid, model: akt, save_dir: saved_model/akt_also_full_20260713_225853_42622/s1_pilr3e5_bs64/assist2009_akt_qid_saved_model/akt_also_full_20260713_225853_42622/s1_pilr3e5_bs64_42_0_0.2_256_512_8_4_0.0001_64_100_0_0_1_student_id_None_optimistic_1.0_None_None_3e-05_0.01_None_0
Epoch: 25, validauc: 0.8114, validacc: 0.7689, best epoch: 24, best auc: 0.8114, train loss: 15.532626106402601, emb_type: qid, model: akt, save_dir: saved_model/akt_also_full_20260713_225853_42622/s1_pilr3e5_bs64/assist2009_akt_qid_saved_model/akt_also_full_20260713_225853_42622/s1_pilr3e5_bs64_42_0_0.2_256_512_8_4_0.0001_64_100_0_0_1_student_id_None_optimistic_1.0_None_None_3e-05_0.01_None_0

[logs/akt_also_full_20260713_225853_42622/scheduler.log]

===== 2026-07-13 23:48:03 =====
0, 7 %, 19322 MiB, 32607 MiB, 119.20 W
42622 bash scripts/run_akt_also_full_ablation.sh
42628 bash scripts/run_akt_also_full_ablation.sh
42629 bash scripts/run_akt_also_full_ablation.sh
42632 python -m examples.wandb_akt_train --dataset_name assist2009 --model_name akt --emb_type qid --seed 42 --fold 0 --dropout 0.2 --d_model 256 --learning_rate 1e-4 --num_epochs 100 --use_wandb 0 --add_uuid 0 --use_trained 0 --batch_size 64 --use_also 1 --also_grouping_mode student_id --also_pi_lr 1e-3 --also_pi_decay 1e-2 --save_dir saved_model/akt_also_full_20260713_225853_42622/s1_pilr1e3_bs64
42633 python -m examples.wandb_akt_train --dataset_name assist2009 --model_name akt --emb_type qid --seed 42 --fold 0 --dropout 0.2 --d_model 256 --learning_rate 1e-4 --num_epochs 100 --use_wandb 0 --add_uuid 0 --use_trained 0 --batch_size 64 --use_also 1 --also_grouping_mode student_id --also_pi_lr 3e-5 --also_pi_decay 1e-2 --save_dir saved_model/akt_also_full_20260713_225853_42622/s1_pilr3e5_bs64

[logs/akt_student_also_v2/baseline_bs64.log]
✅ Training Finished! Total Time Cost: 792.54 s
Traceback (most recent call last):
Traceback (most recent call last):

[logs/akt_student_also_v2/baseline_bs64_recheck_20260713_230900.log]

[logs/akt_student_also_v2/baseline_bs64_recheck_20260713_231000.log]
    "student_stats_mean": 0.6284802629519268,
    "student_stats_std": 0.20137414616859872,
    "student_stats_range": 1.0,

[logs/akt_student_also_v2/runner.log]

[logs/akt_also_full_20260713_225853_42622/s1_pilr1e3_bs64.log]
Epoch: 24, validauc: 0.8109, validacc: 0.7682, best epoch: 23, best auc: 0.8109, train loss: 15.580987720118566, emb_type: qid, model: akt, save_dir: saved_model/akt_also_full_20260713_225853_42622/s1_pilr1e3_bs64/assist2009_akt_qid_saved_model/akt_also_full_20260713_225853_42622/s1_pilr1e3_bs64_42_0_0.2_256_512_8_4_0.0001_64_100_0_0_1_student_id_None_optimistic_1.0_None_None_0.001_0.01_None_0
Epoch: 25, validauc: 0.8121, validacc: 0.7691, best epoch: 25, best auc: 0.8121, train loss: 15.55793167372377, emb_type: qid, model: akt, save_dir: saved_model/akt_also_full_20260713_225853_42622/s1_pilr1e3_bs64/assist2009_akt_qid_saved_model/akt_also_full_20260713_225853_42622/s1_pilr1e3_bs64_42_0_0.2_256_512_8_4_0.0001_64_100_0_0_1_student_id_None_optimistic_1.0_None_None_0.001_0.01_None_0
Epoch: 26, validauc: 0.8121, validacc: 0.7691, best epoch: 25, best auc: 0.8121, train loss: 15.504220987185741, emb_type: qid, model: akt, save_dir: saved_model/akt_also_full_20260713_225853_42622/s1_pilr1e3_bs64/assist2009_akt_qid_saved_model/akt_also_full_20260713_225853_42622/s1_pilr1e3_bs64_42_0_0.2_256_512_8_4_0.0001_64_100_0_0_1_student_id_None_optimistic_1.0_None_None_0.001_0.01_None_0

[logs/akt_also_full_20260713_225853_42622/s1_pilr3e5_bs64.log]
Epoch: 24, validauc: 0.8114, validacc: 0.7689, best epoch: 24, best auc: 0.8114, train loss: 15.560163871982224, emb_type: qid, model: akt, save_dir: saved_model/akt_also_full_20260713_225853_42622/s1_pilr3e5_bs64/assist2009_akt_qid_saved_model/akt_also_full_20260713_225853_42622/s1_pilr3e5_bs64_42_0_0.2_256_512_8_4_0.0001_64_100_0_0_1_student_id_None_optimistic_1.0_None_None_3e-05_0.01_None_0
Epoch: 25, validauc: 0.8114, validacc: 0.7689, best epoch: 24, best auc: 0.8114, train loss: 15.532626106402601, emb_type: qid, model: akt, save_dir: saved_model/akt_also_full_20260713_225853_42622/s1_pilr3e5_bs64/assist2009_akt_qid_saved_model/akt_also_full_20260713_225853_42622/s1_pilr3e5_bs64_42_0_0.2_256_512_8_4_0.0001_64_100_0_0_1_student_id_None_optimistic_1.0_None_None_3e-05_0.01_None_0
Epoch: 26, validauc: 0.8126, validacc: 0.7689, best epoch: 26, best auc: 0.8126, train loss: 15.48171373828898, emb_type: qid, model: akt, save_dir: saved_model/akt_also_full_20260713_225853_42622/s1_pilr3e5_bs64/assist2009_akt_qid_saved_model/akt_also_full_20260713_225853_42622/s1_pilr3e5_bs64_42_0_0.2_256_512_8_4_0.0001_64_100_0_0_1_student_id_None_optimistic_1.0_None_None_3e-05_0.01_None_0

[logs/akt_also_full_20260713_225853_42622/scheduler.log]

===== 2026-07-13 23:49:04 =====
0, 90 %, 19322 MiB, 32607 MiB, 144.25 W
42622 bash scripts/run_akt_also_full_ablation.sh
42628 bash scripts/run_akt_also_full_ablation.sh
42629 bash scripts/run_akt_also_full_ablation.sh
42632 python -m examples.wandb_akt_train --dataset_name assist2009 --model_name akt --emb_type qid --seed 42 --fold 0 --dropout 0.2 --d_model 256 --learning_rate 1e-4 --num_epochs 100 --use_wandb 0 --add_uuid 0 --use_trained 0 --batch_size 64 --use_also 1 --also_grouping_mode student_id --also_pi_lr 1e-3 --also_pi_decay 1e-2 --save_dir saved_model/akt_also_full_20260713_225853_42622/s1_pilr1e3_bs64
42633 python -m examples.wandb_akt_train --dataset_name assist2009 --model_name akt --emb_type qid --seed 42 --fold 0 --dropout 0.2 --d_model 256 --learning_rate 1e-4 --num_epochs 100 --use_wandb 0 --add_uuid 0 --use_trained 0 --batch_size 64 --use_also 1 --also_grouping_mode student_id --also_pi_lr 3e-5 --also_pi_decay 1e-2 --save_dir saved_model/akt_also_full_20260713_225853_42622/s1_pilr3e5_bs64

[logs/akt_student_also_v2/baseline_bs64.log]
✅ Training Finished! Total Time Cost: 792.54 s
Traceback (most recent call last):
Traceback (most recent call last):

[logs/akt_student_also_v2/baseline_bs64_recheck_20260713_230900.log]

[logs/akt_student_also_v2/baseline_bs64_recheck_20260713_231000.log]
    "student_stats_mean": 0.6284802629519268,
    "student_stats_std": 0.20137414616859872,
    "student_stats_range": 1.0,

[logs/akt_student_also_v2/runner.log]

[logs/akt_also_full_20260713_225853_42622/s1_pilr1e3_bs64.log]
Epoch: 25, validauc: 0.8121, validacc: 0.7691, best epoch: 25, best auc: 0.8121, train loss: 15.55793167372377, emb_type: qid, model: akt, save_dir: saved_model/akt_also_full_20260713_225853_42622/s1_pilr1e3_bs64/assist2009_akt_qid_saved_model/akt_also_full_20260713_225853_42622/s1_pilr1e3_bs64_42_0_0.2_256_512_8_4_0.0001_64_100_0_0_1_student_id_None_optimistic_1.0_None_None_0.001_0.01_None_0
Epoch: 26, validauc: 0.8121, validacc: 0.7691, best epoch: 25, best auc: 0.8121, train loss: 15.504220987185741, emb_type: qid, model: akt, save_dir: saved_model/akt_also_full_20260713_225853_42622/s1_pilr1e3_bs64/assist2009_akt_qid_saved_model/akt_also_full_20260713_225853_42622/s1_pilr1e3_bs64_42_0_0.2_256_512_8_4_0.0001_64_100_0_0_1_student_id_None_optimistic_1.0_None_None_0.001_0.01_None_0
Epoch: 27, validauc: 0.8121, validacc: 0.7691, best epoch: 25, best auc: 0.8121, train loss: 15.468403118605076, emb_type: qid, model: akt, save_dir: saved_model/akt_also_full_20260713_225853_42622/s1_pilr1e3_bs64/assist2009_akt_qid_saved_model/akt_also_full_20260713_225853_42622/s1_pilr1e3_bs64_42_0_0.2_256_512_8_4_0.0001_64_100_0_0_1_student_id_None_optimistic_1.0_None_None_0.001_0.01_None_0

[logs/akt_also_full_20260713_225853_42622/s1_pilr3e5_bs64.log]
Epoch: 24, validauc: 0.8114, validacc: 0.7689, best epoch: 24, best auc: 0.8114, train loss: 15.560163871982224, emb_type: qid, model: akt, save_dir: saved_model/akt_also_full_20260713_225853_42622/s1_pilr3e5_bs64/assist2009_akt_qid_saved_model/akt_also_full_20260713_225853_42622/s1_pilr3e5_bs64_42_0_0.2_256_512_8_4_0.0001_64_100_0_0_1_student_id_None_optimistic_1.0_None_None_3e-05_0.01_None_0
Epoch: 25, validauc: 0.8114, validacc: 0.7689, best epoch: 24, best auc: 0.8114, train loss: 15.532626106402601, emb_type: qid, model: akt, save_dir: saved_model/akt_also_full_20260713_225853_42622/s1_pilr3e5_bs64/assist2009_akt_qid_saved_model/akt_also_full_20260713_225853_42622/s1_pilr3e5_bs64_42_0_0.2_256_512_8_4_0.0001_64_100_0_0_1_student_id_None_optimistic_1.0_None_None_3e-05_0.01_None_0
Epoch: 26, validauc: 0.8126, validacc: 0.7689, best epoch: 26, best auc: 0.8126, train loss: 15.48171373828898, emb_type: qid, model: akt, save_dir: saved_model/akt_also_full_20260713_225853_42622/s1_pilr3e5_bs64/assist2009_akt_qid_saved_model/akt_also_full_20260713_225853_42622/s1_pilr3e5_bs64_42_0_0.2_256_512_8_4_0.0001_64_100_0_0_1_student_id_None_optimistic_1.0_None_None_3e-05_0.01_None_0

[logs/akt_also_full_20260713_225853_42622/scheduler.log]

===== 2026-07-13 23:50:04 =====
0, 4 %, 19322 MiB, 32607 MiB, 101.85 W
42622 bash scripts/run_akt_also_full_ablation.sh
42628 bash scripts/run_akt_also_full_ablation.sh
42629 bash scripts/run_akt_also_full_ablation.sh
42632 python -m examples.wandb_akt_train --dataset_name assist2009 --model_name akt --emb_type qid --seed 42 --fold 0 --dropout 0.2 --d_model 256 --learning_rate 1e-4 --num_epochs 100 --use_wandb 0 --add_uuid 0 --use_trained 0 --batch_size 64 --use_also 1 --also_grouping_mode student_id --also_pi_lr 1e-3 --also_pi_decay 1e-2 --save_dir saved_model/akt_also_full_20260713_225853_42622/s1_pilr1e3_bs64
42633 python -m examples.wandb_akt_train --dataset_name assist2009 --model_name akt --emb_type qid --seed 42 --fold 0 --dropout 0.2 --d_model 256 --learning_rate 1e-4 --num_epochs 100 --use_wandb 0 --add_uuid 0 --use_trained 0 --batch_size 64 --use_also 1 --also_grouping_mode student_id --also_pi_lr 3e-5 --also_pi_decay 1e-2 --save_dir saved_model/akt_also_full_20260713_225853_42622/s1_pilr3e5_bs64

[logs/akt_student_also_v2/baseline_bs64.log]
✅ Training Finished! Total Time Cost: 792.54 s
Traceback (most recent call last):
Traceback (most recent call last):

[logs/akt_student_also_v2/baseline_bs64_recheck_20260713_230900.log]

[logs/akt_student_also_v2/baseline_bs64_recheck_20260713_231000.log]
    "student_stats_mean": 0.6284802629519268,
    "student_stats_std": 0.20137414616859872,
    "student_stats_range": 1.0,

[logs/akt_student_also_v2/runner.log]

[logs/akt_also_full_20260713_225853_42622/s1_pilr1e3_bs64.log]
Epoch: 25, validauc: 0.8121, validacc: 0.7691, best epoch: 25, best auc: 0.8121, train loss: 15.55793167372377, emb_type: qid, model: akt, save_dir: saved_model/akt_also_full_20260713_225853_42622/s1_pilr1e3_bs64/assist2009_akt_qid_saved_model/akt_also_full_20260713_225853_42622/s1_pilr1e3_bs64_42_0_0.2_256_512_8_4_0.0001_64_100_0_0_1_student_id_None_optimistic_1.0_None_None_0.001_0.01_None_0
Epoch: 26, validauc: 0.8121, validacc: 0.7691, best epoch: 25, best auc: 0.8121, train loss: 15.504220987185741, emb_type: qid, model: akt, save_dir: saved_model/akt_also_full_20260713_225853_42622/s1_pilr1e3_bs64/assist2009_akt_qid_saved_model/akt_also_full_20260713_225853_42622/s1_pilr1e3_bs64_42_0_0.2_256_512_8_4_0.0001_64_100_0_0_1_student_id_None_optimistic_1.0_None_None_0.001_0.01_None_0
Epoch: 27, validauc: 0.8121, validacc: 0.7691, best epoch: 25, best auc: 0.8121, train loss: 15.468403118605076, emb_type: qid, model: akt, save_dir: saved_model/akt_also_full_20260713_225853_42622/s1_pilr1e3_bs64/assist2009_akt_qid_saved_model/akt_also_full_20260713_225853_42622/s1_pilr1e3_bs64_42_0_0.2_256_512_8_4_0.0001_64_100_0_0_1_student_id_None_optimistic_1.0_None_None_0.001_0.01_None_0

[logs/akt_also_full_20260713_225853_42622/s1_pilr3e5_bs64.log]
Epoch: 25, validauc: 0.8114, validacc: 0.7689, best epoch: 24, best auc: 0.8114, train loss: 15.532626106402601, emb_type: qid, model: akt, save_dir: saved_model/akt_also_full_20260713_225853_42622/s1_pilr3e5_bs64/assist2009_akt_qid_saved_model/akt_also_full_20260713_225853_42622/s1_pilr3e5_bs64_42_0_0.2_256_512_8_4_0.0001_64_100_0_0_1_student_id_None_optimistic_1.0_None_None_3e-05_0.01_None_0
Epoch: 26, validauc: 0.8126, validacc: 0.7689, best epoch: 26, best auc: 0.8126, train loss: 15.48171373828898, emb_type: qid, model: akt, save_dir: saved_model/akt_also_full_20260713_225853_42622/s1_pilr3e5_bs64/assist2009_akt_qid_saved_model/akt_also_full_20260713_225853_42622/s1_pilr3e5_bs64_42_0_0.2_256_512_8_4_0.0001_64_100_0_0_1_student_id_None_optimistic_1.0_None_None_3e-05_0.01_None_0
Epoch: 27, validauc: 0.8126, validacc: 0.7689, best epoch: 26, best auc: 0.8126, train loss: 15.450278316531893, emb_type: qid, model: akt, save_dir: saved_model/akt_also_full_20260713_225853_42622/s1_pilr3e5_bs64/assist2009_akt_qid_saved_model/akt_also_full_20260713_225853_42622/s1_pilr3e5_bs64_42_0_0.2_256_512_8_4_0.0001_64_100_0_0_1_student_id_None_optimistic_1.0_None_None_3e-05_0.01_None_0

[logs/akt_also_full_20260713_225853_42622/scheduler.log]

===== 2026-07-13 23:51:04 =====
0, 13 %, 19322 MiB, 32607 MiB, 108.18 W
42622 bash scripts/run_akt_also_full_ablation.sh
42628 bash scripts/run_akt_also_full_ablation.sh
42629 bash scripts/run_akt_also_full_ablation.sh
42632 python -m examples.wandb_akt_train --dataset_name assist2009 --model_name akt --emb_type qid --seed 42 --fold 0 --dropout 0.2 --d_model 256 --learning_rate 1e-4 --num_epochs 100 --use_wandb 0 --add_uuid 0 --use_trained 0 --batch_size 64 --use_also 1 --also_grouping_mode student_id --also_pi_lr 1e-3 --also_pi_decay 1e-2 --save_dir saved_model/akt_also_full_20260713_225853_42622/s1_pilr1e3_bs64
42633 python -m examples.wandb_akt_train --dataset_name assist2009 --model_name akt --emb_type qid --seed 42 --fold 0 --dropout 0.2 --d_model 256 --learning_rate 1e-4 --num_epochs 100 --use_wandb 0 --add_uuid 0 --use_trained 0 --batch_size 64 --use_also 1 --also_grouping_mode student_id --also_pi_lr 3e-5 --also_pi_decay 1e-2 --save_dir saved_model/akt_also_full_20260713_225853_42622/s1_pilr3e5_bs64

[logs/akt_student_also_v2/baseline_bs64.log]
✅ Training Finished! Total Time Cost: 792.54 s
Traceback (most recent call last):
Traceback (most recent call last):

[logs/akt_student_also_v2/baseline_bs64_recheck_20260713_230900.log]

[logs/akt_student_also_v2/baseline_bs64_recheck_20260713_231000.log]
    "student_stats_mean": 0.6284802629519268,
    "student_stats_std": 0.20137414616859872,
    "student_stats_range": 1.0,

[logs/akt_student_also_v2/runner.log]

[logs/akt_also_full_20260713_225853_42622/s1_pilr1e3_bs64.log]
Epoch: 26, validauc: 0.8121, validacc: 0.7691, best epoch: 25, best auc: 0.8121, train loss: 15.504220987185741, emb_type: qid, model: akt, save_dir: saved_model/akt_also_full_20260713_225853_42622/s1_pilr1e3_bs64/assist2009_akt_qid_saved_model/akt_also_full_20260713_225853_42622/s1_pilr1e3_bs64_42_0_0.2_256_512_8_4_0.0001_64_100_0_0_1_student_id_None_optimistic_1.0_None_None_0.001_0.01_None_0
Epoch: 27, validauc: 0.8121, validacc: 0.7691, best epoch: 25, best auc: 0.8121, train loss: 15.468403118605076, emb_type: qid, model: akt, save_dir: saved_model/akt_also_full_20260713_225853_42622/s1_pilr1e3_bs64/assist2009_akt_qid_saved_model/akt_also_full_20260713_225853_42622/s1_pilr1e3_bs64_42_0_0.2_256_512_8_4_0.0001_64_100_0_0_1_student_id_None_optimistic_1.0_None_None_0.001_0.01_None_0
Epoch: 28, validauc: 0.8131, validacc: 0.769, best epoch: 28, best auc: 0.8131, train loss: 15.418235884617891, emb_type: qid, model: akt, save_dir: saved_model/akt_also_full_20260713_225853_42622/s1_pilr1e3_bs64/assist2009_akt_qid_saved_model/akt_also_full_20260713_225853_42622/s1_pilr1e3_bs64_42_0_0.2_256_512_8_4_0.0001_64_100_0_0_1_student_id_None_optimistic_1.0_None_None_0.001_0.01_None_0

[logs/akt_also_full_20260713_225853_42622/s1_pilr3e5_bs64.log]
Epoch: 25, validauc: 0.8114, validacc: 0.7689, best epoch: 24, best auc: 0.8114, train loss: 15.532626106402601, emb_type: qid, model: akt, save_dir: saved_model/akt_also_full_20260713_225853_42622/s1_pilr3e5_bs64/assist2009_akt_qid_saved_model/akt_also_full_20260713_225853_42622/s1_pilr3e5_bs64_42_0_0.2_256_512_8_4_0.0001_64_100_0_0_1_student_id_None_optimistic_1.0_None_None_3e-05_0.01_None_0
Epoch: 26, validauc: 0.8126, validacc: 0.7689, best epoch: 26, best auc: 0.8126, train loss: 15.48171373828898, emb_type: qid, model: akt, save_dir: saved_model/akt_also_full_20260713_225853_42622/s1_pilr3e5_bs64/assist2009_akt_qid_saved_model/akt_also_full_20260713_225853_42622/s1_pilr3e5_bs64_42_0_0.2_256_512_8_4_0.0001_64_100_0_0_1_student_id_None_optimistic_1.0_None_None_3e-05_0.01_None_0
Epoch: 27, validauc: 0.8126, validacc: 0.7689, best epoch: 26, best auc: 0.8126, train loss: 15.450278316531893, emb_type: qid, model: akt, save_dir: saved_model/akt_also_full_20260713_225853_42622/s1_pilr3e5_bs64/assist2009_akt_qid_saved_model/akt_also_full_20260713_225853_42622/s1_pilr3e5_bs64_42_0_0.2_256_512_8_4_0.0001_64_100_0_0_1_student_id_None_optimistic_1.0_None_None_3e-05_0.01_None_0

[logs/akt_also_full_20260713_225853_42622/scheduler.log]

===== 2026-07-13 23:52:04 =====
0, 24 %, 19322 MiB, 32607 MiB, 95.66 W
42622 bash scripts/run_akt_also_full_ablation.sh
42628 bash scripts/run_akt_also_full_ablation.sh
42629 bash scripts/run_akt_also_full_ablation.sh
42632 python -m examples.wandb_akt_train --dataset_name assist2009 --model_name akt --emb_type qid --seed 42 --fold 0 --dropout 0.2 --d_model 256 --learning_rate 1e-4 --num_epochs 100 --use_wandb 0 --add_uuid 0 --use_trained 0 --batch_size 64 --use_also 1 --also_grouping_mode student_id --also_pi_lr 1e-3 --also_pi_decay 1e-2 --save_dir saved_model/akt_also_full_20260713_225853_42622/s1_pilr1e3_bs64
42633 python -m examples.wandb_akt_train --dataset_name assist2009 --model_name akt --emb_type qid --seed 42 --fold 0 --dropout 0.2 --d_model 256 --learning_rate 1e-4 --num_epochs 100 --use_wandb 0 --add_uuid 0 --use_trained 0 --batch_size 64 --use_also 1 --also_grouping_mode student_id --also_pi_lr 3e-5 --also_pi_decay 1e-2 --save_dir saved_model/akt_also_full_20260713_225853_42622/s1_pilr3e5_bs64

[logs/akt_student_also_v2/baseline_bs64.log]
✅ Training Finished! Total Time Cost: 792.54 s
Traceback (most recent call last):
Traceback (most recent call last):

[logs/akt_student_also_v2/baseline_bs64_recheck_20260713_230900.log]

[logs/akt_student_also_v2/baseline_bs64_recheck_20260713_231000.log]
    "student_stats_mean": 0.6284802629519268,
    "student_stats_std": 0.20137414616859872,
    "student_stats_range": 1.0,

[logs/akt_student_also_v2/runner.log]

[logs/akt_also_full_20260713_225853_42622/s1_pilr1e3_bs64.log]
Epoch: 26, validauc: 0.8121, validacc: 0.7691, best epoch: 25, best auc: 0.8121, train loss: 15.504220987185741, emb_type: qid, model: akt, save_dir: saved_model/akt_also_full_20260713_225853_42622/s1_pilr1e3_bs64/assist2009_akt_qid_saved_model/akt_also_full_20260713_225853_42622/s1_pilr1e3_bs64_42_0_0.2_256_512_8_4_0.0001_64_100_0_0_1_student_id_None_optimistic_1.0_None_None_0.001_0.01_None_0
Epoch: 27, validauc: 0.8121, validacc: 0.7691, best epoch: 25, best auc: 0.8121, train loss: 15.468403118605076, emb_type: qid, model: akt, save_dir: saved_model/akt_also_full_20260713_225853_42622/s1_pilr1e3_bs64/assist2009_akt_qid_saved_model/akt_also_full_20260713_225853_42622/s1_pilr1e3_bs64_42_0_0.2_256_512_8_4_0.0001_64_100_0_0_1_student_id_None_optimistic_1.0_None_None_0.001_0.01_None_0
Epoch: 28, validauc: 0.8131, validacc: 0.769, best epoch: 28, best auc: 0.8131, train loss: 15.418235884617891, emb_type: qid, model: akt, save_dir: saved_model/akt_also_full_20260713_225853_42622/s1_pilr1e3_bs64/assist2009_akt_qid_saved_model/akt_also_full_20260713_225853_42622/s1_pilr1e3_bs64_42_0_0.2_256_512_8_4_0.0001_64_100_0_0_1_student_id_None_optimistic_1.0_None_None_0.001_0.01_None_0

[logs/akt_also_full_20260713_225853_42622/s1_pilr3e5_bs64.log]
Epoch: 26, validauc: 0.8126, validacc: 0.7689, best epoch: 26, best auc: 0.8126, train loss: 15.48171373828898, emb_type: qid, model: akt, save_dir: saved_model/akt_also_full_20260713_225853_42622/s1_pilr3e5_bs64/assist2009_akt_qid_saved_model/akt_also_full_20260713_225853_42622/s1_pilr3e5_bs64_42_0_0.2_256_512_8_4_0.0001_64_100_0_0_1_student_id_None_optimistic_1.0_None_None_3e-05_0.01_None_0
Epoch: 27, validauc: 0.8126, validacc: 0.7689, best epoch: 26, best auc: 0.8126, train loss: 15.450278316531893, emb_type: qid, model: akt, save_dir: saved_model/akt_also_full_20260713_225853_42622/s1_pilr3e5_bs64/assist2009_akt_qid_saved_model/akt_also_full_20260713_225853_42622/s1_pilr3e5_bs64_42_0_0.2_256_512_8_4_0.0001_64_100_0_0_1_student_id_None_optimistic_1.0_None_None_3e-05_0.01_None_0
Epoch: 28, validauc: 0.8126, validacc: 0.7689, best epoch: 26, best auc: 0.8126, train loss: 15.396902942767762, emb_type: qid, model: akt, save_dir: saved_model/akt_also_full_20260713_225853_42622/s1_pilr3e5_bs64/assist2009_akt_qid_saved_model/akt_also_full_20260713_225853_42622/s1_pilr3e5_bs64_42_0_0.2_256_512_8_4_0.0001_64_100_0_0_1_student_id_None_optimistic_1.0_None_None_3e-05_0.01_None_0

[logs/akt_also_full_20260713_225853_42622/scheduler.log]

===== 2026-07-13 23:53:04 =====
0, 5 %, 19322 MiB, 32607 MiB, 93.18 W
42622 bash scripts/run_akt_also_full_ablation.sh
42628 bash scripts/run_akt_also_full_ablation.sh
42629 bash scripts/run_akt_also_full_ablation.sh
42632 python -m examples.wandb_akt_train --dataset_name assist2009 --model_name akt --emb_type qid --seed 42 --fold 0 --dropout 0.2 --d_model 256 --learning_rate 1e-4 --num_epochs 100 --use_wandb 0 --add_uuid 0 --use_trained 0 --batch_size 64 --use_also 1 --also_grouping_mode student_id --also_pi_lr 1e-3 --also_pi_decay 1e-2 --save_dir saved_model/akt_also_full_20260713_225853_42622/s1_pilr1e3_bs64
42633 python -m examples.wandb_akt_train --dataset_name assist2009 --model_name akt --emb_type qid --seed 42 --fold 0 --dropout 0.2 --d_model 256 --learning_rate 1e-4 --num_epochs 100 --use_wandb 0 --add_uuid 0 --use_trained 0 --batch_size 64 --use_also 1 --also_grouping_mode student_id --also_pi_lr 3e-5 --also_pi_decay 1e-2 --save_dir saved_model/akt_also_full_20260713_225853_42622/s1_pilr3e5_bs64

[logs/akt_student_also_v2/baseline_bs64.log]
✅ Training Finished! Total Time Cost: 792.54 s
Traceback (most recent call last):
Traceback (most recent call last):

[logs/akt_student_also_v2/baseline_bs64_recheck_20260713_230900.log]

[logs/akt_student_also_v2/baseline_bs64_recheck_20260713_231000.log]
    "student_stats_mean": 0.6284802629519268,
    "student_stats_std": 0.20137414616859872,
    "student_stats_range": 1.0,

[logs/akt_student_also_v2/runner.log]

[logs/akt_also_full_20260713_225853_42622/s1_pilr1e3_bs64.log]
Epoch: 27, validauc: 0.8121, validacc: 0.7691, best epoch: 25, best auc: 0.8121, train loss: 15.468403118605076, emb_type: qid, model: akt, save_dir: saved_model/akt_also_full_20260713_225853_42622/s1_pilr1e3_bs64/assist2009_akt_qid_saved_model/akt_also_full_20260713_225853_42622/s1_pilr1e3_bs64_42_0_0.2_256_512_8_4_0.0001_64_100_0_0_1_student_id_None_optimistic_1.0_None_None_0.001_0.01_None_0
Epoch: 28, validauc: 0.8131, validacc: 0.769, best epoch: 28, best auc: 0.8131, train loss: 15.418235884617891, emb_type: qid, model: akt, save_dir: saved_model/akt_also_full_20260713_225853_42622/s1_pilr1e3_bs64/assist2009_akt_qid_saved_model/akt_also_full_20260713_225853_42622/s1_pilr1e3_bs64_42_0_0.2_256_512_8_4_0.0001_64_100_0_0_1_student_id_None_optimistic_1.0_None_None_0.001_0.01_None_0
Epoch: 29, validauc: 0.8145, validacc: 0.7707, best epoch: 29, best auc: 0.8145, train loss: 15.337270938450308, emb_type: qid, model: akt, save_dir: saved_model/akt_also_full_20260713_225853_42622/s1_pilr1e3_bs64/assist2009_akt_qid_saved_model/akt_also_full_20260713_225853_42622/s1_pilr1e3_bs64_42_0_0.2_256_512_8_4_0.0001_64_100_0_0_1_student_id_None_optimistic_1.0_None_None_0.001_0.01_None_0

[logs/akt_also_full_20260713_225853_42622/s1_pilr3e5_bs64.log]
Epoch: 26, validauc: 0.8126, validacc: 0.7689, best epoch: 26, best auc: 0.8126, train loss: 15.48171373828898, emb_type: qid, model: akt, save_dir: saved_model/akt_also_full_20260713_225853_42622/s1_pilr3e5_bs64/assist2009_akt_qid_saved_model/akt_also_full_20260713_225853_42622/s1_pilr3e5_bs64_42_0_0.2_256_512_8_4_0.0001_64_100_0_0_1_student_id_None_optimistic_1.0_None_None_3e-05_0.01_None_0
Epoch: 27, validauc: 0.8126, validacc: 0.7689, best epoch: 26, best auc: 0.8126, train loss: 15.450278316531893, emb_type: qid, model: akt, save_dir: saved_model/akt_also_full_20260713_225853_42622/s1_pilr3e5_bs64/assist2009_akt_qid_saved_model/akt_also_full_20260713_225853_42622/s1_pilr3e5_bs64_42_0_0.2_256_512_8_4_0.0001_64_100_0_0_1_student_id_None_optimistic_1.0_None_None_3e-05_0.01_None_0
Epoch: 28, validauc: 0.8126, validacc: 0.7689, best epoch: 26, best auc: 0.8126, train loss: 15.396902942767762, emb_type: qid, model: akt, save_dir: saved_model/akt_also_full_20260713_225853_42622/s1_pilr3e5_bs64/assist2009_akt_qid_saved_model/akt_also_full_20260713_225853_42622/s1_pilr3e5_bs64_42_0_0.2_256_512_8_4_0.0001_64_100_0_0_1_student_id_None_optimistic_1.0_None_None_3e-05_0.01_None_0

[logs/akt_also_full_20260713_225853_42622/scheduler.log]

===== 2026-07-13 23:54:05 =====
0, 3 %, 19322 MiB, 32607 MiB, 145.31 W
42622 bash scripts/run_akt_also_full_ablation.sh
42628 bash scripts/run_akt_also_full_ablation.sh
42629 bash scripts/run_akt_also_full_ablation.sh
42632 python -m examples.wandb_akt_train --dataset_name assist2009 --model_name akt --emb_type qid --seed 42 --fold 0 --dropout 0.2 --d_model 256 --learning_rate 1e-4 --num_epochs 100 --use_wandb 0 --add_uuid 0 --use_trained 0 --batch_size 64 --use_also 1 --also_grouping_mode student_id --also_pi_lr 1e-3 --also_pi_decay 1e-2 --save_dir saved_model/akt_also_full_20260713_225853_42622/s1_pilr1e3_bs64
42633 python -m examples.wandb_akt_train --dataset_name assist2009 --model_name akt --emb_type qid --seed 42 --fold 0 --dropout 0.2 --d_model 256 --learning_rate 1e-4 --num_epochs 100 --use_wandb 0 --add_uuid 0 --use_trained 0 --batch_size 64 --use_also 1 --also_grouping_mode student_id --also_pi_lr 3e-5 --also_pi_decay 1e-2 --save_dir saved_model/akt_also_full_20260713_225853_42622/s1_pilr3e5_bs64

[logs/akt_student_also_v2/baseline_bs64.log]
✅ Training Finished! Total Time Cost: 792.54 s
Traceback (most recent call last):
Traceback (most recent call last):

[logs/akt_student_also_v2/baseline_bs64_recheck_20260713_230900.log]

[logs/akt_student_also_v2/baseline_bs64_recheck_20260713_231000.log]
    "student_stats_mean": 0.6284802629519268,
    "student_stats_std": 0.20137414616859872,
    "student_stats_range": 1.0,

[logs/akt_student_also_v2/runner.log]

[logs/akt_also_full_20260713_225853_42622/s1_pilr1e3_bs64.log]
Epoch: 28, validauc: 0.8131, validacc: 0.769, best epoch: 28, best auc: 0.8131, train loss: 15.418235884617891, emb_type: qid, model: akt, save_dir: saved_model/akt_also_full_20260713_225853_42622/s1_pilr1e3_bs64/assist2009_akt_qid_saved_model/akt_also_full_20260713_225853_42622/s1_pilr1e3_bs64_42_0_0.2_256_512_8_4_0.0001_64_100_0_0_1_student_id_None_optimistic_1.0_None_None_0.001_0.01_None_0
Epoch: 29, validauc: 0.8145, validacc: 0.7707, best epoch: 29, best auc: 0.8145, train loss: 15.337270938450308, emb_type: qid, model: akt, save_dir: saved_model/akt_also_full_20260713_225853_42622/s1_pilr1e3_bs64/assist2009_akt_qid_saved_model/akt_also_full_20260713_225853_42622/s1_pilr1e3_bs64_42_0_0.2_256_512_8_4_0.0001_64_100_0_0_1_student_id_None_optimistic_1.0_None_None_0.001_0.01_None_0
Epoch: 30, validauc: 0.8145, validacc: 0.7707, best epoch: 29, best auc: 0.8145, train loss: 15.32850339698331, emb_type: qid, model: akt, save_dir: saved_model/akt_also_full_20260713_225853_42622/s1_pilr1e3_bs64/assist2009_akt_qid_saved_model/akt_also_full_20260713_225853_42622/s1_pilr1e3_bs64_42_0_0.2_256_512_8_4_0.0001_64_100_0_0_1_student_id_None_optimistic_1.0_None_None_0.001_0.01_None_0

[logs/akt_also_full_20260713_225853_42622/s1_pilr3e5_bs64.log]
Epoch: 27, validauc: 0.8126, validacc: 0.7689, best epoch: 26, best auc: 0.8126, train loss: 15.450278316531893, emb_type: qid, model: akt, save_dir: saved_model/akt_also_full_20260713_225853_42622/s1_pilr3e5_bs64/assist2009_akt_qid_saved_model/akt_also_full_20260713_225853_42622/s1_pilr3e5_bs64_42_0_0.2_256_512_8_4_0.0001_64_100_0_0_1_student_id_None_optimistic_1.0_None_None_3e-05_0.01_None_0
Epoch: 28, validauc: 0.8126, validacc: 0.7689, best epoch: 26, best auc: 0.8126, train loss: 15.396902942767762, emb_type: qid, model: akt, save_dir: saved_model/akt_also_full_20260713_225853_42622/s1_pilr3e5_bs64/assist2009_akt_qid_saved_model/akt_also_full_20260713_225853_42622/s1_pilr3e5_bs64_42_0_0.2_256_512_8_4_0.0001_64_100_0_0_1_student_id_None_optimistic_1.0_None_None_3e-05_0.01_None_0
Epoch: 29, validauc: 0.8147, validacc: 0.7702, best epoch: 29, best auc: 0.8147, train loss: 15.304177310962572, emb_type: qid, model: akt, save_dir: saved_model/akt_also_full_20260713_225853_42622/s1_pilr3e5_bs64/assist2009_akt_qid_saved_model/akt_also_full_20260713_225853_42622/s1_pilr3e5_bs64_42_0_0.2_256_512_8_4_0.0001_64_100_0_0_1_student_id_None_optimistic_1.0_None_None_3e-05_0.01_None_0

[logs/akt_also_full_20260713_225853_42622/scheduler.log]

===== 2026-07-13 23:55:05 =====
0, 2 %, 19322 MiB, 32607 MiB, 136.56 W
42622 bash scripts/run_akt_also_full_ablation.sh
42628 bash scripts/run_akt_also_full_ablation.sh
42629 bash scripts/run_akt_also_full_ablation.sh
42632 python -m examples.wandb_akt_train --dataset_name assist2009 --model_name akt --emb_type qid --seed 42 --fold 0 --dropout 0.2 --d_model 256 --learning_rate 1e-4 --num_epochs 100 --use_wandb 0 --add_uuid 0 --use_trained 0 --batch_size 64 --use_also 1 --also_grouping_mode student_id --also_pi_lr 1e-3 --also_pi_decay 1e-2 --save_dir saved_model/akt_also_full_20260713_225853_42622/s1_pilr1e3_bs64
42633 python -m examples.wandb_akt_train --dataset_name assist2009 --model_name akt --emb_type qid --seed 42 --fold 0 --dropout 0.2 --d_model 256 --learning_rate 1e-4 --num_epochs 100 --use_wandb 0 --add_uuid 0 --use_trained 0 --batch_size 64 --use_also 1 --also_grouping_mode student_id --also_pi_lr 3e-5 --also_pi_decay 1e-2 --save_dir saved_model/akt_also_full_20260713_225853_42622/s1_pilr3e5_bs64

[logs/akt_student_also_v2/baseline_bs64.log]
✅ Training Finished! Total Time Cost: 792.54 s
Traceback (most recent call last):
Traceback (most recent call last):

[logs/akt_student_also_v2/baseline_bs64_recheck_20260713_230900.log]

[logs/akt_student_also_v2/baseline_bs64_recheck_20260713_231000.log]
    "student_stats_mean": 0.6284802629519268,
    "student_stats_std": 0.20137414616859872,
    "student_stats_range": 1.0,

[logs/akt_student_also_v2/runner.log]

[logs/akt_also_full_20260713_225853_42622/s1_pilr1e3_bs64.log]
Epoch: 28, validauc: 0.8131, validacc: 0.769, best epoch: 28, best auc: 0.8131, train loss: 15.418235884617891, emb_type: qid, model: akt, save_dir: saved_model/akt_also_full_20260713_225853_42622/s1_pilr1e3_bs64/assist2009_akt_qid_saved_model/akt_also_full_20260713_225853_42622/s1_pilr1e3_bs64_42_0_0.2_256_512_8_4_0.0001_64_100_0_0_1_student_id_None_optimistic_1.0_None_None_0.001_0.01_None_0
Epoch: 29, validauc: 0.8145, validacc: 0.7707, best epoch: 29, best auc: 0.8145, train loss: 15.337270938450308, emb_type: qid, model: akt, save_dir: saved_model/akt_also_full_20260713_225853_42622/s1_pilr1e3_bs64/assist2009_akt_qid_saved_model/akt_also_full_20260713_225853_42622/s1_pilr1e3_bs64_42_0_0.2_256_512_8_4_0.0001_64_100_0_0_1_student_id_None_optimistic_1.0_None_None_0.001_0.01_None_0
Epoch: 30, validauc: 0.8145, validacc: 0.7707, best epoch: 29, best auc: 0.8145, train loss: 15.32850339698331, emb_type: qid, model: akt, save_dir: saved_model/akt_also_full_20260713_225853_42622/s1_pilr1e3_bs64/assist2009_akt_qid_saved_model/akt_also_full_20260713_225853_42622/s1_pilr1e3_bs64_42_0_0.2_256_512_8_4_0.0001_64_100_0_0_1_student_id_None_optimistic_1.0_None_None_0.001_0.01_None_0

[logs/akt_also_full_20260713_225853_42622/s1_pilr3e5_bs64.log]
Epoch: 28, validauc: 0.8126, validacc: 0.7689, best epoch: 26, best auc: 0.8126, train loss: 15.396902942767762, emb_type: qid, model: akt, save_dir: saved_model/akt_also_full_20260713_225853_42622/s1_pilr3e5_bs64/assist2009_akt_qid_saved_model/akt_also_full_20260713_225853_42622/s1_pilr3e5_bs64_42_0_0.2_256_512_8_4_0.0001_64_100_0_0_1_student_id_None_optimistic_1.0_None_None_3e-05_0.01_None_0
Epoch: 29, validauc: 0.8147, validacc: 0.7702, best epoch: 29, best auc: 0.8147, train loss: 15.304177310962572, emb_type: qid, model: akt, save_dir: saved_model/akt_also_full_20260713_225853_42622/s1_pilr3e5_bs64/assist2009_akt_qid_saved_model/akt_also_full_20260713_225853_42622/s1_pilr3e5_bs64_42_0_0.2_256_512_8_4_0.0001_64_100_0_0_1_student_id_None_optimistic_1.0_None_None_3e-05_0.01_None_0
Epoch: 30, validauc: 0.8147, validacc: 0.7702, best epoch: 29, best auc: 0.8147, train loss: 15.308030531234024, emb_type: qid, model: akt, save_dir: saved_model/akt_also_full_20260713_225853_42622/s1_pilr3e5_bs64/assist2009_akt_qid_saved_model/akt_also_full_20260713_225853_42622/s1_pilr3e5_bs64_42_0_0.2_256_512_8_4_0.0001_64_100_0_0_1_student_id_None_optimistic_1.0_None_None_3e-05_0.01_None_0

[logs/akt_also_full_20260713_225853_42622/scheduler.log]

===== 2026-07-13 23:56:06 =====
0, 3 %, 19322 MiB, 32607 MiB, 100.39 W
42622 bash scripts/run_akt_also_full_ablation.sh
42628 bash scripts/run_akt_also_full_ablation.sh
42629 bash scripts/run_akt_also_full_ablation.sh
42632 python -m examples.wandb_akt_train --dataset_name assist2009 --model_name akt --emb_type qid --seed 42 --fold 0 --dropout 0.2 --d_model 256 --learning_rate 1e-4 --num_epochs 100 --use_wandb 0 --add_uuid 0 --use_trained 0 --batch_size 64 --use_also 1 --also_grouping_mode student_id --also_pi_lr 1e-3 --also_pi_decay 1e-2 --save_dir saved_model/akt_also_full_20260713_225853_42622/s1_pilr1e3_bs64
42633 python -m examples.wandb_akt_train --dataset_name assist2009 --model_name akt --emb_type qid --seed 42 --fold 0 --dropout 0.2 --d_model 256 --learning_rate 1e-4 --num_epochs 100 --use_wandb 0 --add_uuid 0 --use_trained 0 --batch_size 64 --use_also 1 --also_grouping_mode student_id --also_pi_lr 3e-5 --also_pi_decay 1e-2 --save_dir saved_model/akt_also_full_20260713_225853_42622/s1_pilr3e5_bs64

[logs/akt_student_also_v2/baseline_bs64.log]
✅ Training Finished! Total Time Cost: 792.54 s
Traceback (most recent call last):
Traceback (most recent call last):

[logs/akt_student_also_v2/baseline_bs64_recheck_20260713_230900.log]

[logs/akt_student_also_v2/baseline_bs64_recheck_20260713_231000.log]
    "student_stats_mean": 0.6284802629519268,
    "student_stats_std": 0.20137414616859872,
    "student_stats_range": 1.0,

[logs/akt_student_also_v2/runner.log]

[logs/akt_also_full_20260713_225853_42622/s1_pilr1e3_bs64.log]
Epoch: 29, validauc: 0.8145, validacc: 0.7707, best epoch: 29, best auc: 0.8145, train loss: 15.337270938450308, emb_type: qid, model: akt, save_dir: saved_model/akt_also_full_20260713_225853_42622/s1_pilr1e3_bs64/assist2009_akt_qid_saved_model/akt_also_full_20260713_225853_42622/s1_pilr1e3_bs64_42_0_0.2_256_512_8_4_0.0001_64_100_0_0_1_student_id_None_optimistic_1.0_None_None_0.001_0.01_None_0
Epoch: 30, validauc: 0.8145, validacc: 0.7707, best epoch: 29, best auc: 0.8145, train loss: 15.32850339698331, emb_type: qid, model: akt, save_dir: saved_model/akt_also_full_20260713_225853_42622/s1_pilr1e3_bs64/assist2009_akt_qid_saved_model/akt_also_full_20260713_225853_42622/s1_pilr1e3_bs64_42_0_0.2_256_512_8_4_0.0001_64_100_0_0_1_student_id_None_optimistic_1.0_None_None_0.001_0.01_None_0
Epoch: 31, validauc: 0.8145, validacc: 0.7707, best epoch: 29, best auc: 0.8145, train loss: 15.287227850015109, emb_type: qid, model: akt, save_dir: saved_model/akt_also_full_20260713_225853_42622/s1_pilr1e3_bs64/assist2009_akt_qid_saved_model/akt_also_full_20260713_225853_42622/s1_pilr1e3_bs64_42_0_0.2_256_512_8_4_0.0001_64_100_0_0_1_student_id_None_optimistic_1.0_None_None_0.001_0.01_None_0

[logs/akt_also_full_20260713_225853_42622/s1_pilr3e5_bs64.log]
Epoch: 28, validauc: 0.8126, validacc: 0.7689, best epoch: 26, best auc: 0.8126, train loss: 15.396902942767762, emb_type: qid, model: akt, save_dir: saved_model/akt_also_full_20260713_225853_42622/s1_pilr3e5_bs64/assist2009_akt_qid_saved_model/akt_also_full_20260713_225853_42622/s1_pilr3e5_bs64_42_0_0.2_256_512_8_4_0.0001_64_100_0_0_1_student_id_None_optimistic_1.0_None_None_3e-05_0.01_None_0
Epoch: 29, validauc: 0.8147, validacc: 0.7702, best epoch: 29, best auc: 0.8147, train loss: 15.304177310962572, emb_type: qid, model: akt, save_dir: saved_model/akt_also_full_20260713_225853_42622/s1_pilr3e5_bs64/assist2009_akt_qid_saved_model/akt_also_full_20260713_225853_42622/s1_pilr3e5_bs64_42_0_0.2_256_512_8_4_0.0001_64_100_0_0_1_student_id_None_optimistic_1.0_None_None_3e-05_0.01_None_0
Epoch: 30, validauc: 0.8147, validacc: 0.7702, best epoch: 29, best auc: 0.8147, train loss: 15.308030531234024, emb_type: qid, model: akt, save_dir: saved_model/akt_also_full_20260713_225853_42622/s1_pilr3e5_bs64/assist2009_akt_qid_saved_model/akt_also_full_20260713_225853_42622/s1_pilr3e5_bs64_42_0_0.2_256_512_8_4_0.0001_64_100_0_0_1_student_id_None_optimistic_1.0_None_None_3e-05_0.01_None_0

[logs/akt_also_full_20260713_225853_42622/scheduler.log]

===== 2026-07-13 23:57:06 =====
0, 19 %, 19322 MiB, 32607 MiB, 115.36 W
42622 bash scripts/run_akt_also_full_ablation.sh
42628 bash scripts/run_akt_also_full_ablation.sh
42629 bash scripts/run_akt_also_full_ablation.sh
42632 python -m examples.wandb_akt_train --dataset_name assist2009 --model_name akt --emb_type qid --seed 42 --fold 0 --dropout 0.2 --d_model 256 --learning_rate 1e-4 --num_epochs 100 --use_wandb 0 --add_uuid 0 --use_trained 0 --batch_size 64 --use_also 1 --also_grouping_mode student_id --also_pi_lr 1e-3 --also_pi_decay 1e-2 --save_dir saved_model/akt_also_full_20260713_225853_42622/s1_pilr1e3_bs64
42633 python -m examples.wandb_akt_train --dataset_name assist2009 --model_name akt --emb_type qid --seed 42 --fold 0 --dropout 0.2 --d_model 256 --learning_rate 1e-4 --num_epochs 100 --use_wandb 0 --add_uuid 0 --use_trained 0 --batch_size 64 --use_also 1 --also_grouping_mode student_id --also_pi_lr 3e-5 --also_pi_decay 1e-2 --save_dir saved_model/akt_also_full_20260713_225853_42622/s1_pilr3e5_bs64

[logs/akt_student_also_v2/baseline_bs64.log]
✅ Training Finished! Total Time Cost: 792.54 s
Traceback (most recent call last):
Traceback (most recent call last):

[logs/akt_student_also_v2/baseline_bs64_recheck_20260713_230900.log]

[logs/akt_student_also_v2/baseline_bs64_recheck_20260713_231000.log]
    "student_stats_mean": 0.6284802629519268,
    "student_stats_std": 0.20137414616859872,
    "student_stats_range": 1.0,

[logs/akt_student_also_v2/runner.log]

[logs/akt_also_full_20260713_225853_42622/s1_pilr1e3_bs64.log]
Epoch: 29, validauc: 0.8145, validacc: 0.7707, best epoch: 29, best auc: 0.8145, train loss: 15.337270938450308, emb_type: qid, model: akt, save_dir: saved_model/akt_also_full_20260713_225853_42622/s1_pilr1e3_bs64/assist2009_akt_qid_saved_model/akt_also_full_20260713_225853_42622/s1_pilr1e3_bs64_42_0_0.2_256_512_8_4_0.0001_64_100_0_0_1_student_id_None_optimistic_1.0_None_None_0.001_0.01_None_0
Epoch: 30, validauc: 0.8145, validacc: 0.7707, best epoch: 29, best auc: 0.8145, train loss: 15.32850339698331, emb_type: qid, model: akt, save_dir: saved_model/akt_also_full_20260713_225853_42622/s1_pilr1e3_bs64/assist2009_akt_qid_saved_model/akt_also_full_20260713_225853_42622/s1_pilr1e3_bs64_42_0_0.2_256_512_8_4_0.0001_64_100_0_0_1_student_id_None_optimistic_1.0_None_None_0.001_0.01_None_0
Epoch: 31, validauc: 0.8145, validacc: 0.7707, best epoch: 29, best auc: 0.8145, train loss: 15.287227850015109, emb_type: qid, model: akt, save_dir: saved_model/akt_also_full_20260713_225853_42622/s1_pilr1e3_bs64/assist2009_akt_qid_saved_model/akt_also_full_20260713_225853_42622/s1_pilr1e3_bs64_42_0_0.2_256_512_8_4_0.0001_64_100_0_0_1_student_id_None_optimistic_1.0_None_None_0.001_0.01_None_0

[logs/akt_also_full_20260713_225853_42622/s1_pilr3e5_bs64.log]
Epoch: 29, validauc: 0.8147, validacc: 0.7702, best epoch: 29, best auc: 0.8147, train loss: 15.304177310962572, emb_type: qid, model: akt, save_dir: saved_model/akt_also_full_20260713_225853_42622/s1_pilr3e5_bs64/assist2009_akt_qid_saved_model/akt_also_full_20260713_225853_42622/s1_pilr3e5_bs64_42_0_0.2_256_512_8_4_0.0001_64_100_0_0_1_student_id_None_optimistic_1.0_None_None_3e-05_0.01_None_0
Epoch: 30, validauc: 0.8147, validacc: 0.7702, best epoch: 29, best auc: 0.8147, train loss: 15.308030531234024, emb_type: qid, model: akt, save_dir: saved_model/akt_also_full_20260713_225853_42622/s1_pilr3e5_bs64/assist2009_akt_qid_saved_model/akt_also_full_20260713_225853_42622/s1_pilr3e5_bs64_42_0_0.2_256_512_8_4_0.0001_64_100_0_0_1_student_id_None_optimistic_1.0_None_None_3e-05_0.01_None_0
Epoch: 31, validauc: 0.8147, validacc: 0.7702, best epoch: 29, best auc: 0.8147, train loss: 15.274527578850908, emb_type: qid, model: akt, save_dir: saved_model/akt_also_full_20260713_225853_42622/s1_pilr3e5_bs64/assist2009_akt_qid_saved_model/akt_also_full_20260713_225853_42622/s1_pilr3e5_bs64_42_0_0.2_256_512_8_4_0.0001_64_100_0_0_1_student_id_None_optimistic_1.0_None_None_3e-05_0.01_None_0

[logs/akt_also_full_20260713_225853_42622/scheduler.log]

===== 2026-07-13 23:58:06 =====
0, 77 %, 19322 MiB, 32607 MiB, 128.51 W
42622 bash scripts/run_akt_also_full_ablation.sh
42628 bash scripts/run_akt_also_full_ablation.sh
42629 bash scripts/run_akt_also_full_ablation.sh
42632 python -m examples.wandb_akt_train --dataset_name assist2009 --model_name akt --emb_type qid --seed 42 --fold 0 --dropout 0.2 --d_model 256 --learning_rate 1e-4 --num_epochs 100 --use_wandb 0 --add_uuid 0 --use_trained 0 --batch_size 64 --use_also 1 --also_grouping_mode student_id --also_pi_lr 1e-3 --also_pi_decay 1e-2 --save_dir saved_model/akt_also_full_20260713_225853_42622/s1_pilr1e3_bs64
42633 python -m examples.wandb_akt_train --dataset_name assist2009 --model_name akt --emb_type qid --seed 42 --fold 0 --dropout 0.2 --d_model 256 --learning_rate 1e-4 --num_epochs 100 --use_wandb 0 --add_uuid 0 --use_trained 0 --batch_size 64 --use_also 1 --also_grouping_mode student_id --also_pi_lr 3e-5 --also_pi_decay 1e-2 --save_dir saved_model/akt_also_full_20260713_225853_42622/s1_pilr3e5_bs64

[logs/akt_student_also_v2/baseline_bs64.log]
✅ Training Finished! Total Time Cost: 792.54 s
Traceback (most recent call last):
Traceback (most recent call last):

[logs/akt_student_also_v2/baseline_bs64_recheck_20260713_230900.log]

[logs/akt_student_also_v2/baseline_bs64_recheck_20260713_231000.log]
    "student_stats_mean": 0.6284802629519268,
    "student_stats_std": 0.20137414616859872,
    "student_stats_range": 1.0,

[logs/akt_student_also_v2/runner.log]

[logs/akt_also_full_20260713_225853_42622/s1_pilr1e3_bs64.log]
Epoch: 30, validauc: 0.8145, validacc: 0.7707, best epoch: 29, best auc: 0.8145, train loss: 15.32850339698331, emb_type: qid, model: akt, save_dir: saved_model/akt_also_full_20260713_225853_42622/s1_pilr1e3_bs64/assist2009_akt_qid_saved_model/akt_also_full_20260713_225853_42622/s1_pilr1e3_bs64_42_0_0.2_256_512_8_4_0.0001_64_100_0_0_1_student_id_None_optimistic_1.0_None_None_0.001_0.01_None_0
Epoch: 31, validauc: 0.8145, validacc: 0.7707, best epoch: 29, best auc: 0.8145, train loss: 15.287227850015109, emb_type: qid, model: akt, save_dir: saved_model/akt_also_full_20260713_225853_42622/s1_pilr1e3_bs64/assist2009_akt_qid_saved_model/akt_also_full_20260713_225853_42622/s1_pilr1e3_bs64_42_0_0.2_256_512_8_4_0.0001_64_100_0_0_1_student_id_None_optimistic_1.0_None_None_0.001_0.01_None_0
Epoch: 32, validauc: 0.8145, validacc: 0.7707, best epoch: 29, best auc: 0.8145, train loss: 15.164620187141159, emb_type: qid, model: akt, save_dir: saved_model/akt_also_full_20260713_225853_42622/s1_pilr1e3_bs64/assist2009_akt_qid_saved_model/akt_also_full_20260713_225853_42622/s1_pilr1e3_bs64_42_0_0.2_256_512_8_4_0.0001_64_100_0_0_1_student_id_None_optimistic_1.0_None_None_0.001_0.01_None_0

[logs/akt_also_full_20260713_225853_42622/s1_pilr3e5_bs64.log]
Epoch: 29, validauc: 0.8147, validacc: 0.7702, best epoch: 29, best auc: 0.8147, train loss: 15.304177310962572, emb_type: qid, model: akt, save_dir: saved_model/akt_also_full_20260713_225853_42622/s1_pilr3e5_bs64/assist2009_akt_qid_saved_model/akt_also_full_20260713_225853_42622/s1_pilr3e5_bs64_42_0_0.2_256_512_8_4_0.0001_64_100_0_0_1_student_id_None_optimistic_1.0_None_None_3e-05_0.01_None_0
Epoch: 30, validauc: 0.8147, validacc: 0.7702, best epoch: 29, best auc: 0.8147, train loss: 15.308030531234024, emb_type: qid, model: akt, save_dir: saved_model/akt_also_full_20260713_225853_42622/s1_pilr3e5_bs64/assist2009_akt_qid_saved_model/akt_also_full_20260713_225853_42622/s1_pilr3e5_bs64_42_0_0.2_256_512_8_4_0.0001_64_100_0_0_1_student_id_None_optimistic_1.0_None_None_3e-05_0.01_None_0
Epoch: 31, validauc: 0.8147, validacc: 0.7702, best epoch: 29, best auc: 0.8147, train loss: 15.274527578850908, emb_type: qid, model: akt, save_dir: saved_model/akt_also_full_20260713_225853_42622/s1_pilr3e5_bs64/assist2009_akt_qid_saved_model/akt_also_full_20260713_225853_42622/s1_pilr3e5_bs64_42_0_0.2_256_512_8_4_0.0001_64_100_0_0_1_student_id_None_optimistic_1.0_None_None_3e-05_0.01_None_0

[logs/akt_also_full_20260713_225853_42622/scheduler.log]

===== 2026-07-13 23:59:06 =====
0, 94 %, 19322 MiB, 32607 MiB, 143.57 W
42622 bash scripts/run_akt_also_full_ablation.sh
42628 bash scripts/run_akt_also_full_ablation.sh
42629 bash scripts/run_akt_also_full_ablation.sh
42632 python -m examples.wandb_akt_train --dataset_name assist2009 --model_name akt --emb_type qid --seed 42 --fold 0 --dropout 0.2 --d_model 256 --learning_rate 1e-4 --num_epochs 100 --use_wandb 0 --add_uuid 0 --use_trained 0 --batch_size 64 --use_also 1 --also_grouping_mode student_id --also_pi_lr 1e-3 --also_pi_decay 1e-2 --save_dir saved_model/akt_also_full_20260713_225853_42622/s1_pilr1e3_bs64
42633 python -m examples.wandb_akt_train --dataset_name assist2009 --model_name akt --emb_type qid --seed 42 --fold 0 --dropout 0.2 --d_model 256 --learning_rate 1e-4 --num_epochs 100 --use_wandb 0 --add_uuid 0 --use_trained 0 --batch_size 64 --use_also 1 --also_grouping_mode student_id --also_pi_lr 3e-5 --also_pi_decay 1e-2 --save_dir saved_model/akt_also_full_20260713_225853_42622/s1_pilr3e5_bs64

[logs/akt_student_also_v2/baseline_bs64.log]
✅ Training Finished! Total Time Cost: 792.54 s
Traceback (most recent call last):
Traceback (most recent call last):

[logs/akt_student_also_v2/baseline_bs64_recheck_20260713_230900.log]

[logs/akt_student_also_v2/baseline_bs64_recheck_20260713_231000.log]
    "student_stats_mean": 0.6284802629519268,
    "student_stats_std": 0.20137414616859872,
    "student_stats_range": 1.0,

[logs/akt_student_also_v2/runner.log]

[logs/akt_also_full_20260713_225853_42622/s1_pilr1e3_bs64.log]
Epoch: 31, validauc: 0.8145, validacc: 0.7707, best epoch: 29, best auc: 0.8145, train loss: 15.287227850015109, emb_type: qid, model: akt, save_dir: saved_model/akt_also_full_20260713_225853_42622/s1_pilr1e3_bs64/assist2009_akt_qid_saved_model/akt_also_full_20260713_225853_42622/s1_pilr1e3_bs64_42_0_0.2_256_512_8_4_0.0001_64_100_0_0_1_student_id_None_optimistic_1.0_None_None_0.001_0.01_None_0
Epoch: 32, validauc: 0.8145, validacc: 0.7707, best epoch: 29, best auc: 0.8145, train loss: 15.164620187141159, emb_type: qid, model: akt, save_dir: saved_model/akt_also_full_20260713_225853_42622/s1_pilr1e3_bs64/assist2009_akt_qid_saved_model/akt_also_full_20260713_225853_42622/s1_pilr1e3_bs64_42_0_0.2_256_512_8_4_0.0001_64_100_0_0_1_student_id_None_optimistic_1.0_None_None_0.001_0.01_None_0
Epoch: 33, validauc: 0.816, validacc: 0.7701, best epoch: 33, best auc: 0.816, train loss: 15.166888638820732, emb_type: qid, model: akt, save_dir: saved_model/akt_also_full_20260713_225853_42622/s1_pilr1e3_bs64/assist2009_akt_qid_saved_model/akt_also_full_20260713_225853_42622/s1_pilr1e3_bs64_42_0_0.2_256_512_8_4_0.0001_64_100_0_0_1_student_id_None_optimistic_1.0_None_None_0.001_0.01_None_0

[logs/akt_also_full_20260713_225853_42622/s1_pilr3e5_bs64.log]
Epoch: 30, validauc: 0.8147, validacc: 0.7702, best epoch: 29, best auc: 0.8147, train loss: 15.308030531234024, emb_type: qid, model: akt, save_dir: saved_model/akt_also_full_20260713_225853_42622/s1_pilr3e5_bs64/assist2009_akt_qid_saved_model/akt_also_full_20260713_225853_42622/s1_pilr3e5_bs64_42_0_0.2_256_512_8_4_0.0001_64_100_0_0_1_student_id_None_optimistic_1.0_None_None_3e-05_0.01_None_0
Epoch: 31, validauc: 0.8147, validacc: 0.7702, best epoch: 29, best auc: 0.8147, train loss: 15.274527578850908, emb_type: qid, model: akt, save_dir: saved_model/akt_also_full_20260713_225853_42622/s1_pilr3e5_bs64/assist2009_akt_qid_saved_model/akt_also_full_20260713_225853_42622/s1_pilr3e5_bs64_42_0_0.2_256_512_8_4_0.0001_64_100_0_0_1_student_id_None_optimistic_1.0_None_None_3e-05_0.01_None_0
Epoch: 32, validauc: 0.8147, validacc: 0.7702, best epoch: 29, best auc: 0.8147, train loss: 15.150463711647566, emb_type: qid, model: akt, save_dir: saved_model/akt_also_full_20260713_225853_42622/s1_pilr3e5_bs64/assist2009_akt_qid_saved_model/akt_also_full_20260713_225853_42622/s1_pilr3e5_bs64_42_0_0.2_256_512_8_4_0.0001_64_100_0_0_1_student_id_None_optimistic_1.0_None_None_3e-05_0.01_None_0

[logs/akt_also_full_20260713_225853_42622/scheduler.log]

===== 2026-07-14 00:00:07 =====
0, 3 %, 19322 MiB, 32607 MiB, 100.17 W
42622 bash scripts/run_akt_also_full_ablation.sh
42628 bash scripts/run_akt_also_full_ablation.sh
42629 bash scripts/run_akt_also_full_ablation.sh
42632 python -m examples.wandb_akt_train --dataset_name assist2009 --model_name akt --emb_type qid --seed 42 --fold 0 --dropout 0.2 --d_model 256 --learning_rate 1e-4 --num_epochs 100 --use_wandb 0 --add_uuid 0 --use_trained 0 --batch_size 64 --use_also 1 --also_grouping_mode student_id --also_pi_lr 1e-3 --also_pi_decay 1e-2 --save_dir saved_model/akt_also_full_20260713_225853_42622/s1_pilr1e3_bs64
42633 python -m examples.wandb_akt_train --dataset_name assist2009 --model_name akt --emb_type qid --seed 42 --fold 0 --dropout 0.2 --d_model 256 --learning_rate 1e-4 --num_epochs 100 --use_wandb 0 --add_uuid 0 --use_trained 0 --batch_size 64 --use_also 1 --also_grouping_mode student_id --also_pi_lr 3e-5 --also_pi_decay 1e-2 --save_dir saved_model/akt_also_full_20260713_225853_42622/s1_pilr3e5_bs64

[logs/akt_student_also_v2/baseline_bs64.log]
✅ Training Finished! Total Time Cost: 792.54 s
Traceback (most recent call last):
Traceback (most recent call last):

[logs/akt_student_also_v2/baseline_bs64_recheck_20260713_230900.log]

[logs/akt_student_also_v2/baseline_bs64_recheck_20260713_231000.log]
    "student_stats_mean": 0.6284802629519268,
    "student_stats_std": 0.20137414616859872,
    "student_stats_range": 1.0,

[logs/akt_student_also_v2/runner.log]

[logs/akt_also_full_20260713_225853_42622/s1_pilr1e3_bs64.log]
Epoch: 31, validauc: 0.8145, validacc: 0.7707, best epoch: 29, best auc: 0.8145, train loss: 15.287227850015109, emb_type: qid, model: akt, save_dir: saved_model/akt_also_full_20260713_225853_42622/s1_pilr1e3_bs64/assist2009_akt_qid_saved_model/akt_also_full_20260713_225853_42622/s1_pilr1e3_bs64_42_0_0.2_256_512_8_4_0.0001_64_100_0_0_1_student_id_None_optimistic_1.0_None_None_0.001_0.01_None_0
Epoch: 32, validauc: 0.8145, validacc: 0.7707, best epoch: 29, best auc: 0.8145, train loss: 15.164620187141159, emb_type: qid, model: akt, save_dir: saved_model/akt_also_full_20260713_225853_42622/s1_pilr1e3_bs64/assist2009_akt_qid_saved_model/akt_also_full_20260713_225853_42622/s1_pilr1e3_bs64_42_0_0.2_256_512_8_4_0.0001_64_100_0_0_1_student_id_None_optimistic_1.0_None_None_0.001_0.01_None_0
Epoch: 33, validauc: 0.816, validacc: 0.7701, best epoch: 33, best auc: 0.816, train loss: 15.166888638820732, emb_type: qid, model: akt, save_dir: saved_model/akt_also_full_20260713_225853_42622/s1_pilr1e3_bs64/assist2009_akt_qid_saved_model/akt_also_full_20260713_225853_42622/s1_pilr1e3_bs64_42_0_0.2_256_512_8_4_0.0001_64_100_0_0_1_student_id_None_optimistic_1.0_None_None_0.001_0.01_None_0

[logs/akt_also_full_20260713_225853_42622/s1_pilr3e5_bs64.log]
Epoch: 30, validauc: 0.8147, validacc: 0.7702, best epoch: 29, best auc: 0.8147, train loss: 15.308030531234024, emb_type: qid, model: akt, save_dir: saved_model/akt_also_full_20260713_225853_42622/s1_pilr3e5_bs64/assist2009_akt_qid_saved_model/akt_also_full_20260713_225853_42622/s1_pilr3e5_bs64_42_0_0.2_256_512_8_4_0.0001_64_100_0_0_1_student_id_None_optimistic_1.0_None_None_3e-05_0.01_None_0
Epoch: 31, validauc: 0.8147, validacc: 0.7702, best epoch: 29, best auc: 0.8147, train loss: 15.274527578850908, emb_type: qid, model: akt, save_dir: saved_model/akt_also_full_20260713_225853_42622/s1_pilr3e5_bs64/assist2009_akt_qid_saved_model/akt_also_full_20260713_225853_42622/s1_pilr3e5_bs64_42_0_0.2_256_512_8_4_0.0001_64_100_0_0_1_student_id_None_optimistic_1.0_None_None_3e-05_0.01_None_0
Epoch: 32, validauc: 0.8147, validacc: 0.7702, best epoch: 29, best auc: 0.8147, train loss: 15.150463711647566, emb_type: qid, model: akt, save_dir: saved_model/akt_also_full_20260713_225853_42622/s1_pilr3e5_bs64/assist2009_akt_qid_saved_model/akt_also_full_20260713_225853_42622/s1_pilr3e5_bs64_42_0_0.2_256_512_8_4_0.0001_64_100_0_0_1_student_id_None_optimistic_1.0_None_None_3e-05_0.01_None_0

[logs/akt_also_full_20260713_225853_42622/scheduler.log]

===== 2026-07-14 00:01:07 =====
0, 83 %, 19322 MiB, 32607 MiB, 139.35 W
42622 bash scripts/run_akt_also_full_ablation.sh
42628 bash scripts/run_akt_also_full_ablation.sh
42629 bash scripts/run_akt_also_full_ablation.sh
42632 python -m examples.wandb_akt_train --dataset_name assist2009 --model_name akt --emb_type qid --seed 42 --fold 0 --dropout 0.2 --d_model 256 --learning_rate 1e-4 --num_epochs 100 --use_wandb 0 --add_uuid 0 --use_trained 0 --batch_size 64 --use_also 1 --also_grouping_mode student_id --also_pi_lr 1e-3 --also_pi_decay 1e-2 --save_dir saved_model/akt_also_full_20260713_225853_42622/s1_pilr1e3_bs64
42633 python -m examples.wandb_akt_train --dataset_name assist2009 --model_name akt --emb_type qid --seed 42 --fold 0 --dropout 0.2 --d_model 256 --learning_rate 1e-4 --num_epochs 100 --use_wandb 0 --add_uuid 0 --use_trained 0 --batch_size 64 --use_also 1 --also_grouping_mode student_id --also_pi_lr 3e-5 --also_pi_decay 1e-2 --save_dir saved_model/akt_also_full_20260713_225853_42622/s1_pilr3e5_bs64

[logs/akt_student_also_v2/baseline_bs64.log]
✅ Training Finished! Total Time Cost: 792.54 s
Traceback (most recent call last):
Traceback (most recent call last):

[logs/akt_student_also_v2/baseline_bs64_recheck_20260713_230900.log]

[logs/akt_student_also_v2/baseline_bs64_recheck_20260713_231000.log]
    "student_stats_mean": 0.6284802629519268,
    "student_stats_std": 0.20137414616859872,
    "student_stats_range": 1.0,

[logs/akt_student_also_v2/runner.log]

[logs/akt_also_full_20260713_225853_42622/s1_pilr1e3_bs64.log]
Epoch: 32, validauc: 0.8145, validacc: 0.7707, best epoch: 29, best auc: 0.8145, train loss: 15.164620187141159, emb_type: qid, model: akt, save_dir: saved_model/akt_also_full_20260713_225853_42622/s1_pilr1e3_bs64/assist2009_akt_qid_saved_model/akt_also_full_20260713_225853_42622/s1_pilr1e3_bs64_42_0_0.2_256_512_8_4_0.0001_64_100_0_0_1_student_id_None_optimistic_1.0_None_None_0.001_0.01_None_0
Epoch: 33, validauc: 0.816, validacc: 0.7701, best epoch: 33, best auc: 0.816, train loss: 15.166888638820732, emb_type: qid, model: akt, save_dir: saved_model/akt_also_full_20260713_225853_42622/s1_pilr1e3_bs64/assist2009_akt_qid_saved_model/akt_also_full_20260713_225853_42622/s1_pilr1e3_bs64_42_0_0.2_256_512_8_4_0.0001_64_100_0_0_1_student_id_None_optimistic_1.0_None_None_0.001_0.01_None_0
Epoch: 34, validauc: 0.816, validacc: 0.7701, best epoch: 33, best auc: 0.816, train loss: 15.09773622961503, emb_type: qid, model: akt, save_dir: saved_model/akt_also_full_20260713_225853_42622/s1_pilr1e3_bs64/assist2009_akt_qid_saved_model/akt_also_full_20260713_225853_42622/s1_pilr1e3_bs64_42_0_0.2_256_512_8_4_0.0001_64_100_0_0_1_student_id_None_optimistic_1.0_None_None_0.001_0.01_None_0

[logs/akt_also_full_20260713_225853_42622/s1_pilr3e5_bs64.log]
Epoch: 31, validauc: 0.8147, validacc: 0.7702, best epoch: 29, best auc: 0.8147, train loss: 15.274527578850908, emb_type: qid, model: akt, save_dir: saved_model/akt_also_full_20260713_225853_42622/s1_pilr3e5_bs64/assist2009_akt_qid_saved_model/akt_also_full_20260713_225853_42622/s1_pilr3e5_bs64_42_0_0.2_256_512_8_4_0.0001_64_100_0_0_1_student_id_None_optimistic_1.0_None_None_3e-05_0.01_None_0
Epoch: 32, validauc: 0.8147, validacc: 0.7702, best epoch: 29, best auc: 0.8147, train loss: 15.150463711647566, emb_type: qid, model: akt, save_dir: saved_model/akt_also_full_20260713_225853_42622/s1_pilr3e5_bs64/assist2009_akt_qid_saved_model/akt_also_full_20260713_225853_42622/s1_pilr3e5_bs64_42_0_0.2_256_512_8_4_0.0001_64_100_0_0_1_student_id_None_optimistic_1.0_None_None_3e-05_0.01_None_0
Epoch: 33, validauc: 0.8161, validacc: 0.7702, best epoch: 33, best auc: 0.8161, train loss: 15.147912720633348, emb_type: qid, model: akt, save_dir: saved_model/akt_also_full_20260713_225853_42622/s1_pilr3e5_bs64/assist2009_akt_qid_saved_model/akt_also_full_20260713_225853_42622/s1_pilr3e5_bs64_42_0_0.2_256_512_8_4_0.0001_64_100_0_0_1_student_id_None_optimistic_1.0_None_None_3e-05_0.01_None_0

[logs/akt_also_full_20260713_225853_42622/scheduler.log]

===== 2026-07-14 00:02:07 =====
0, 4 %, 19322 MiB, 32607 MiB, 81.59 W
42622 bash scripts/run_akt_also_full_ablation.sh
42628 bash scripts/run_akt_also_full_ablation.sh
42629 bash scripts/run_akt_also_full_ablation.sh
42632 python -m examples.wandb_akt_train --dataset_name assist2009 --model_name akt --emb_type qid --seed 42 --fold 0 --dropout 0.2 --d_model 256 --learning_rate 1e-4 --num_epochs 100 --use_wandb 0 --add_uuid 0 --use_trained 0 --batch_size 64 --use_also 1 --also_grouping_mode student_id --also_pi_lr 1e-3 --also_pi_decay 1e-2 --save_dir saved_model/akt_also_full_20260713_225853_42622/s1_pilr1e3_bs64
42633 python -m examples.wandb_akt_train --dataset_name assist2009 --model_name akt --emb_type qid --seed 42 --fold 0 --dropout 0.2 --d_model 256 --learning_rate 1e-4 --num_epochs 100 --use_wandb 0 --add_uuid 0 --use_trained 0 --batch_size 64 --use_also 1 --also_grouping_mode student_id --also_pi_lr 3e-5 --also_pi_decay 1e-2 --save_dir saved_model/akt_also_full_20260713_225853_42622/s1_pilr3e5_bs64

[logs/akt_student_also_v2/baseline_bs64.log]
✅ Training Finished! Total Time Cost: 792.54 s
Traceback (most recent call last):
Traceback (most recent call last):

[logs/akt_student_also_v2/baseline_bs64_recheck_20260713_230900.log]

[logs/akt_student_also_v2/baseline_bs64_recheck_20260713_231000.log]
    "student_stats_mean": 0.6284802629519268,
    "student_stats_std": 0.20137414616859872,
    "student_stats_range": 1.0,

[logs/akt_student_also_v2/runner.log]

[logs/akt_also_full_20260713_225853_42622/s1_pilr1e3_bs64.log]
Epoch: 32, validauc: 0.8145, validacc: 0.7707, best epoch: 29, best auc: 0.8145, train loss: 15.164620187141159, emb_type: qid, model: akt, save_dir: saved_model/akt_also_full_20260713_225853_42622/s1_pilr1e3_bs64/assist2009_akt_qid_saved_model/akt_also_full_20260713_225853_42622/s1_pilr1e3_bs64_42_0_0.2_256_512_8_4_0.0001_64_100_0_0_1_student_id_None_optimistic_1.0_None_None_0.001_0.01_None_0
Epoch: 33, validauc: 0.816, validacc: 0.7701, best epoch: 33, best auc: 0.816, train loss: 15.166888638820732, emb_type: qid, model: akt, save_dir: saved_model/akt_also_full_20260713_225853_42622/s1_pilr1e3_bs64/assist2009_akt_qid_saved_model/akt_also_full_20260713_225853_42622/s1_pilr1e3_bs64_42_0_0.2_256_512_8_4_0.0001_64_100_0_0_1_student_id_None_optimistic_1.0_None_None_0.001_0.01_None_0
Epoch: 34, validauc: 0.816, validacc: 0.7701, best epoch: 33, best auc: 0.816, train loss: 15.09773622961503, emb_type: qid, model: akt, save_dir: saved_model/akt_also_full_20260713_225853_42622/s1_pilr1e3_bs64/assist2009_akt_qid_saved_model/akt_also_full_20260713_225853_42622/s1_pilr1e3_bs64_42_0_0.2_256_512_8_4_0.0001_64_100_0_0_1_student_id_None_optimistic_1.0_None_None_0.001_0.01_None_0

[logs/akt_also_full_20260713_225853_42622/s1_pilr3e5_bs64.log]
Epoch: 31, validauc: 0.8147, validacc: 0.7702, best epoch: 29, best auc: 0.8147, train loss: 15.274527578850908, emb_type: qid, model: akt, save_dir: saved_model/akt_also_full_20260713_225853_42622/s1_pilr3e5_bs64/assist2009_akt_qid_saved_model/akt_also_full_20260713_225853_42622/s1_pilr3e5_bs64_42_0_0.2_256_512_8_4_0.0001_64_100_0_0_1_student_id_None_optimistic_1.0_None_None_3e-05_0.01_None_0
Epoch: 32, validauc: 0.8147, validacc: 0.7702, best epoch: 29, best auc: 0.8147, train loss: 15.150463711647566, emb_type: qid, model: akt, save_dir: saved_model/akt_also_full_20260713_225853_42622/s1_pilr3e5_bs64/assist2009_akt_qid_saved_model/akt_also_full_20260713_225853_42622/s1_pilr3e5_bs64_42_0_0.2_256_512_8_4_0.0001_64_100_0_0_1_student_id_None_optimistic_1.0_None_None_3e-05_0.01_None_0
Epoch: 33, validauc: 0.8161, validacc: 0.7702, best epoch: 33, best auc: 0.8161, train loss: 15.147912720633348, emb_type: qid, model: akt, save_dir: saved_model/akt_also_full_20260713_225853_42622/s1_pilr3e5_bs64/assist2009_akt_qid_saved_model/akt_also_full_20260713_225853_42622/s1_pilr3e5_bs64_42_0_0.2_256_512_8_4_0.0001_64_100_0_0_1_student_id_None_optimistic_1.0_None_None_3e-05_0.01_None_0

[logs/akt_also_full_20260713_225853_42622/scheduler.log]

===== 2026-07-14 00:03:07 =====
0, 100 %, 19322 MiB, 32607 MiB, 151.37 W
42622 bash scripts/run_akt_also_full_ablation.sh
42628 bash scripts/run_akt_also_full_ablation.sh
42629 bash scripts/run_akt_also_full_ablation.sh
42632 python -m examples.wandb_akt_train --dataset_name assist2009 --model_name akt --emb_type qid --seed 42 --fold 0 --dropout 0.2 --d_model 256 --learning_rate 1e-4 --num_epochs 100 --use_wandb 0 --add_uuid 0 --use_trained 0 --batch_size 64 --use_also 1 --also_grouping_mode student_id --also_pi_lr 1e-3 --also_pi_decay 1e-2 --save_dir saved_model/akt_also_full_20260713_225853_42622/s1_pilr1e3_bs64
42633 python -m examples.wandb_akt_train --dataset_name assist2009 --model_name akt --emb_type qid --seed 42 --fold 0 --dropout 0.2 --d_model 256 --learning_rate 1e-4 --num_epochs 100 --use_wandb 0 --add_uuid 0 --use_trained 0 --batch_size 64 --use_also 1 --also_grouping_mode student_id --also_pi_lr 3e-5 --also_pi_decay 1e-2 --save_dir saved_model/akt_also_full_20260713_225853_42622/s1_pilr3e5_bs64

[logs/akt_student_also_v2/baseline_bs64.log]
✅ Training Finished! Total Time Cost: 792.54 s
Traceback (most recent call last):
Traceback (most recent call last):

[logs/akt_student_also_v2/baseline_bs64_recheck_20260713_230900.log]

[logs/akt_student_also_v2/baseline_bs64_recheck_20260713_231000.log]
    "student_stats_mean": 0.6284802629519268,
    "student_stats_std": 0.20137414616859872,
    "student_stats_range": 1.0,

[logs/akt_student_also_v2/runner.log]

[logs/akt_also_full_20260713_225853_42622/s1_pilr1e3_bs64.log]
Epoch: 33, validauc: 0.816, validacc: 0.7701, best epoch: 33, best auc: 0.816, train loss: 15.166888638820732, emb_type: qid, model: akt, save_dir: saved_model/akt_also_full_20260713_225853_42622/s1_pilr1e3_bs64/assist2009_akt_qid_saved_model/akt_also_full_20260713_225853_42622/s1_pilr1e3_bs64_42_0_0.2_256_512_8_4_0.0001_64_100_0_0_1_student_id_None_optimistic_1.0_None_None_0.001_0.01_None_0
Epoch: 34, validauc: 0.816, validacc: 0.7701, best epoch: 33, best auc: 0.816, train loss: 15.09773622961503, emb_type: qid, model: akt, save_dir: saved_model/akt_also_full_20260713_225853_42622/s1_pilr1e3_bs64/assist2009_akt_qid_saved_model/akt_also_full_20260713_225853_42622/s1_pilr1e3_bs64_42_0_0.2_256_512_8_4_0.0001_64_100_0_0_1_student_id_None_optimistic_1.0_None_None_0.001_0.01_None_0
Epoch: 35, validauc: 0.816, validacc: 0.7701, best epoch: 33, best auc: 0.816, train loss: 15.036469150334957, emb_type: qid, model: akt, save_dir: saved_model/akt_also_full_20260713_225853_42622/s1_pilr1e3_bs64/assist2009_akt_qid_saved_model/akt_also_full_20260713_225853_42622/s1_pilr1e3_bs64_42_0_0.2_256_512_8_4_0.0001_64_100_0_0_1_student_id_None_optimistic_1.0_None_None_0.001_0.01_None_0

[logs/akt_also_full_20260713_225853_42622/s1_pilr3e5_bs64.log]
Epoch: 32, validauc: 0.8147, validacc: 0.7702, best epoch: 29, best auc: 0.8147, train loss: 15.150463711647566, emb_type: qid, model: akt, save_dir: saved_model/akt_also_full_20260713_225853_42622/s1_pilr3e5_bs64/assist2009_akt_qid_saved_model/akt_also_full_20260713_225853_42622/s1_pilr3e5_bs64_42_0_0.2_256_512_8_4_0.0001_64_100_0_0_1_student_id_None_optimistic_1.0_None_None_3e-05_0.01_None_0
Epoch: 33, validauc: 0.8161, validacc: 0.7702, best epoch: 33, best auc: 0.8161, train loss: 15.147912720633348, emb_type: qid, model: akt, save_dir: saved_model/akt_also_full_20260713_225853_42622/s1_pilr3e5_bs64/assist2009_akt_qid_saved_model/akt_also_full_20260713_225853_42622/s1_pilr3e5_bs64_42_0_0.2_256_512_8_4_0.0001_64_100_0_0_1_student_id_None_optimistic_1.0_None_None_3e-05_0.01_None_0
Epoch: 34, validauc: 0.8161, validacc: 0.7702, best epoch: 33, best auc: 0.8161, train loss: 15.072994999838132, emb_type: qid, model: akt, save_dir: saved_model/akt_also_full_20260713_225853_42622/s1_pilr3e5_bs64/assist2009_akt_qid_saved_model/akt_also_full_20260713_225853_42622/s1_pilr3e5_bs64_42_0_0.2_256_512_8_4_0.0001_64_100_0_0_1_student_id_None_optimistic_1.0_None_None_3e-05_0.01_None_0

[logs/akt_also_full_20260713_225853_42622/scheduler.log]

===== 2026-07-14 00:04:08 =====
0, 24 %, 19322 MiB, 32607 MiB, 84.18 W
42622 bash scripts/run_akt_also_full_ablation.sh
42628 bash scripts/run_akt_also_full_ablation.sh
42629 bash scripts/run_akt_also_full_ablation.sh
42632 python -m examples.wandb_akt_train --dataset_name assist2009 --model_name akt --emb_type qid --seed 42 --fold 0 --dropout 0.2 --d_model 256 --learning_rate 1e-4 --num_epochs 100 --use_wandb 0 --add_uuid 0 --use_trained 0 --batch_size 64 --use_also 1 --also_grouping_mode student_id --also_pi_lr 1e-3 --also_pi_decay 1e-2 --save_dir saved_model/akt_also_full_20260713_225853_42622/s1_pilr1e3_bs64
42633 python -m examples.wandb_akt_train --dataset_name assist2009 --model_name akt --emb_type qid --seed 42 --fold 0 --dropout 0.2 --d_model 256 --learning_rate 1e-4 --num_epochs 100 --use_wandb 0 --add_uuid 0 --use_trained 0 --batch_size 64 --use_also 1 --also_grouping_mode student_id --also_pi_lr 3e-5 --also_pi_decay 1e-2 --save_dir saved_model/akt_also_full_20260713_225853_42622/s1_pilr3e5_bs64

[logs/akt_student_also_v2/baseline_bs64.log]
✅ Training Finished! Total Time Cost: 792.54 s
Traceback (most recent call last):
Traceback (most recent call last):

[logs/akt_student_also_v2/baseline_bs64_recheck_20260713_230900.log]

[logs/akt_student_also_v2/baseline_bs64_recheck_20260713_231000.log]
    "student_stats_mean": 0.6284802629519268,
    "student_stats_std": 0.20137414616859872,
    "student_stats_range": 1.0,

[logs/akt_student_also_v2/runner.log]

[logs/akt_also_full_20260713_225853_42622/s1_pilr1e3_bs64.log]
Epoch: 33, validauc: 0.816, validacc: 0.7701, best epoch: 33, best auc: 0.816, train loss: 15.166888638820732, emb_type: qid, model: akt, save_dir: saved_model/akt_also_full_20260713_225853_42622/s1_pilr1e3_bs64/assist2009_akt_qid_saved_model/akt_also_full_20260713_225853_42622/s1_pilr1e3_bs64_42_0_0.2_256_512_8_4_0.0001_64_100_0_0_1_student_id_None_optimistic_1.0_None_None_0.001_0.01_None_0
Epoch: 34, validauc: 0.816, validacc: 0.7701, best epoch: 33, best auc: 0.816, train loss: 15.09773622961503, emb_type: qid, model: akt, save_dir: saved_model/akt_also_full_20260713_225853_42622/s1_pilr1e3_bs64/assist2009_akt_qid_saved_model/akt_also_full_20260713_225853_42622/s1_pilr1e3_bs64_42_0_0.2_256_512_8_4_0.0001_64_100_0_0_1_student_id_None_optimistic_1.0_None_None_0.001_0.01_None_0
Epoch: 35, validauc: 0.816, validacc: 0.7701, best epoch: 33, best auc: 0.816, train loss: 15.036469150334957, emb_type: qid, model: akt, save_dir: saved_model/akt_also_full_20260713_225853_42622/s1_pilr1e3_bs64/assist2009_akt_qid_saved_model/akt_also_full_20260713_225853_42622/s1_pilr1e3_bs64_42_0_0.2_256_512_8_4_0.0001_64_100_0_0_1_student_id_None_optimistic_1.0_None_None_0.001_0.01_None_0

[logs/akt_also_full_20260713_225853_42622/s1_pilr3e5_bs64.log]
Epoch: 33, validauc: 0.8161, validacc: 0.7702, best epoch: 33, best auc: 0.8161, train loss: 15.147912720633348, emb_type: qid, model: akt, save_dir: saved_model/akt_also_full_20260713_225853_42622/s1_pilr3e5_bs64/assist2009_akt_qid_saved_model/akt_also_full_20260713_225853_42622/s1_pilr3e5_bs64_42_0_0.2_256_512_8_4_0.0001_64_100_0_0_1_student_id_None_optimistic_1.0_None_None_3e-05_0.01_None_0
Epoch: 34, validauc: 0.8161, validacc: 0.7702, best epoch: 33, best auc: 0.8161, train loss: 15.072994999838132, emb_type: qid, model: akt, save_dir: saved_model/akt_also_full_20260713_225853_42622/s1_pilr3e5_bs64/assist2009_akt_qid_saved_model/akt_also_full_20260713_225853_42622/s1_pilr3e5_bs64_42_0_0.2_256_512_8_4_0.0001_64_100_0_0_1_student_id_None_optimistic_1.0_None_None_3e-05_0.01_None_0
Epoch: 35, validauc: 0.8161, validacc: 0.7702, best epoch: 33, best auc: 0.8161, train loss: 15.016788125897342, emb_type: qid, model: akt, save_dir: saved_model/akt_also_full_20260713_225853_42622/s1_pilr3e5_bs64/assist2009_akt_qid_saved_model/akt_also_full_20260713_225853_42622/s1_pilr3e5_bs64_42_0_0.2_256_512_8_4_0.0001_64_100_0_0_1_student_id_None_optimistic_1.0_None_None_3e-05_0.01_None_0

[logs/akt_also_full_20260713_225853_42622/scheduler.log]

===== 2026-07-14 00:05:08 =====
0, 100 %, 19322 MiB, 32607 MiB, 147.92 W
42622 bash scripts/run_akt_also_full_ablation.sh
42628 bash scripts/run_akt_also_full_ablation.sh
42629 bash scripts/run_akt_also_full_ablation.sh
42632 python -m examples.wandb_akt_train --dataset_name assist2009 --model_name akt --emb_type qid --seed 42 --fold 0 --dropout 0.2 --d_model 256 --learning_rate 1e-4 --num_epochs 100 --use_wandb 0 --add_uuid 0 --use_trained 0 --batch_size 64 --use_also 1 --also_grouping_mode student_id --also_pi_lr 1e-3 --also_pi_decay 1e-2 --save_dir saved_model/akt_also_full_20260713_225853_42622/s1_pilr1e3_bs64
42633 python -m examples.wandb_akt_train --dataset_name assist2009 --model_name akt --emb_type qid --seed 42 --fold 0 --dropout 0.2 --d_model 256 --learning_rate 1e-4 --num_epochs 100 --use_wandb 0 --add_uuid 0 --use_trained 0 --batch_size 64 --use_also 1 --also_grouping_mode student_id --also_pi_lr 3e-5 --also_pi_decay 1e-2 --save_dir saved_model/akt_also_full_20260713_225853_42622/s1_pilr3e5_bs64

[logs/akt_student_also_v2/baseline_bs64.log]
✅ Training Finished! Total Time Cost: 792.54 s
Traceback (most recent call last):
Traceback (most recent call last):

[logs/akt_student_also_v2/baseline_bs64_recheck_20260713_230900.log]

[logs/akt_student_also_v2/baseline_bs64_recheck_20260713_231000.log]
    "student_stats_mean": 0.6284802629519268,
    "student_stats_std": 0.20137414616859872,
    "student_stats_range": 1.0,

[logs/akt_student_also_v2/runner.log]

[logs/akt_also_full_20260713_225853_42622/s1_pilr1e3_bs64.log]
Epoch: 34, validauc: 0.816, validacc: 0.7701, best epoch: 33, best auc: 0.816, train loss: 15.09773622961503, emb_type: qid, model: akt, save_dir: saved_model/akt_also_full_20260713_225853_42622/s1_pilr1e3_bs64/assist2009_akt_qid_saved_model/akt_also_full_20260713_225853_42622/s1_pilr1e3_bs64_42_0_0.2_256_512_8_4_0.0001_64_100_0_0_1_student_id_None_optimistic_1.0_None_None_0.001_0.01_None_0
Epoch: 35, validauc: 0.816, validacc: 0.7701, best epoch: 33, best auc: 0.816, train loss: 15.036469150334957, emb_type: qid, model: akt, save_dir: saved_model/akt_also_full_20260713_225853_42622/s1_pilr1e3_bs64/assist2009_akt_qid_saved_model/akt_also_full_20260713_225853_42622/s1_pilr1e3_bs64_42_0_0.2_256_512_8_4_0.0001_64_100_0_0_1_student_id_None_optimistic_1.0_None_None_0.001_0.01_None_0
Epoch: 36, validauc: 0.816, validacc: 0.7701, best epoch: 33, best auc: 0.816, train loss: 14.972140394078432, emb_type: qid, model: akt, save_dir: saved_model/akt_also_full_20260713_225853_42622/s1_pilr1e3_bs64/assist2009_akt_qid_saved_model/akt_also_full_20260713_225853_42622/s1_pilr1e3_bs64_42_0_0.2_256_512_8_4_0.0001_64_100_0_0_1_student_id_None_optimistic_1.0_None_None_0.001_0.01_None_0

[logs/akt_also_full_20260713_225853_42622/s1_pilr3e5_bs64.log]
Epoch: 33, validauc: 0.8161, validacc: 0.7702, best epoch: 33, best auc: 0.8161, train loss: 15.147912720633348, emb_type: qid, model: akt, save_dir: saved_model/akt_also_full_20260713_225853_42622/s1_pilr3e5_bs64/assist2009_akt_qid_saved_model/akt_also_full_20260713_225853_42622/s1_pilr3e5_bs64_42_0_0.2_256_512_8_4_0.0001_64_100_0_0_1_student_id_None_optimistic_1.0_None_None_3e-05_0.01_None_0
Epoch: 34, validauc: 0.8161, validacc: 0.7702, best epoch: 33, best auc: 0.8161, train loss: 15.072994999838132, emb_type: qid, model: akt, save_dir: saved_model/akt_also_full_20260713_225853_42622/s1_pilr3e5_bs64/assist2009_akt_qid_saved_model/akt_also_full_20260713_225853_42622/s1_pilr3e5_bs64_42_0_0.2_256_512_8_4_0.0001_64_100_0_0_1_student_id_None_optimistic_1.0_None_None_3e-05_0.01_None_0
Epoch: 35, validauc: 0.8161, validacc: 0.7702, best epoch: 33, best auc: 0.8161, train loss: 15.016788125897342, emb_type: qid, model: akt, save_dir: saved_model/akt_also_full_20260713_225853_42622/s1_pilr3e5_bs64/assist2009_akt_qid_saved_model/akt_also_full_20260713_225853_42622/s1_pilr3e5_bs64_42_0_0.2_256_512_8_4_0.0001_64_100_0_0_1_student_id_None_optimistic_1.0_None_None_3e-05_0.01_None_0

[logs/akt_also_full_20260713_225853_42622/scheduler.log]

===== 2026-07-14 00:06:08 =====
0, 3 %, 19322 MiB, 32607 MiB, 112.61 W
42622 bash scripts/run_akt_also_full_ablation.sh
42628 bash scripts/run_akt_also_full_ablation.sh
42629 bash scripts/run_akt_also_full_ablation.sh
42632 python -m examples.wandb_akt_train --dataset_name assist2009 --model_name akt --emb_type qid --seed 42 --fold 0 --dropout 0.2 --d_model 256 --learning_rate 1e-4 --num_epochs 100 --use_wandb 0 --add_uuid 0 --use_trained 0 --batch_size 64 --use_also 1 --also_grouping_mode student_id --also_pi_lr 1e-3 --also_pi_decay 1e-2 --save_dir saved_model/akt_also_full_20260713_225853_42622/s1_pilr1e3_bs64
42633 python -m examples.wandb_akt_train --dataset_name assist2009 --model_name akt --emb_type qid --seed 42 --fold 0 --dropout 0.2 --d_model 256 --learning_rate 1e-4 --num_epochs 100 --use_wandb 0 --add_uuid 0 --use_trained 0 --batch_size 64 --use_also 1 --also_grouping_mode student_id --also_pi_lr 3e-5 --also_pi_decay 1e-2 --save_dir saved_model/akt_also_full_20260713_225853_42622/s1_pilr3e5_bs64

[logs/akt_student_also_v2/baseline_bs64.log]
✅ Training Finished! Total Time Cost: 792.54 s
Traceback (most recent call last):
Traceback (most recent call last):

[logs/akt_student_also_v2/baseline_bs64_recheck_20260713_230900.log]

[logs/akt_student_also_v2/baseline_bs64_recheck_20260713_231000.log]
    "student_stats_mean": 0.6284802629519268,
    "student_stats_std": 0.20137414616859872,
    "student_stats_range": 1.0,

[logs/akt_student_also_v2/runner.log]

[logs/akt_also_full_20260713_225853_42622/s1_pilr1e3_bs64.log]
Epoch: 35, validauc: 0.816, validacc: 0.7701, best epoch: 33, best auc: 0.816, train loss: 15.036469150334957, emb_type: qid, model: akt, save_dir: saved_model/akt_also_full_20260713_225853_42622/s1_pilr1e3_bs64/assist2009_akt_qid_saved_model/akt_also_full_20260713_225853_42622/s1_pilr1e3_bs64_42_0_0.2_256_512_8_4_0.0001_64_100_0_0_1_student_id_None_optimistic_1.0_None_None_0.001_0.01_None_0
Epoch: 36, validauc: 0.816, validacc: 0.7701, best epoch: 33, best auc: 0.816, train loss: 14.972140394078432, emb_type: qid, model: akt, save_dir: saved_model/akt_also_full_20260713_225853_42622/s1_pilr1e3_bs64/assist2009_akt_qid_saved_model/akt_also_full_20260713_225853_42622/s1_pilr1e3_bs64_42_0_0.2_256_512_8_4_0.0001_64_100_0_0_1_student_id_None_optimistic_1.0_None_None_0.001_0.01_None_0
Epoch: 37, validauc: 0.817, validacc: 0.7687, best epoch: 37, best auc: 0.817, train loss: 14.915005121594305, emb_type: qid, model: akt, save_dir: saved_model/akt_also_full_20260713_225853_42622/s1_pilr1e3_bs64/assist2009_akt_qid_saved_model/akt_also_full_20260713_225853_42622/s1_pilr1e3_bs64_42_0_0.2_256_512_8_4_0.0001_64_100_0_0_1_student_id_None_optimistic_1.0_None_None_0.001_0.01_None_0

[logs/akt_also_full_20260713_225853_42622/s1_pilr3e5_bs64.log]
Epoch: 34, validauc: 0.8161, validacc: 0.7702, best epoch: 33, best auc: 0.8161, train loss: 15.072994999838132, emb_type: qid, model: akt, save_dir: saved_model/akt_also_full_20260713_225853_42622/s1_pilr3e5_bs64/assist2009_akt_qid_saved_model/akt_also_full_20260713_225853_42622/s1_pilr3e5_bs64_42_0_0.2_256_512_8_4_0.0001_64_100_0_0_1_student_id_None_optimistic_1.0_None_None_3e-05_0.01_None_0
Epoch: 35, validauc: 0.8161, validacc: 0.7702, best epoch: 33, best auc: 0.8161, train loss: 15.016788125897342, emb_type: qid, model: akt, save_dir: saved_model/akt_also_full_20260713_225853_42622/s1_pilr3e5_bs64/assist2009_akt_qid_saved_model/akt_also_full_20260713_225853_42622/s1_pilr3e5_bs64_42_0_0.2_256_512_8_4_0.0001_64_100_0_0_1_student_id_None_optimistic_1.0_None_None_3e-05_0.01_None_0
Epoch: 36, validauc: 0.8161, validacc: 0.7702, best epoch: 33, best auc: 0.8161, train loss: 14.952132342114487, emb_type: qid, model: akt, save_dir: saved_model/akt_also_full_20260713_225853_42622/s1_pilr3e5_bs64/assist2009_akt_qid_saved_model/akt_also_full_20260713_225853_42622/s1_pilr3e5_bs64_42_0_0.2_256_512_8_4_0.0001_64_100_0_0_1_student_id_None_optimistic_1.0_None_None_3e-05_0.01_None_0

[logs/akt_also_full_20260713_225853_42622/scheduler.log]

===== 2026-07-14 00:07:09 =====
0, 1 %, 19322 MiB, 32607 MiB, 146.36 W
42622 bash scripts/run_akt_also_full_ablation.sh
42628 bash scripts/run_akt_also_full_ablation.sh
42629 bash scripts/run_akt_also_full_ablation.sh
42632 python -m examples.wandb_akt_train --dataset_name assist2009 --model_name akt --emb_type qid --seed 42 --fold 0 --dropout 0.2 --d_model 256 --learning_rate 1e-4 --num_epochs 100 --use_wandb 0 --add_uuid 0 --use_trained 0 --batch_size 64 --use_also 1 --also_grouping_mode student_id --also_pi_lr 1e-3 --also_pi_decay 1e-2 --save_dir saved_model/akt_also_full_20260713_225853_42622/s1_pilr1e3_bs64
42633 python -m examples.wandb_akt_train --dataset_name assist2009 --model_name akt --emb_type qid --seed 42 --fold 0 --dropout 0.2 --d_model 256 --learning_rate 1e-4 --num_epochs 100 --use_wandb 0 --add_uuid 0 --use_trained 0 --batch_size 64 --use_also 1 --also_grouping_mode student_id --also_pi_lr 3e-5 --also_pi_decay 1e-2 --save_dir saved_model/akt_also_full_20260713_225853_42622/s1_pilr3e5_bs64

[logs/akt_student_also_v2/baseline_bs64.log]
✅ Training Finished! Total Time Cost: 792.54 s
Traceback (most recent call last):
Traceback (most recent call last):

[logs/akt_student_also_v2/baseline_bs64_recheck_20260713_230900.log]

[logs/akt_student_also_v2/baseline_bs64_recheck_20260713_231000.log]
    "student_stats_mean": 0.6284802629519268,
    "student_stats_std": 0.20137414616859872,
    "student_stats_range": 1.0,

[logs/akt_student_also_v2/runner.log]

[logs/akt_also_full_20260713_225853_42622/s1_pilr1e3_bs64.log]
Epoch: 35, validauc: 0.816, validacc: 0.7701, best epoch: 33, best auc: 0.816, train loss: 15.036469150334957, emb_type: qid, model: akt, save_dir: saved_model/akt_also_full_20260713_225853_42622/s1_pilr1e3_bs64/assist2009_akt_qid_saved_model/akt_also_full_20260713_225853_42622/s1_pilr1e3_bs64_42_0_0.2_256_512_8_4_0.0001_64_100_0_0_1_student_id_None_optimistic_1.0_None_None_0.001_0.01_None_0
Epoch: 36, validauc: 0.816, validacc: 0.7701, best epoch: 33, best auc: 0.816, train loss: 14.972140394078432, emb_type: qid, model: akt, save_dir: saved_model/akt_also_full_20260713_225853_42622/s1_pilr1e3_bs64/assist2009_akt_qid_saved_model/akt_also_full_20260713_225853_42622/s1_pilr1e3_bs64_42_0_0.2_256_512_8_4_0.0001_64_100_0_0_1_student_id_None_optimistic_1.0_None_None_0.001_0.01_None_0
Epoch: 37, validauc: 0.817, validacc: 0.7687, best epoch: 37, best auc: 0.817, train loss: 14.915005121594305, emb_type: qid, model: akt, save_dir: saved_model/akt_also_full_20260713_225853_42622/s1_pilr1e3_bs64/assist2009_akt_qid_saved_model/akt_also_full_20260713_225853_42622/s1_pilr1e3_bs64_42_0_0.2_256_512_8_4_0.0001_64_100_0_0_1_student_id_None_optimistic_1.0_None_None_0.001_0.01_None_0

[logs/akt_also_full_20260713_225853_42622/s1_pilr3e5_bs64.log]
Epoch: 34, validauc: 0.8161, validacc: 0.7702, best epoch: 33, best auc: 0.8161, train loss: 15.072994999838132, emb_type: qid, model: akt, save_dir: saved_model/akt_also_full_20260713_225853_42622/s1_pilr3e5_bs64/assist2009_akt_qid_saved_model/akt_also_full_20260713_225853_42622/s1_pilr3e5_bs64_42_0_0.2_256_512_8_4_0.0001_64_100_0_0_1_student_id_None_optimistic_1.0_None_None_3e-05_0.01_None_0
Epoch: 35, validauc: 0.8161, validacc: 0.7702, best epoch: 33, best auc: 0.8161, train loss: 15.016788125897342, emb_type: qid, model: akt, save_dir: saved_model/akt_also_full_20260713_225853_42622/s1_pilr3e5_bs64/assist2009_akt_qid_saved_model/akt_also_full_20260713_225853_42622/s1_pilr3e5_bs64_42_0_0.2_256_512_8_4_0.0001_64_100_0_0_1_student_id_None_optimistic_1.0_None_None_3e-05_0.01_None_0
Epoch: 36, validauc: 0.8161, validacc: 0.7702, best epoch: 33, best auc: 0.8161, train loss: 14.952132342114487, emb_type: qid, model: akt, save_dir: saved_model/akt_also_full_20260713_225853_42622/s1_pilr3e5_bs64/assist2009_akt_qid_saved_model/akt_also_full_20260713_225853_42622/s1_pilr3e5_bs64_42_0_0.2_256_512_8_4_0.0001_64_100_0_0_1_student_id_None_optimistic_1.0_None_None_3e-05_0.01_None_0

[logs/akt_also_full_20260713_225853_42622/scheduler.log]

===== 2026-07-14 00:08:10 =====
0, 100 %, 19322 MiB, 32607 MiB, 150.43 W
42622 bash scripts/run_akt_also_full_ablation.sh
42628 bash scripts/run_akt_also_full_ablation.sh
42629 bash scripts/run_akt_also_full_ablation.sh
42632 python -m examples.wandb_akt_train --dataset_name assist2009 --model_name akt --emb_type qid --seed 42 --fold 0 --dropout 0.2 --d_model 256 --learning_rate 1e-4 --num_epochs 100 --use_wandb 0 --add_uuid 0 --use_trained 0 --batch_size 64 --use_also 1 --also_grouping_mode student_id --also_pi_lr 1e-3 --also_pi_decay 1e-2 --save_dir saved_model/akt_also_full_20260713_225853_42622/s1_pilr1e3_bs64
42633 python -m examples.wandb_akt_train --dataset_name assist2009 --model_name akt --emb_type qid --seed 42 --fold 0 --dropout 0.2 --d_model 256 --learning_rate 1e-4 --num_epochs 100 --use_wandb 0 --add_uuid 0 --use_trained 0 --batch_size 64 --use_also 1 --also_grouping_mode student_id --also_pi_lr 3e-5 --also_pi_decay 1e-2 --save_dir saved_model/akt_also_full_20260713_225853_42622/s1_pilr3e5_bs64

[logs/akt_student_also_v2/baseline_bs64.log]
✅ Training Finished! Total Time Cost: 792.54 s
Traceback (most recent call last):
Traceback (most recent call last):

[logs/akt_student_also_v2/baseline_bs64_recheck_20260713_230900.log]

[logs/akt_student_also_v2/baseline_bs64_recheck_20260713_231000.log]
    "student_stats_mean": 0.6284802629519268,
    "student_stats_std": 0.20137414616859872,
    "student_stats_range": 1.0,

[logs/akt_student_also_v2/runner.log]

[logs/akt_also_full_20260713_225853_42622/s1_pilr1e3_bs64.log]
Epoch: 36, validauc: 0.816, validacc: 0.7701, best epoch: 33, best auc: 0.816, train loss: 14.972140394078432, emb_type: qid, model: akt, save_dir: saved_model/akt_also_full_20260713_225853_42622/s1_pilr1e3_bs64/assist2009_akt_qid_saved_model/akt_also_full_20260713_225853_42622/s1_pilr1e3_bs64_42_0_0.2_256_512_8_4_0.0001_64_100_0_0_1_student_id_None_optimistic_1.0_None_None_0.001_0.01_None_0
Epoch: 37, validauc: 0.817, validacc: 0.7687, best epoch: 37, best auc: 0.817, train loss: 14.915005121594305, emb_type: qid, model: akt, save_dir: saved_model/akt_also_full_20260713_225853_42622/s1_pilr1e3_bs64/assist2009_akt_qid_saved_model/akt_also_full_20260713_225853_42622/s1_pilr1e3_bs64_42_0_0.2_256_512_8_4_0.0001_64_100_0_0_1_student_id_None_optimistic_1.0_None_None_0.001_0.01_None_0
Epoch: 38, validauc: 0.817, validacc: 0.7687, best epoch: 37, best auc: 0.817, train loss: 14.83690711575243, emb_type: qid, model: akt, save_dir: saved_model/akt_also_full_20260713_225853_42622/s1_pilr1e3_bs64/assist2009_akt_qid_saved_model/akt_also_full_20260713_225853_42622/s1_pilr1e3_bs64_42_0_0.2_256_512_8_4_0.0001_64_100_0_0_1_student_id_None_optimistic_1.0_None_None_0.001_0.01_None_0

[logs/akt_also_full_20260713_225853_42622/s1_pilr3e5_bs64.log]
Epoch: 35, validauc: 0.8161, validacc: 0.7702, best epoch: 33, best auc: 0.8161, train loss: 15.016788125897342, emb_type: qid, model: akt, save_dir: saved_model/akt_also_full_20260713_225853_42622/s1_pilr3e5_bs64/assist2009_akt_qid_saved_model/akt_also_full_20260713_225853_42622/s1_pilr3e5_bs64_42_0_0.2_256_512_8_4_0.0001_64_100_0_0_1_student_id_None_optimistic_1.0_None_None_3e-05_0.01_None_0
Epoch: 36, validauc: 0.8161, validacc: 0.7702, best epoch: 33, best auc: 0.8161, train loss: 14.952132342114487, emb_type: qid, model: akt, save_dir: saved_model/akt_also_full_20260713_225853_42622/s1_pilr3e5_bs64/assist2009_akt_qid_saved_model/akt_also_full_20260713_225853_42622/s1_pilr3e5_bs64_42_0_0.2_256_512_8_4_0.0001_64_100_0_0_1_student_id_None_optimistic_1.0_None_None_3e-05_0.01_None_0
Epoch: 37, validauc: 0.8172, validacc: 0.7693, best epoch: 37, best auc: 0.8172, train loss: 14.90970088560662, emb_type: qid, model: akt, save_dir: saved_model/akt_also_full_20260713_225853_42622/s1_pilr3e5_bs64/assist2009_akt_qid_saved_model/akt_also_full_20260713_225853_42622/s1_pilr3e5_bs64_42_0_0.2_256_512_8_4_0.0001_64_100_0_0_1_student_id_None_optimistic_1.0_None_None_3e-05_0.01_None_0

[logs/akt_also_full_20260713_225853_42622/scheduler.log]

===== 2026-07-14 00:09:10 =====
0, 1 %, 19322 MiB, 32607 MiB, 101.10 W
42622 bash scripts/run_akt_also_full_ablation.sh
42628 bash scripts/run_akt_also_full_ablation.sh
42629 bash scripts/run_akt_also_full_ablation.sh
42632 python -m examples.wandb_akt_train --dataset_name assist2009 --model_name akt --emb_type qid --seed 42 --fold 0 --dropout 0.2 --d_model 256 --learning_rate 1e-4 --num_epochs 100 --use_wandb 0 --add_uuid 0 --use_trained 0 --batch_size 64 --use_also 1 --also_grouping_mode student_id --also_pi_lr 1e-3 --also_pi_decay 1e-2 --save_dir saved_model/akt_also_full_20260713_225853_42622/s1_pilr1e3_bs64
42633 python -m examples.wandb_akt_train --dataset_name assist2009 --model_name akt --emb_type qid --seed 42 --fold 0 --dropout 0.2 --d_model 256 --learning_rate 1e-4 --num_epochs 100 --use_wandb 0 --add_uuid 0 --use_trained 0 --batch_size 64 --use_also 1 --also_grouping_mode student_id --also_pi_lr 3e-5 --also_pi_decay 1e-2 --save_dir saved_model/akt_also_full_20260713_225853_42622/s1_pilr3e5_bs64

[logs/akt_student_also_v2/baseline_bs64.log]
✅ Training Finished! Total Time Cost: 792.54 s
Traceback (most recent call last):
Traceback (most recent call last):

[logs/akt_student_also_v2/baseline_bs64_recheck_20260713_230900.log]

[logs/akt_student_also_v2/baseline_bs64_recheck_20260713_231000.log]
    "student_stats_mean": 0.6284802629519268,
    "student_stats_std": 0.20137414616859872,
    "student_stats_range": 1.0,

[logs/akt_student_also_v2/runner.log]

[logs/akt_also_full_20260713_225853_42622/s1_pilr1e3_bs64.log]
Epoch: 36, validauc: 0.816, validacc: 0.7701, best epoch: 33, best auc: 0.816, train loss: 14.972140394078432, emb_type: qid, model: akt, save_dir: saved_model/akt_also_full_20260713_225853_42622/s1_pilr1e3_bs64/assist2009_akt_qid_saved_model/akt_also_full_20260713_225853_42622/s1_pilr1e3_bs64_42_0_0.2_256_512_8_4_0.0001_64_100_0_0_1_student_id_None_optimistic_1.0_None_None_0.001_0.01_None_0
Epoch: 37, validauc: 0.817, validacc: 0.7687, best epoch: 37, best auc: 0.817, train loss: 14.915005121594305, emb_type: qid, model: akt, save_dir: saved_model/akt_also_full_20260713_225853_42622/s1_pilr1e3_bs64/assist2009_akt_qid_saved_model/akt_also_full_20260713_225853_42622/s1_pilr1e3_bs64_42_0_0.2_256_512_8_4_0.0001_64_100_0_0_1_student_id_None_optimistic_1.0_None_None_0.001_0.01_None_0
Epoch: 38, validauc: 0.817, validacc: 0.7687, best epoch: 37, best auc: 0.817, train loss: 14.83690711575243, emb_type: qid, model: akt, save_dir: saved_model/akt_also_full_20260713_225853_42622/s1_pilr1e3_bs64/assist2009_akt_qid_saved_model/akt_also_full_20260713_225853_42622/s1_pilr1e3_bs64_42_0_0.2_256_512_8_4_0.0001_64_100_0_0_1_student_id_None_optimistic_1.0_None_None_0.001_0.01_None_0

[logs/akt_also_full_20260713_225853_42622/s1_pilr3e5_bs64.log]
Epoch: 35, validauc: 0.8161, validacc: 0.7702, best epoch: 33, best auc: 0.8161, train loss: 15.016788125897342, emb_type: qid, model: akt, save_dir: saved_model/akt_also_full_20260713_225853_42622/s1_pilr3e5_bs64/assist2009_akt_qid_saved_model/akt_also_full_20260713_225853_42622/s1_pilr3e5_bs64_42_0_0.2_256_512_8_4_0.0001_64_100_0_0_1_student_id_None_optimistic_1.0_None_None_3e-05_0.01_None_0
Epoch: 36, validauc: 0.8161, validacc: 0.7702, best epoch: 33, best auc: 0.8161, train loss: 14.952132342114487, emb_type: qid, model: akt, save_dir: saved_model/akt_also_full_20260713_225853_42622/s1_pilr3e5_bs64/assist2009_akt_qid_saved_model/akt_also_full_20260713_225853_42622/s1_pilr3e5_bs64_42_0_0.2_256_512_8_4_0.0001_64_100_0_0_1_student_id_None_optimistic_1.0_None_None_3e-05_0.01_None_0
Epoch: 37, validauc: 0.8172, validacc: 0.7693, best epoch: 37, best auc: 0.8172, train loss: 14.90970088560662, emb_type: qid, model: akt, save_dir: saved_model/akt_also_full_20260713_225853_42622/s1_pilr3e5_bs64/assist2009_akt_qid_saved_model/akt_also_full_20260713_225853_42622/s1_pilr3e5_bs64_42_0_0.2_256_512_8_4_0.0001_64_100_0_0_1_student_id_None_optimistic_1.0_None_None_3e-05_0.01_None_0

[logs/akt_also_full_20260713_225853_42622/scheduler.log]

===== 2026-07-14 00:10:10 =====
0, 3 %, 19322 MiB, 32607 MiB, 146.67 W
42622 bash scripts/run_akt_also_full_ablation.sh
42628 bash scripts/run_akt_also_full_ablation.sh
42629 bash scripts/run_akt_also_full_ablation.sh
42632 python -m examples.wandb_akt_train --dataset_name assist2009 --model_name akt --emb_type qid --seed 42 --fold 0 --dropout 0.2 --d_model 256 --learning_rate 1e-4 --num_epochs 100 --use_wandb 0 --add_uuid 0 --use_trained 0 --batch_size 64 --use_also 1 --also_grouping_mode student_id --also_pi_lr 1e-3 --also_pi_decay 1e-2 --save_dir saved_model/akt_also_full_20260713_225853_42622/s1_pilr1e3_bs64
42633 python -m examples.wandb_akt_train --dataset_name assist2009 --model_name akt --emb_type qid --seed 42 --fold 0 --dropout 0.2 --d_model 256 --learning_rate 1e-4 --num_epochs 100 --use_wandb 0 --add_uuid 0 --use_trained 0 --batch_size 64 --use_also 1 --also_grouping_mode student_id --also_pi_lr 3e-5 --also_pi_decay 1e-2 --save_dir saved_model/akt_also_full_20260713_225853_42622/s1_pilr3e5_bs64

[logs/akt_student_also_v2/baseline_bs64.log]
✅ Training Finished! Total Time Cost: 792.54 s
Traceback (most recent call last):
Traceback (most recent call last):

[logs/akt_student_also_v2/baseline_bs64_recheck_20260713_230900.log]

[logs/akt_student_also_v2/baseline_bs64_recheck_20260713_231000.log]
    "student_stats_mean": 0.6284802629519268,
    "student_stats_std": 0.20137414616859872,
    "student_stats_range": 1.0,

[logs/akt_student_also_v2/runner.log]

[logs/akt_also_full_20260713_225853_42622/s1_pilr1e3_bs64.log]
Epoch: 37, validauc: 0.817, validacc: 0.7687, best epoch: 37, best auc: 0.817, train loss: 14.915005121594305, emb_type: qid, model: akt, save_dir: saved_model/akt_also_full_20260713_225853_42622/s1_pilr1e3_bs64/assist2009_akt_qid_saved_model/akt_also_full_20260713_225853_42622/s1_pilr1e3_bs64_42_0_0.2_256_512_8_4_0.0001_64_100_0_0_1_student_id_None_optimistic_1.0_None_None_0.001_0.01_None_0
Epoch: 38, validauc: 0.817, validacc: 0.7687, best epoch: 37, best auc: 0.817, train loss: 14.83690711575243, emb_type: qid, model: akt, save_dir: saved_model/akt_also_full_20260713_225853_42622/s1_pilr1e3_bs64/assist2009_akt_qid_saved_model/akt_also_full_20260713_225853_42622/s1_pilr1e3_bs64_42_0_0.2_256_512_8_4_0.0001_64_100_0_0_1_student_id_None_optimistic_1.0_None_None_0.001_0.01_None_0
Epoch: 39, validauc: 0.817, validacc: 0.7687, best epoch: 37, best auc: 0.817, train loss: 14.773768560578603, emb_type: qid, model: akt, save_dir: saved_model/akt_also_full_20260713_225853_42622/s1_pilr1e3_bs64/assist2009_akt_qid_saved_model/akt_also_full_20260713_225853_42622/s1_pilr1e3_bs64_42_0_0.2_256_512_8_4_0.0001_64_100_0_0_1_student_id_None_optimistic_1.0_None_None_0.001_0.01_None_0

[logs/akt_also_full_20260713_225853_42622/s1_pilr3e5_bs64.log]
Epoch: 36, validauc: 0.8161, validacc: 0.7702, best epoch: 33, best auc: 0.8161, train loss: 14.952132342114487, emb_type: qid, model: akt, save_dir: saved_model/akt_also_full_20260713_225853_42622/s1_pilr3e5_bs64/assist2009_akt_qid_saved_model/akt_also_full_20260713_225853_42622/s1_pilr3e5_bs64_42_0_0.2_256_512_8_4_0.0001_64_100_0_0_1_student_id_None_optimistic_1.0_None_None_3e-05_0.01_None_0
Epoch: 37, validauc: 0.8172, validacc: 0.7693, best epoch: 37, best auc: 0.8172, train loss: 14.90970088560662, emb_type: qid, model: akt, save_dir: saved_model/akt_also_full_20260713_225853_42622/s1_pilr3e5_bs64/assist2009_akt_qid_saved_model/akt_also_full_20260713_225853_42622/s1_pilr3e5_bs64_42_0_0.2_256_512_8_4_0.0001_64_100_0_0_1_student_id_None_optimistic_1.0_None_None_3e-05_0.01_None_0
Epoch: 38, validauc: 0.8172, validacc: 0.7693, best epoch: 37, best auc: 0.8172, train loss: 14.831464068149904, emb_type: qid, model: akt, save_dir: saved_model/akt_also_full_20260713_225853_42622/s1_pilr3e5_bs64/assist2009_akt_qid_saved_model/akt_also_full_20260713_225853_42622/s1_pilr3e5_bs64_42_0_0.2_256_512_8_4_0.0001_64_100_0_0_1_student_id_None_optimistic_1.0_None_None_3e-05_0.01_None_0

[logs/akt_also_full_20260713_225853_42622/scheduler.log]
