source_file,model_name,dataset_name,fold,best_params_summary,emb_type,learning_rate,seed,dropout,dropout1,batch_size,num_epochs,emb_size,d_model,d_ff,num_attn_heads,nheads,n_blocks,num_layers,hidden_dim,final_fc_dim,final_fc_dim2,l3,l1,l2,start,answer_dim,skill_dim,epsilon,attention_dim,beta,dim_s,size_m,bf,difficult_levels,num_steps,weight_decay,lambda_w1,lambda_w2,lambda_r,n_know,kernel_size,graph_type,time_log,n_layer,cog_levels,gamma,lamb,acq_levels,n_mlp_hidden,n_rnn_hidden,n_hidden,n_rnn_layers,d_a,d_e,d_k,other_config,mlp_layer_num,num_en,loss3,loss2,loss1,k_index,sparse_ratio,r
akt.csv,akt,algebra2005,0,"{""emb_type"": ""qid"", ""d_ff"": 256, ""dropout"": 0.1, ""d_model"": 256, ""num_attn_heads"": 4, ""seed"": 3407, ""n_blocks"": 4, ""learning_rate"": 0.0001}",qid,0.0001,3407,0.1,,,,,256.0,256.0,4.0,,4.0,,,,,,,,,,,,,,,,,,,,,,,,,,,,,,,,,,,,,,,,,,,,,,,
akt.csv,akt,algebra2005,1,"{""emb_type"": ""qid"", ""d_ff"": 256, ""dropout"": 0.05, ""d_model"": 64, ""num_attn_heads"": 4, ""seed"": 42, ""n_blocks"": 4, ""learning_rate"": 0.0001}",qid,0.0001,42,0.05,,,,,64.0,256.0,4.0,,4.0,,,,,,,,,,,,,,,,,,,,,,,,,,,,,,,,,,,,,,,,,,,,,,,
akt.csv,akt,algebra2005,2,"{""emb_type"": ""qid"", ""d_ff"": 256, ""dropout"": 0.05, ""d_model"": 256, ""num_attn_heads"": 4, ""seed"": 42, ""n_blocks"": 4, ""learning_rate"": 0.0001}",qid,0.0001,42,0.05,,,,,256.0,256.0,4.0,,4.0,,,,,,,,,,,,,,,,,,,,,,,,,,,,,,,,,,,,,,,,,,,,,,,
akt.csv,akt,algebra2005,3,"{""emb_type"": ""qid"", ""d_ff"": 256, ""dropout"": 0.1, ""d_model"": 256, ""num_attn_heads"": 4, ""seed"": 42, ""n_blocks"": 4, ""learning_rate"": 0.0001}",qid,0.0001,42,0.1,,,,,256.0,256.0,4.0,,4.0,,,,,,,,,,,,,,,,,,,,,,,,,,,,,,,,,,,,,,,,,,,,,,,
akt.csv,akt,algebra2005,4,"{""emb_type"": ""qid"", ""d_ff"": 256, ""dropout"": 0.05, ""d_model"": 256, ""num_attn_heads"": 4, ""seed"": 42, ""n_blocks"": 4, ""learning_rate"": 0.0001}",qid,0.0001,42,0.05,,,,,256.0,256.0,4.0,,4.0,,,,,,,,,,,,,,,,,,,,,,,,,,,,,,,,,,,,,,,,,,,,,,,
akt.csv,akt,assist2009,0,"{""emb_type"": ""qid"", ""d_ff"": 256, ""dropout"": 0.1, ""d_model"": 64, ""num_attn_heads"": 4, ""seed"": 3407, ""n_blocks"": 4, ""learning_rate"": 0.0001}",qid,0.0001,3407,0.1,,,,,64.0,256.0,4.0,,4.0,,,,,,,,,,,,,,,,,,,,,,,,,,,,,,,,,,,,,,,,,,,,,,,
akt.csv,akt,assist2009,1,"{""emb_type"": ""qid"", ""d_ff"": 256, ""dropout"": 0.1, ""d_model"": 256, ""num_attn_heads"": 4, ""seed"": 42, ""n_blocks"": 4, ""learning_rate"": 0.0001}",qid,0.0001,42,0.1,,,,,256.0,256.0,4.0,,4.0,,,,,,,,,,,,,,,,,,,,,,,,,,,,,,,,,,,,,,,,,,,,,,,
akt.csv,akt,assist2009,2,"{""emb_type"": ""qid"", ""d_ff"": 64, ""dropout"": 0.05, ""d_model"": 64, ""num_attn_heads"": 4, ""seed"": 3407, ""n_blocks"": 4, ""learning_rate"": 0.0001}",qid,0.0001,3407,0.05,,,,,64.0,64.0,4.0,,4.0,,,,,,,,,,,,,,,,,,,,,,,,,,,,,,,,,,,,,,,,,,,,,,,
akt.csv,akt,assist2009,3,"{""emb_type"": ""qid"", ""d_ff"": 256, ""dropout"": 0.05, ""d_model"": 64, ""num_attn_heads"": 4, ""seed"": 3407, ""n_blocks"": 4, ""learning_rate"": 0.0001}",qid,0.0001,3407,0.05,,,,,64.0,256.0,4.0,,4.0,,,,,,,,,,,,,,,,,,,,,,,,,,,,,,,,,,,,,,,,,,,,,,,
akt.csv,akt,assist2009,4,"{""emb_type"": ""qid"", ""d_ff"": 256, ""dropout"": 0.1, ""d_model"": 64, ""num_attn_heads"": 8, ""seed"": 3407, ""n_blocks"": 2, ""learning_rate"": 0.0001}",qid,0.0001,3407,0.1,,,,,64.0,256.0,8.0,,2.0,,,,,,,,,,,,,,,,,,,,,,,,,,,,,,,,,,,,,,,,,,,,,,,
akt.csv,akt,assist2015,0,"{""emb_type"": ""qid"", ""d_ff"": 256, ""dropout"": 0.05, ""d_model"": 256, ""num_attn_heads"": 8, ""seed"": 42, ""n_blocks"": 4, ""learning_rate"": 1e-05}",qid,1e-05,42,0.05,,,,,256.0,256.0,8.0,,4.0,,,,,,,,,,,,,,,,,,,,,,,,,,,,,,,,,,,,,,,,,,,,,,,
akt.csv,akt,assist2015,1,"{""emb_type"": ""qid"", ""d_ff"": 64, ""dropout"": 0.05, ""d_model"": 64, ""num_attn_heads"": 4, ""seed"": 42, ""n_blocks"": 4, ""learning_rate"": 0.0001}",qid,0.0001,42,0.05,,,,,64.0,64.0,4.0,,4.0,,,,,,,,,,,,,,,,,,,,,,,,,,,,,,,,,,,,,,,,,,,,,,,
akt.csv,akt,assist2015,2,"{""emb_type"": ""qid"", ""d_ff"": 64, ""dropout"": 0.1, ""d_model"": 64, ""num_attn_heads"": 8, ""seed"": 3407, ""n_blocks"": 4, ""learning_rate"": 0.0001}",qid,0.0001,3407,0.1,,,,,64.0,64.0,8.0,,4.0,,,,,,,,,,,,,,,,,,,,,,,,,,,,,,,,,,,,,,,,,,,,,,,
akt.csv,akt,assist2015,3,"{""emb_type"": ""qid"", ""d_ff"": 256, ""dropout"": 0.05, ""d_model"": 256, ""num_attn_heads"": 8, ""seed"": 3407, ""n_blocks"": 4, ""learning_rate"": 1e-05}",qid,1e-05,3407,0.05,,,,,256.0,256.0,8.0,,4.0,,,,,,,,,,,,,,,,,,,,,,,,,,,,,,,,,,,,,,,,,,,,,,,
akt.csv,akt,assist2015,4,"{""emb_type"": ""qid"", ""d_ff"": 256, ""dropout"": 0.05, ""d_model"": 256, ""num_attn_heads"": 8, ""seed"": 42, ""n_blocks"": 4, ""learning_rate"": 1e-05}",qid,1e-05,42,0.05,,,,,256.0,256.0,8.0,,4.0,,,,,,,,,,,,,,,,,,,,,,,,,,,,,,,,,,,,,,,,,,,,,,,
akt.csv,akt,bridge2algebra2006,0,"{""emb_type"": ""qid"", ""d_ff"": 64, ""dropout"": 0.05, ""d_model"": 256, ""num_attn_heads"": 8, ""seed"": 3407, ""n_blocks"": 4, ""learning_rate"": 0.0001}",qid,0.0001,3407,0.05,,,,,256.0,64.0,8.0,,4.0,,,,,,,,,,,,,,,,,,,,,,,,,,,,,,,,,,,,,,,,,,,,,,,
akt.csv,akt,bridge2algebra2006,1,"{""emb_type"": ""qid"", ""d_ff"": 64, ""dropout"": 0.05, ""d_model"": 256, ""num_attn_heads"": 8, ""seed"": 42, ""n_blocks"": 4, ""learning_rate"": 0.0001}",qid,0.0001,42,0.05,,,,,256.0,64.0,8.0,,4.0,,,,,,,,,,,,,,,,,,,,,,,,,,,,,,,,,,,,,,,,,,,,,,,
akt.csv,akt,bridge2algebra2006,2,"{""emb_type"": ""qid"", ""d_ff"": 256, ""dropout"": 0.05, ""d_model"": 256, ""num_attn_heads"": 4, ""seed"": 3407, ""n_blocks"": 2, ""learning_rate"": 0.0001}",qid,0.0001,3407,0.05,,,,,256.0,256.0,4.0,,2.0,,,,,,,,,,,,,,,,,,,,,,,,,,,,,,,,,,,,,,,,,,,,,,,
akt.csv,akt,bridge2algebra2006,3,"{""emb_type"": ""qid"", ""d_ff"": 64, ""dropout"": 0.05, ""d_model"": 256, ""num_attn_heads"": 4, ""seed"": 42, ""n_blocks"": 4, ""learning_rate"": 0.0001}",qid,0.0001,42,0.05,,,,,256.0,64.0,4.0,,4.0,,,,,,,,,,,,,,,,,,,,,,,,,,,,,,,,,,,,,,,,,,,,,,,
akt.csv,akt,bridge2algebra2006,4,"{""emb_type"": ""qid"", ""d_ff"": 64, ""dropout"": 0.05, ""d_model"": 256, ""num_attn_heads"": 4, ""seed"": 42, ""n_blocks"": 4, ""learning_rate"": 0.0001}",qid,0.0001,42,0.05,,,,,256.0,64.0,4.0,,4.0,,,,,,,,,,,,,,,,,,,,,,,,,,,,,,,,,,,,,,,,,,,,,,,
akt.csv,akt,ednet,0,"{""emb_type"": ""qid"", ""d_ff"": 64, ""dropout"": 0.05, ""d_model"": 256, ""num_attn_heads"": 8, ""seed"": 42, ""n_blocks"": 2, ""learning_rate"": 0.001}",qid,0.001,42,0.05,,,,,256.0,64.0,8.0,,2.0,,,,,,,,,,,,,,,,,,,,,,,,,,,,,,,,,,,,,,,,,,,,,,,
akt.csv,akt,ednet,1,"{""emb_type"": ""qid"", ""d_ff"": 256, ""dropout"": 0.1, ""d_model"": 64, ""num_attn_heads"": 8, ""seed"": 3407, ""n_blocks"": 2, ""learning_rate"": 0.001}",qid,0.001,3407,0.1,,,,,64.0,256.0,8.0,,2.0,,,,,,,,,,,,,,,,,,,,,,,,,,,,,,,,,,,,,,,,,,,,,,,
akt.csv,akt,ednet,2,"{""emb_type"": ""qid"", ""d_ff"": 256, ""dropout"": 0.1, ""d_model"": 64, ""num_attn_heads"": 8, ""seed"": 3407, ""n_blocks"": 2, ""learning_rate"": 0.001}",qid,0.001,3407,0.1,,,,,64.0,256.0,8.0,,2.0,,,,,,,,,,,,,,,,,,,,,,,,,,,,,,,,,,,,,,,,,,,,,,,
akt.csv,akt,ednet,3,"{""emb_type"": ""qid"", ""d_ff"": 256, ""dropout"": 0.1, ""d_model"": 64, ""num_attn_heads"": 8, ""seed"": 3407, ""n_blocks"": 2, ""learning_rate"": 0.001}",qid,0.001,3407,0.1,,,,,64.0,256.0,8.0,,2.0,,,,,,,,,,,,,,,,,,,,,,,,,,,,,,,,,,,,,,,,,,,,,,,
akt.csv,akt,ednet,4,"{""emb_type"": ""qid"", ""d_ff"": 256, ""dropout"": 0.3, ""d_model"": 256, ""num_attn_heads"": 8, ""seed"": 3407, ""n_blocks"": 4, ""learning_rate"": 0.0001}",qid,0.0001,3407,0.3,,,,,256.0,256.0,8.0,,4.0,,,,,,,,,,,,,,,,,,,,,,,,,,,,,,,,,,,,,,,,,,,,,,,
akt.csv,akt,nips_task34,0,"{""emb_type"": ""qid"", ""d_ff"": 64, ""dropout"": 0.3, ""d_model"": 64, ""num_attn_heads"": 4, ""seed"": 3407, ""n_blocks"": 4, ""learning_rate"": 0.001}",qid,0.001,3407,0.3,,,,,64.0,64.0,4.0,,4.0,,,,,,,,,,,,,,,,,,,,,,,,,,,,,,,,,,,,,,,,,,,,,,,
akt.csv,akt,nips_task34,1,"{""emb_type"": ""qid"", ""d_ff"": 64, ""dropout"": 0.1, ""d_model"": 64, ""num_attn_heads"": 8, ""seed"": 42, ""n_blocks"": 4, ""learning_rate"": 0.001}",qid,0.001,42,0.1,,,,,64.0,64.0,8.0,,4.0,,,,,,,,,,,,,,,,,,,,,,,,,,,,,,,,,,,,,,,,,,,,,,,
akt.csv,akt,nips_task34,2,"{""emb_type"": ""qid"", ""d_ff"": 64, ""dropout"": 0.1, ""d_model"": 64, ""num_attn_heads"": 8, ""seed"": 3407, ""n_blocks"": 4, ""learning_rate"": 0.001}",qid,0.001,3407,0.1,,,,,64.0,64.0,8.0,,4.0,,,,,,,,,,,,,,,,,,,,,,,,,,,,,,,,,,,,,,,,,,,,,,,
akt.csv,akt,nips_task34,3,"{""emb_type"": ""qid"", ""d_ff"": 256, ""dropout"": 0.1, ""d_model"": 64, ""num_attn_heads"": 4, ""seed"": 42, ""n_blocks"": 2, ""learning_rate"": 0.001}",qid,0.001,42,0.1,,,,,64.0,256.0,4.0,,2.0,,,,,,,,,,,,,,,,,,,,,,,,,,,,,,,,,,,,,,,,,,,,,,,
akt.csv,akt,nips_task34,4,"{""emb_type"": ""qid"", ""d_ff"": 256, ""dropout"": 0.1, ""d_model"": 64, ""num_attn_heads"": 4, ""seed"": 42, ""n_blocks"": 4, ""learning_rate"": 0.001}",qid,0.001,42,0.1,,,,,64.0,256.0,4.0,,4.0,,,,,,,,,,,,,,,,,,,,,,,,,,,,,,,,,,,,,,,,,,,,,,,
akt.csv,akt,poj,0,"{""emb_type"": ""qid"", ""d_ff"": 64, ""dropout"": 0.05, ""d_model"": 256, ""num_attn_heads"": 4, ""seed"": 42, ""n_blocks"": 4, ""learning_rate"": 1e-05}",qid,1e-05,42,0.05,,,,,256.0,64.0,4.0,,4.0,,,,,,,,,,,,,,,,,,,,,,,,,,,,,,,,,,,,,,,,,,,,,,,
akt.csv,akt,poj,1,"{""emb_type"": ""qid"", ""d_ff"": 256, ""dropout"": 0.1, ""d_model"": 256, ""num_attn_heads"": 8, ""seed"": 3407, ""n_blocks"": 4, ""learning_rate"": 1e-05}",qid,1e-05,3407,0.1,,,,,256.0,256.0,8.0,,4.0,,,,,,,,,,,,,,,,,,,,,,,,,,,,,,,,,,,,,,,,,,,,,,,
akt.csv,akt,poj,2,"{""emb_type"": ""qid"", ""d_ff"": 64, ""dropout"": 0.05, ""d_model"": 256, ""num_attn_heads"": 8, ""seed"": 3407, ""n_blocks"": 4, ""learning_rate"": 1e-05}",qid,1e-05,3407,0.05,,,,,256.0,64.0,8.0,,4.0,,,,,,,,,,,,,,,,,,,,,,,,,,,,,,,,,,,,,,,,,,,,,,,
akt.csv,akt,poj,3,"{""emb_type"": ""qid"", ""d_ff"": 64, ""dropout"": 0.1, ""d_model"": 64, ""num_attn_heads"": 4, ""seed"": 42, ""n_blocks"": 4, ""learning_rate"": 0.0001}",qid,0.0001,42,0.1,,,,,64.0,64.0,4.0,,4.0,,,,,,,,,,,,,,,,,,,,,,,,,,,,,,,,,,,,,,,,,,,,,,,
akt.csv,akt,poj,4,"{""emb_type"": ""qid"", ""d_ff"": 256, ""dropout"": 0.1, ""d_model"": 64, ""num_attn_heads"": 4, ""seed"": 42, ""n_blocks"": 4, ""learning_rate"": 0.0001}",qid,0.0001,42,0.1,,,,,64.0,256.0,4.0,,4.0,,,,,,,,,,,,,,,,,,,,,,,,,,,,,,,,,,,,,,,,,,,,,,,
akt.csv,akt,statics2011,0,"{""emb_type"": ""qid"", ""d_ff"": 256, ""dropout"": 0.3, ""d_model"": 64, ""num_attn_heads"": 8, ""seed"": 42, ""n_blocks"": 2, ""learning_rate"": 0.001}",qid,0.001,42,0.3,,,,,64.0,256.0,8.0,,2.0,,,,,,,,,,,,,,,,,,,,,,,,,,,,,,,,,,,,,,,,,,,,,,,
akt.csv,akt,statics2011,1,"{""emb_type"": ""qid"", ""d_ff"": 256, ""dropout"": 0.3, ""d_model"": 64, ""num_attn_heads"": 8, ""seed"": 42, ""n_blocks"": 2, ""learning_rate"": 0.001}",qid,0.001,42,0.3,,,,,64.0,256.0,8.0,,2.0,,,,,,,,,,,,,,,,,,,,,,,,,,,,,,,,,,,,,,,,,,,,,,,
akt.csv,akt,statics2011,2,"{""emb_type"": ""qid"", ""d_ff"": 256, ""dropout"": 0.3, ""d_model"": 64, ""num_attn_heads"": 8, ""seed"": 3407, ""n_blocks"": 2, ""learning_rate"": 0.001}",qid,0.001,3407,0.3,,,,,64.0,256.0,8.0,,2.0,,,,,,,,,,,,,,,,,,,,,,,,,,,,,,,,,,,,,,,,,,,,,,,
akt.csv,akt,statics2011,3,"{""emb_type"": ""qid"", ""d_ff"": 64, ""dropout"": 0.3, ""d_model"": 64, ""num_attn_heads"": 8, ""seed"": 3407, ""n_blocks"": 2, ""learning_rate"": 0.001}",qid,0.001,3407,0.3,,,,,64.0,64.0,8.0,,2.0,,,,,,,,,,,,,,,,,,,,,,,,,,,,,,,,,,,,,,,,,,,,,,,
akt.csv,akt,statics2011,4,"{""emb_type"": ""qid"", ""d_ff"": 256, ""dropout"": 0.3, ""d_model"": 64, ""num_attn_heads"": 8, ""seed"": 42, ""n_blocks"": 2, ""learning_rate"": 0.001}",qid,0.001,42,0.3,,,,,64.0,256.0,8.0,,2.0,,,,,,,,,,,,,,,,,,,,,,,,,,,,,,,,,,,,,,,,,,,,,,,
atdkt.csv,atdkt,algebra2005,0,"{""emb_type"": ""qiddelxembhistranscembpredcurc"", ""emb_size"": 256, ""dropout"": 0.05, ""l3"": 0.1, ""num_attn_heads"": 4, ""l1"": 1, ""num_layers"": 4, ""seed"": 3407, ""l2"": 0.7, ""start"": 150, ""learning_rate"": 0.001}",qiddelxembhistranscembpredcurc,0.001,3407,0.05,,,,256.0,,,4.0,,,4.0,,,,0.1,1.0,0.7,150.0,,,,,,,,,,,,,,,,,,,,,,,,,,,,,,,,,,,,,,,
atdkt.csv,atdkt,algebra2005,1,"{""emb_type"": ""qiddelxembhistranscembpredcurc"", ""emb_size"": 256, ""dropout"": 0.05, ""l3"": 0.7, ""num_attn_heads"": 8, ""l1"": 1, ""num_layers"": 4, ""seed"": 42, ""l2"": 1.0, ""start"": 120, ""learning_rate"": 0.001}",qiddelxembhistranscembpredcurc,0.001,42,0.05,,,,256.0,,,8.0,,,4.0,,,,0.7,1.0,1.0,120.0,,,,,,,,,,,,,,,,,,,,,,,,,,,,,,,,,,,,,,,
atdkt.csv,atdkt,algebra2005,2,"{""emb_type"": ""qiddelxembhistranscembpredcurc"", ""emb_size"": 256, ""dropout"": 0.1, ""l3"": 0.5, ""num_attn_heads"": 8, ""l1"": 1, ""num_layers"": 4, ""seed"": 3407, ""l2"": 0.3, ""start"": 150, ""learning_rate"": 0.001}",qiddelxembhistranscembpredcurc,0.001,3407,0.1,,,,256.0,,,8.0,,,4.0,,,,0.5,1.0,0.3,150.0,,,,,,,,,,,,,,,,,,,,,,,,,,,,,,,,,,,,,,,
atdkt.csv,atdkt,algebra2005,3,"{""emb_type"": ""qiddelxembhistranscembpredcurc"", ""emb_size"": 256, ""dropout"": 0.1, ""l3"": 0.3, ""num_attn_heads"": 4, ""l1"": 1, ""num_layers"": 4, ""seed"": 3407, ""l2"": 0.7, ""start"": 0, ""learning_rate"": 0.001}",qiddelxembhistranscembpredcurc,0.001,3407,0.1,,,,256.0,,,4.0,,,4.0,,,,0.3,1.0,0.7,0.0,,,,,,,,,,,,,,,,,,,,,,,,,,,,,,,,,,,,,,,
atdkt.csv,atdkt,algebra2005,4,"{""emb_type"": ""qiddelxembhistranscembpredcurc"", ""emb_size"": 256, ""dropout"": 0.1, ""l3"": 1.0, ""num_attn_heads"": 8, ""l1"": 1, ""num_layers"": 4, ""seed"": 3407, ""l2"": 0.5, ""start"": 50, ""learning_rate"": 0.001}",qiddelxembhistranscembpredcurc,0.001,3407,0.1,,,,256.0,,,8.0,,,4.0,,,,1.0,1.0,0.5,50.0,,,,,,,,,,,,,,,,,,,,,,,,,,,,,,,,,,,,,,,
atdkt.csv,atdkt,assist2009,0,"{""emb_type"": ""qiddelxembhistranscembpredcurc"", ""emb_size"": 256, ""dropout"": 0.5, ""l3"": 1.0, ""num_attn_heads"": 4, ""l1"": 1, ""num_layers"": 4, ""seed"": 3407, ""l2"": 1.0, ""start"": 50, ""learning_rate"": 0.001}",qiddelxembhistranscembpredcurc,0.001,3407,0.5,,,,256.0,,,4.0,,,4.0,,,,1.0,1.0,1.0,50.0,,,,,,,,,,,,,,,,,,,,,,,,,,,,,,,,,,,,,,,
atdkt.csv,atdkt,assist2009,1,"{""emb_type"": ""qiddelxembhistranscembpredcurc"", ""emb_size"": 256, ""dropout"": 0.3, ""l3"": 1.0, ""num_attn_heads"": 4, ""l1"": 1, ""num_layers"": 4, ""seed"": 3407, ""l2"": 1.0, ""start"": 70, ""learning_rate"": 0.001}",qiddelxembhistranscembpredcurc,0.001,3407,0.3,,,,256.0,,,4.0,,,4.0,,,,1.0,1.0,1.0,70.0,,,,,,,,,,,,,,,,,,,,,,,,,,,,,,,,,,,,,,,
atdkt.csv,atdkt,assist2009,2,"{""emb_type"": ""qiddelxembhistranscembpredcurc"", ""emb_size"": 256, ""dropout"": 0.3, ""l3"": 0.7, ""num_attn_heads"": 8, ""l1"": 1, ""num_layers"": 4, ""seed"": 42, ""l2"": 1.0, ""start"": 30, ""learning_rate"": 0.001}",qiddelxembhistranscembpredcurc,0.001,42,0.3,,,,256.0,,,8.0,,,4.0,,,,0.7,1.0,1.0,30.0,,,,,,,,,,,,,,,,,,,,,,,,,,,,,,,,,,,,,,,
atdkt.csv,atdkt,assist2009,3,"{""emb_type"": ""qiddelxembhistranscembpredcurc"", ""emb_size"": 256, ""dropout"": 0.3, ""l3"": 0.5, ""num_attn_heads"": 8, ""l1"": 1, ""num_layers"": 4, ""seed"": 42, ""l2"": 0.5, ""start"": 100, ""learning_rate"": 0.001}",qiddelxembhistranscembpredcurc,0.001,42,0.3,,,,256.0,,,8.0,,,4.0,,,,0.5,1.0,0.5,100.0,,,,,,,,,,,,,,,,,,,,,,,,,,,,,,,,,,,,,,,
atdkt.csv,atdkt,assist2009,4,"{""emb_type"": ""qiddelxembhistranscembpredcurc"", ""emb_size"": 256, ""dropout"": 0.3, ""l3"": 1.0, ""num_attn_heads"": 8, ""l1"": 1, ""num_layers"": 4, ""seed"": 42, ""l2"": 0.3, ""start"": 150, ""learning_rate"": 0.001}",qiddelxembhistranscembpredcurc,0.001,42,0.3,,,,256.0,,,8.0,,,4.0,,,,1.0,1.0,0.3,150.0,,,,,,,,,,,,,,,,,,,,,,,,,,,,,,,,,,,,,,,
atdkt.csv,atdkt,bridge2algebra2006,0,"{""emb_type"": ""qiddelxembhistranscembpredcurc"", ""emb_size"": 256, ""dropout"": 0.1, ""l3"": 0.7, ""num_attn_heads"": 4, ""l1"": 1, ""num_layers"": 4, ""seed"": 3407, ""l2"": 0.7, ""start"": 50, ""learning_rate"": 0.001}",qiddelxembhistranscembpredcurc,0.001,3407,0.1,,,,256.0,,,4.0,,,4.0,,,,0.7,1.0,0.7,50.0,,,,,,,,,,,,,,,,,,,,,,,,,,,,,,,,,,,,,,,
atdkt.csv,atdkt,bridge2algebra2006,1,"{""emb_type"": ""qiddelxembhistranscembpredcurc"", ""emb_size"": 256, ""dropout"": 0.05, ""l3"": 0.7, ""num_attn_heads"": 4, ""l1"": 1, ""num_layers"": 4, ""seed"": 3407, ""l2"": 0.3, ""start"": 10, ""learning_rate"": 0.001}",qiddelxembhistranscembpredcurc,0.001,3407,0.05,,,,256.0,,,4.0,,,4.0,,,,0.7,1.0,0.3,10.0,,,,,,,,,,,,,,,,,,,,,,,,,,,,,,,,,,,,,,,
atdkt.csv,atdkt,bridge2algebra2006,2,"{""emb_type"": ""qiddelxembhistranscembpredcurc"", ""emb_size"": 256, ""dropout"": 0.1, ""l3"": 0.01, ""num_attn_heads"": 8, ""l1"": 1, ""num_layers"": 2, ""seed"": 3407, ""l2"": 1.0, ""start"": 150, ""learning_rate"": 0.001}",qiddelxembhistranscembpredcurc,0.001,3407,0.1,,,,256.0,,,8.0,,,2.0,,,,0.01,1.0,1.0,150.0,,,,,,,,,,,,,,,,,,,,,,,,,,,,,,,,,,,,,,,
atdkt.csv,atdkt,bridge2algebra2006,3,"{""emb_type"": ""qiddelxembhistranscembpredcurc"", ""emb_size"": 256, ""dropout"": 0.05, ""l3"": 0.7, ""num_attn_heads"": 4, ""l1"": 1, ""num_layers"": 4, ""seed"": 3407, ""l2"": 0.3, ""start"": 10, ""learning_rate"": 0.001}",qiddelxembhistranscembpredcurc,0.001,3407,0.05,,,,256.0,,,4.0,,,4.0,,,,0.7,1.0,0.3,10.0,,,,,,,,,,,,,,,,,,,,,,,,,,,,,,,,,,,,,,,
atdkt.csv,atdkt,bridge2algebra2006,4,"{""emb_type"": ""qiddelxembhistranscembpredcurc"", ""emb_size"": 256, ""dropout"": 0.1, ""l3"": 0.7, ""num_attn_heads"": 8, ""l1"": 1, ""num_layers"": 1, ""seed"": 3407, ""l2"": 1.0, ""start"": 10, ""learning_rate"": 0.001}",qiddelxembhistranscembpredcurc,0.001,3407,0.1,,,,256.0,,,8.0,,,1.0,,,,0.7,1.0,1.0,10.0,,,,,,,,,,,,,,,,,,,,,,,,,,,,,,,,,,,,,,,
atdkt.csv,atdkt,ednet,0,"{""emb_type"": ""qiddelxembhistranscembpredcurc"", ""emb_size"": 256, ""dropout"": 0.5, ""l3"": 1.0, ""num_attn_heads"": 4, ""l1"": 1, ""num_layers"": 4, ""seed"": 42, ""l2"": 0.7, ""start"": 100, ""learning_rate"": 0.001}",qiddelxembhistranscembpredcurc,0.001,42,0.5,,,,256.0,,,4.0,,,4.0,,,,1.0,1.0,0.7,100.0,,,,,,,,,,,,,,,,,,,,,,,,,,,,,,,,,,,,,,,
atdkt.csv,atdkt,ednet,1,"{""emb_type"": ""qiddelxembhistranscembpredcurc"", ""emb_size"": 256, ""dropout"": 0.3, ""l3"": 1.0, ""num_attn_heads"": 8, ""l1"": 1, ""num_layers"": 4, ""seed"": 3407, ""l2"": 1.0, ""start"": 30, ""learning_rate"": 0.001}",qiddelxembhistranscembpredcurc,0.001,3407,0.3,,,,256.0,,,8.0,,,4.0,,,,1.0,1.0,1.0,30.0,,,,,,,,,,,,,,,,,,,,,,,,,,,,,,,,,,,,,,,
atdkt.csv,atdkt,ednet,2,"{""emb_type"": ""qiddelxembhistranscembpredcurc"", ""emb_size"": 256, ""dropout"": 0.5, ""l3"": 1.0, ""num_attn_heads"": 4, ""l1"": 1, ""num_layers"": 2, ""seed"": 3407, ""l2"": 0.01, ""start"": 150, ""learning_rate"": 0.001}",qiddelxembhistranscembpredcurc,0.001,3407,0.5,,,,256.0,,,4.0,,,2.0,,,,1.0,1.0,0.01,150.0,,,,,,,,,,,,,,,,,,,,,,,,,,,,,,,,,,,,,,,
atdkt.csv,atdkt,ednet,3,"{""emb_type"": ""qiddelxembhistranscembpredcurc"", ""emb_size"": 256, ""dropout"": 0.3, ""l3"": 1.0, ""num_attn_heads"": 8, ""l1"": 1, ""num_layers"": 4, ""seed"": 42, ""l2"": 0.5, ""start"": 10, ""learning_rate"": 0.001}",qiddelxembhistranscembpredcurc,0.001,42,0.3,,,,256.0,,,8.0,,,4.0,,,,1.0,1.0,0.5,10.0,,,,,,,,,,,,,,,,,,,,,,,,,,,,,,,,,,,,,,,
atdkt.csv,atdkt,ednet,4,"{""emb_type"": ""qiddelxembhistranscembpredcurc"", ""emb_size"": 256, ""dropout"": 0.3, ""l3"": 0.3, ""num_attn_heads"": 4, ""l1"": 1, ""num_layers"": 4, ""seed"": 3407, ""l2"": 0.01, ""start"": 30, ""learning_rate"": 0.001}",qiddelxembhistranscembpredcurc,0.001,3407,0.3,,,,256.0,,,4.0,,,4.0,,,,0.3,1.0,0.01,30.0,,,,,,,,,,,,,,,,,,,,,,,,,,,,,,,,,,,,,,,
atdkt.csv,atdkt,nips_task34,0,"{""emb_type"": ""qiddelxembhistranscembpredcurc"", ""emb_size"": 256, ""dropout"": 0.3, ""l3"": 1.0, ""num_attn_heads"": 4, ""l1"": 1, ""num_layers"": 1, ""seed"": 42, ""l2"": 0.1, ""start"": 30, ""learning_rate"": 0.001}",qiddelxembhistranscembpredcurc,0.001,42,0.3,,,,256.0,,,4.0,,,1.0,,,,1.0,1.0,0.1,30.0,,,,,,,,,,,,,,,,,,,,,,,,,,,,,,,,,,,,,,,
atdkt.csv,atdkt,nips_task34,1,"{""emb_type"": ""qiddelxembhistranscembpredcurc"", ""emb_size"": 256, ""dropout"": 0.3, ""l3"": 0.7, ""num_attn_heads"": 4, ""l1"": 1, ""num_layers"": 1, ""seed"": 3407, ""l2"": 0.5, ""start"": 120, ""learning_rate"": 0.001}",qiddelxembhistranscembpredcurc,0.001,3407,0.3,,,,256.0,,,4.0,,,1.0,,,,0.7,1.0,0.5,120.0,,,,,,,,,,,,,,,,,,,,,,,,,,,,,,,,,,,,,,,
atdkt.csv,atdkt,nips_task34,2,"{""emb_type"": ""qiddelxembhistranscembpredcurc"", ""emb_size"": 256, ""dropout"": 0.3, ""l3"": 0.3, ""num_attn_heads"": 4, ""l1"": 1, ""num_layers"": 1, ""seed"": 42, ""l2"": 0.5, ""start"": 150, ""learning_rate"": 0.001}",qiddelxembhistranscembpredcurc,0.001,42,0.3,,,,256.0,,,4.0,,,1.0,,,,0.3,1.0,0.5,150.0,,,,,,,,,,,,,,,,,,,,,,,,,,,,,,,,,,,,,,,
atdkt.csv,atdkt,nips_task34,3,"{""emb_type"": ""qiddelxembhistranscembpredcurc"", ""emb_size"": 256, ""dropout"": 0.3, ""l3"": 1.0, ""num_attn_heads"": 4, ""l1"": 1, ""num_layers"": 2, ""seed"": 42, ""l2"": 0.3, ""start"": 50, ""learning_rate"": 0.001}",qiddelxembhistranscembpredcurc,0.001,42,0.3,,,,256.0,,,4.0,,,2.0,,,,1.0,1.0,0.3,50.0,,,,,,,,,,,,,,,,,,,,,,,,,,,,,,,,,,,,,,,
atdkt.csv,atdkt,nips_task34,4,"{""emb_type"": ""qiddelxembhistranscembpredcurc"", ""emb_size"": 256, ""dropout"": 0.3, ""l3"": 1.0, ""num_attn_heads"": 8, ""l1"": 1, ""num_layers"": 1, ""seed"": 3407, ""l2"": 1.0, ""start"": 10, ""learning_rate"": 0.001}",qiddelxembhistranscembpredcurc,0.001,3407,0.3,,,,256.0,,,8.0,,,1.0,,,,1.0,1.0,1.0,10.0,,,,,,,,,,,,,,,,,,,,,,,,,,,,,,,,,,,,,,,
atkt.csv,atkt,algebra2005,0,"{""emb_type"": ""qid"", ""dropout"": 0.1, ""answer_dim"": 64, ""skill_dim"": 64, ""epsilon"": 10, ""seed"": 3407, ""attention_dim"": 256, ""hidden_dim"": 256, ""beta"": 2.0, ""learning_rate"": 0.001}",qid,0.001,3407,0.1,,,,,,,,,,,256.0,,,,,,,64.0,64.0,10.0,256.0,2.0,,,,,,,,,,,,,,,,,,,,,,,,,,,,,,,,,,
atkt.csv,atkt,algebra2005,1,"{""emb_type"": ""qid"", ""dropout"": 0.5, ""answer_dim"": 64, ""skill_dim"": 64, ""epsilon"": 15, ""seed"": 3407, ""attention_dim"": 256, ""hidden_dim"": 256, ""beta"": 0.5, ""learning_rate"": 0.001}",qid,0.001,3407,0.5,,,,,,,,,,,256.0,,,,,,,64.0,64.0,15.0,256.0,0.5,,,,,,,,,,,,,,,,,,,,,,,,,,,,,,,,,,
atkt.csv,atkt,algebra2005,2,"{""emb_type"": ""qid"", ""dropout"": 0.05, ""answer_dim"": 64, ""skill_dim"": 64, ""epsilon"": 10, ""seed"": 42, ""attention_dim"": 256, ""hidden_dim"": 256, ""beta"": 1.0, ""learning_rate"": 0.001}",qid,0.001,42,0.05,,,,,,,,,,,256.0,,,,,,,64.0,64.0,10.0,256.0,1.0,,,,,,,,,,,,,,,,,,,,,,,,,,,,,,,,,,
atkt.csv,atkt,algebra2005,3,"{""emb_type"": ""qid"", ""dropout"": 0.1, ""answer_dim"": 64, ""skill_dim"": 64, ""epsilon"": 12, ""seed"": 3407, ""attention_dim"": 256, ""hidden_dim"": 256, ""beta"": 1.0, ""learning_rate"": 0.001}",qid,0.001,3407,0.1,,,,,,,,,,,256.0,,,,,,,64.0,64.0,12.0,256.0,1.0,,,,,,,,,,,,,,,,,,,,,,,,,,,,,,,,,,
atkt.csv,atkt,algebra2005,4,"{""emb_type"": ""qid"", ""dropout"": 0.1, ""answer_dim"": 64, ""skill_dim"": 64, ""epsilon"": 15, ""seed"": 42, ""attention_dim"": 256, ""hidden_dim"": 256, ""beta"": 2.0, ""learning_rate"": 0.001}",qid,0.001,42,0.1,,,,,,,,,,,256.0,,,,,,,64.0,64.0,15.0,256.0,2.0,,,,,,,,,,,,,,,,,,,,,,,,,,,,,,,,,,
atkt.csv,atkt,assist2009,0,"{""emb_type"": ""qid"", ""dropout"": 0.5, ""answer_dim"": 256, ""skill_dim"": 64, ""epsilon"": 5, ""seed"": 3407, ""attention_dim"": 256, ""hidden_dim"": 256, ""beta"": 1.0, ""learning_rate"": 0.001}",qid,0.001,3407,0.5,,,,,,,,,,,256.0,,,,,,,256.0,64.0,5.0,256.0,1.0,,,,,,,,,,,,,,,,,,,,,,,,,,,,,,,,,,
atkt.csv,atkt,assist2009,1,"{""emb_type"": ""qid"", ""dropout"": 0.5, ""answer_dim"": 64, ""skill_dim"": 64, ""epsilon"": 12, ""seed"": 3407, ""attention_dim"": 256, ""hidden_dim"": 256, ""beta"": 1.0, ""learning_rate"": 0.001}",qid,0.001,3407,0.5,,,,,,,,,,,256.0,,,,,,,64.0,64.0,12.0,256.0,1.0,,,,,,,,,,,,,,,,,,,,,,,,,,,,,,,,,,
atkt.csv,atkt,assist2009,2,"{""emb_type"": ""qid"", ""dropout"": 0.05, ""answer_dim"": 64, ""skill_dim"": 64, ""epsilon"": 12, ""seed"": 3407, ""attention_dim"": 256, ""hidden_dim"": 256, ""beta"": 2.0, ""learning_rate"": 0.0001}",qid,0.0001,3407,0.05,,,,,,,,,,,256.0,,,,,,,64.0,64.0,12.0,256.0,2.0,,,,,,,,,,,,,,,,,,,,,,,,,,,,,,,,,,
atkt.csv,atkt,assist2009,3,"{""emb_type"": ""qid"", ""dropout"": 0.5, ""answer_dim"": 64, ""skill_dim"": 64, ""epsilon"": 10, ""seed"": 3407, ""attention_dim"": 256, ""hidden_dim"": 256, ""beta"": 0.5, ""learning_rate"": 0.001}",qid,0.001,3407,0.5,,,,,,,,,,,256.0,,,,,,,64.0,64.0,10.0,256.0,0.5,,,,,,,,,,,,,,,,,,,,,,,,,,,,,,,,,,
atkt.csv,atkt,assist2009,4,"{""emb_type"": ""qid"", ""dropout"": 0.3, ""answer_dim"": 256, ""skill_dim"": 64, ""epsilon"": 10, ""seed"": 3407, ""attention_dim"": 256, ""hidden_dim"": 256, ""beta"": 1.0, ""learning_rate"": 0.001}",qid,0.001,3407,0.3,,,,,,,,,,,256.0,,,,,,,256.0,64.0,10.0,256.0,1.0,,,,,,,,,,,,,,,,,,,,,,,,,,,,,,,,,,
atkt.csv,atkt,assist2015,0,"{""emb_type"": ""qid"", ""dropout"": 0.05, ""answer_dim"": 256, ""skill_dim"": 64, ""epsilon"": 12, ""seed"": 42, ""attention_dim"": 64, ""hidden_dim"": 256, ""beta"": 2.0, ""learning_rate"": 0.001}",qid,0.001,42,0.05,,,,,,,,,,,256.0,,,,,,,256.0,64.0,12.0,64.0,2.0,,,,,,,,,,,,,,,,,,,,,,,,,,,,,,,,,,
atkt.csv,atkt,assist2015,1,"{""emb_type"": ""qid"", ""dropout"": 0.05, ""answer_dim"": 64, ""skill_dim"": 64, ""epsilon"": 15, ""seed"": 3407, ""attention_dim"": 256, ""hidden_dim"": 256, ""beta"": 2.0, ""learning_rate"": 0.0001}",qid,0.0001,3407,0.05,,,,,,,,,,,256.0,,,,,,,64.0,64.0,15.0,256.0,2.0,,,,,,,,,,,,,,,,,,,,,,,,,,,,,,,,,,
atkt.csv,atkt,assist2015,2,"{""emb_type"": ""qid"", ""dropout"": 0.05, ""answer_dim"": 256, ""skill_dim"": 64, ""epsilon"": 12, ""seed"": 42, ""attention_dim"": 256, ""hidden_dim"": 256, ""beta"": 2.0, ""learning_rate"": 0.001}",qid,0.001,42,0.05,,,,,,,,,,,256.0,,,,,,,256.0,64.0,12.0,256.0,2.0,,,,,,,,,,,,,,,,,,,,,,,,,,,,,,,,,,
atkt.csv,atkt,assist2015,3,"{""emb_type"": ""qid"", ""dropout"": 0.05, ""answer_dim"": 256, ""skill_dim"": 64, ""epsilon"": 10, ""seed"": 42, ""attention_dim"": 256, ""hidden_dim"": 256, ""beta"": 2.0, ""learning_rate"": 0.001}",qid,0.001,42,0.05,,,,,,,,,,,256.0,,,,,,,256.0,64.0,10.0,256.0,2.0,,,,,,,,,,,,,,,,,,,,,,,,,,,,,,,,,,
atkt.csv,atkt,assist2015,4,"{""emb_type"": ""qid"", ""dropout"": 0.05, ""answer_dim"": 256, ""skill_dim"": 64, ""epsilon"": 15, ""seed"": 3407, ""attention_dim"": 256, ""hidden_dim"": 256, ""beta"": 2.0, ""learning_rate"": 0.001}",qid,0.001,3407,0.05,,,,,,,,,,,256.0,,,,,,,256.0,64.0,15.0,256.0,2.0,,,,,,,,,,,,,,,,,,,,,,,,,,,,,,,,,,
atkt.csv,atkt,bridge2algebra2006,0,"{""emb_type"": ""qid"", ""dropout"": 0.5, ""answer_dim"": 64, ""skill_dim"": 64, ""epsilon"": 12, ""seed"": 3407, ""attention_dim"": 256, ""hidden_dim"": 256, ""beta"": 2.0, ""learning_rate"": 0.001}",qid,0.001,3407,0.5,,,,,,,,,,,256.0,,,,,,,64.0,64.0,12.0,256.0,2.0,,,,,,,,,,,,,,,,,,,,,,,,,,,,,,,,,,
atkt.csv,atkt,bridge2algebra2006,1,"{""emb_type"": ""qid"", ""dropout"": 0.5, ""answer_dim"": 64, ""skill_dim"": 64, ""epsilon"": 15, ""seed"": 3407, ""attention_dim"": 256, ""hidden_dim"": 256, ""beta"": 1.0, ""learning_rate"": 0.001}",qid,0.001,3407,0.5,,,,,,,,,,,256.0,,,,,,,64.0,64.0,15.0,256.0,1.0,,,,,,,,,,,,,,,,,,,,,,,,,,,,,,,,,,
atkt.csv,atkt,bridge2algebra2006,2,"{""emb_type"": ""qid"", ""dropout"": 0.3, ""answer_dim"": 64, ""skill_dim"": 64, ""epsilon"": 15, ""seed"": 42, ""attention_dim"": 256, ""hidden_dim"": 256, ""beta"": 2.0, ""learning_rate"": 0.001}",qid,0.001,42,0.3,,,,,,,,,,,256.0,,,,,,,64.0,64.0,15.0,256.0,2.0,,,,,,,,,,,,,,,,,,,,,,,,,,,,,,,,,,
atkt.csv,atkt,bridge2algebra2006,3,"{""emb_type"": ""qid"", ""dropout"": 0.5, ""answer_dim"": 64, ""skill_dim"": 64, ""epsilon"": 15, ""seed"": 42, ""attention_dim"": 256, ""hidden_dim"": 256, ""beta"": 2.0, ""learning_rate"": 0.001}",qid,0.001,42,0.5,,,,,,,,,,,256.0,,,,,,,64.0,64.0,15.0,256.0,2.0,,,,,,,,,,,,,,,,,,,,,,,,,,,,,,,,,,
atkt.csv,atkt,bridge2algebra2006,4,"{""emb_type"": ""qid"", ""dropout"": 0.5, ""answer_dim"": 64, ""skill_dim"": 64, ""epsilon"": 15, ""seed"": 3407, ""attention_dim"": 64, ""hidden_dim"": 256, ""beta"": 2.0, ""learning_rate"": 0.001}",qid,0.001,3407,0.5,,,,,,,,,,,256.0,,,,,,,64.0,64.0,15.0,64.0,2.0,,,,,,,,,,,,,,,,,,,,,,,,,,,,,,,,,,
atkt.csv,atkt,ednet,0,"{""emb_type"": ""qid"", ""dropout"": 0.1, ""answer_dim"": 64, ""skill_dim"": 64, ""epsilon"": 15, ""seed"": 3407, ""attention_dim"": 256, ""hidden_dim"": 256, ""beta"": 2.0, ""learning_rate"": 0.001}",qid,0.001,3407,0.1,,,,,,,,,,,256.0,,,,,,,64.0,64.0,15.0,256.0,2.0,,,,,,,,,,,,,,,,,,,,,,,,,,,,,,,,,,
atkt.csv,atkt,ednet,1,"{""emb_type"": ""qid"", ""dropout"": 0.1, ""answer_dim"": 64, ""skill_dim"": 64, ""epsilon"": 15, ""seed"": 42, ""attention_dim"": 256, ""hidden_dim"": 256, ""beta"": 2.0, ""learning_rate"": 0.001}",qid,0.001,42,0.1,,,,,,,,,,,256.0,,,,,,,64.0,64.0,15.0,256.0,2.0,,,,,,,,,,,,,,,,,,,,,,,,,,,,,,,,,,
atkt.csv,atkt,ednet,2,"{""emb_type"": ""qid"", ""dropout"": 0.3, ""answer_dim"": 64, ""skill_dim"": 64, ""epsilon"": 15, ""seed"": 42, ""attention_dim"": 256, ""hidden_dim"": 256, ""beta"": 2.0, ""learning_rate"": 0.001}",qid,0.001,42,0.3,,,,,,,,,,,256.0,,,,,,,64.0,64.0,15.0,256.0,2.0,,,,,,,,,,,,,,,,,,,,,,,,,,,,,,,,,,
atkt.csv,atkt,ednet,3,"{""emb_type"": ""qid"", ""dropout"": 0.1, ""answer_dim"": 64, ""skill_dim"": 64, ""epsilon"": 15, ""seed"": 3407, ""attention_dim"": 256, ""hidden_dim"": 256, ""beta"": 1.0, ""learning_rate"": 0.001}",qid,0.001,3407,0.1,,,,,,,,,,,256.0,,,,,,,64.0,64.0,15.0,256.0,1.0,,,,,,,,,,,,,,,,,,,,,,,,,,,,,,,,,,
atkt.csv,atkt,ednet,4,"{""emb_type"": ""qid"", ""dropout"": 0.05, ""answer_dim"": 64, ""skill_dim"": 64, ""epsilon"": 15, ""seed"": 3407, ""attention_dim"": 256, ""hidden_dim"": 256, ""beta"": 2.0, ""learning_rate"": 0.001}",qid,0.001,3407,0.05,,,,,,,,,,,256.0,,,,,,,64.0,64.0,15.0,256.0,2.0,,,,,,,,,,,,,,,,,,,,,,,,,,,,,,,,,,
atkt.csv,atkt,nips_task34,0,"{""emb_type"": ""qid"", ""dropout"": 0.05, ""answer_dim"": 256, ""skill_dim"": 64, ""epsilon"": 15, ""seed"": 3407, ""attention_dim"": 256, ""hidden_dim"": 256, ""beta"": 2.0, ""learning_rate"": 0.001}",qid,0.001,3407,0.05,,,,,,,,,,,256.0,,,,,,,256.0,64.0,15.0,256.0,2.0,,,,,,,,,,,,,,,,,,,,,,,,,,,,,,,,,,
atkt.csv,atkt,nips_task34,1,"{""emb_type"": ""qid"", ""dropout"": 0.05, ""answer_dim"": 256, ""skill_dim"": 64, ""epsilon"": 15, ""seed"": 3407, ""attention_dim"": 64, ""hidden_dim"": 256, ""beta"": 2.0, ""learning_rate"": 0.001}",qid,0.001,3407,0.05,,,,,,,,,,,256.0,,,,,,,256.0,64.0,15.0,64.0,2.0,,,,,,,,,,,,,,,,,,,,,,,,,,,,,,,,,,
atkt.csv,atkt,nips_task34,2,"{""emb_type"": ""qid"", ""dropout"": 0.05, ""answer_dim"": 64, ""skill_dim"": 64, ""epsilon"": 15, ""seed"": 3407, ""attention_dim"": 256, ""hidden_dim"": 256, ""beta"": 1.0, ""learning_rate"": 0.0001}",qid,0.0001,3407,0.05,,,,,,,,,,,256.0,,,,,,,64.0,64.0,15.0,256.0,1.0,,,,,,,,,,,,,,,,,,,,,,,,,,,,,,,,,,
atkt.csv,atkt,nips_task34,3,"{""emb_type"": ""qid"", ""dropout"": 0.05, ""answer_dim"": 64, ""skill_dim"": 64, ""epsilon"": 15, ""seed"": 42, ""attention_dim"": 256, ""hidden_dim"": 256, ""beta"": 1.0, ""learning_rate"": 0.0001}",qid,0.0001,42,0.05,,,,,,,,,,,256.0,,,,,,,64.0,64.0,15.0,256.0,1.0,,,,,,,,,,,,,,,,,,,,,,,,,,,,,,,,,,
atkt.csv,atkt,nips_task34,4,"{""emb_type"": ""qid"", ""dropout"": 0.1, ""answer_dim"": 64, ""skill_dim"": 64, ""epsilon"": 15, ""seed"": 3407, ""attention_dim"": 64, ""hidden_dim"": 256, ""beta"": 2.0, ""learning_rate"": 0.0001}",qid,0.0001,3407,0.1,,,,,,,,,,,256.0,,,,,,,64.0,64.0,15.0,64.0,2.0,,,,,,,,,,,,,,,,,,,,,,,,,,,,,,,,,,
atkt.csv,atkt,poj,0,"{""emb_type"": ""qid"", ""dropout"": 0.05, ""answer_dim"": 256, ""skill_dim"": 256, ""epsilon"": 12, ""seed"": 42, ""attention_dim"": 64, ""hidden_dim"": 256, ""beta"": 2.0, ""learning_rate"": 0.0001}",qid,0.0001,42,0.05,,,,,,,,,,,256.0,,,,,,,256.0,256.0,12.0,64.0,2.0,,,,,,,,,,,,,,,,,,,,,,,,,,,,,,,,,,
atkt.csv,atkt,poj,1,"{""emb_type"": ""qid"", ""dropout"": 0.3, ""answer_dim"": 64, ""skill_dim"": 64, ""epsilon"": 10, ""seed"": 3407, ""attention_dim"": 256, ""hidden_dim"": 256, ""beta"": 0.5, ""learning_rate"": 0.0001}",qid,0.0001,3407,0.3,,,,,,,,,,,256.0,,,,,,,64.0,64.0,10.0,256.0,0.5,,,,,,,,,,,,,,,,,,,,,,,,,,,,,,,,,,
atkt.csv,atkt,poj,2,"{""emb_type"": ""qid"", ""dropout"": 0.1, ""answer_dim"": 256, ""skill_dim"": 256, ""epsilon"": 10, ""seed"": 3407, ""attention_dim"": 256, ""hidden_dim"": 256, ""beta"": 1.0, ""learning_rate"": 0.0001}",qid,0.0001,3407,0.1,,,,,,,,,,,256.0,,,,,,,256.0,256.0,10.0,256.0,1.0,,,,,,,,,,,,,,,,,,,,,,,,,,,,,,,,,,
atkt.csv,atkt,poj,3,"{""emb_type"": ""qid"", ""dropout"": 0.05, ""answer_dim"": 64, ""skill_dim"": 64, ""epsilon"": 15, ""seed"": 42, ""attention_dim"": 64, ""hidden_dim"": 64, ""beta"": 2.0, ""learning_rate"": 0.0001}",qid,0.0001,42,0.05,,,,,,,,,,,64.0,,,,,,,64.0,64.0,15.0,64.0,2.0,,,,,,,,,,,,,,,,,,,,,,,,,,,,,,,,,,
atkt.csv,atkt,poj,4,"{""emb_type"": ""qid"", ""dropout"": 0.1, ""answer_dim"": 64, ""skill_dim"": 64, ""epsilon"": 15, ""seed"": 42, ""attention_dim"": 64, ""hidden_dim"": 64, ""beta"": 2.0, ""learning_rate"": 0.0001}",qid,0.0001,42,0.1,,,,,,,,,,,64.0,,,,,,,64.0,64.0,15.0,64.0,2.0,,,,,,,,,,,,,,,,,,,,,,,,,,,,,,,,,,
atkt.csv,atkt,statics2011,0,"{""emb_type"": ""qid"", ""dropout"": 0.5, ""answer_dim"": 256, ""skill_dim"": 256, ""epsilon"": 5, ""seed"": 3407, ""attention_dim"": 64, ""hidden_dim"": 64, ""beta"": 0.5, ""learning_rate"": 0.001}",qid,0.001,3407,0.5,,,,,,,,,,,64.0,,,,,,,256.0,256.0,5.0,64.0,0.5,,,,,,,,,,,,,,,,,,,,,,,,,,,,,,,,,,
atkt.csv,atkt,statics2011,1,"{""emb_type"": ""qid"", ""dropout"": 0.5, ""answer_dim"": 64, ""skill_dim"": 256, ""epsilon"": 12, ""seed"": 3407, ""attention_dim"": 256, ""hidden_dim"": 64, ""beta"": 1.0, ""learning_rate"": 0.001}",qid,0.001,3407,0.5,,,,,,,,,,,64.0,,,,,,,64.0,256.0,12.0,256.0,1.0,,,,,,,,,,,,,,,,,,,,,,,,,,,,,,,,,,
atkt.csv,atkt,statics2011,2,"{""emb_type"": ""qid"", ""dropout"": 0.5, ""answer_dim"": 64, ""skill_dim"": 256, ""epsilon"": 5, ""seed"": 3407, ""attention_dim"": 256, ""hidden_dim"": 64, ""beta"": 2.0, ""learning_rate"": 0.001}",qid,0.001,3407,0.5,,,,,,,,,,,64.0,,,,,,,64.0,256.0,5.0,256.0,2.0,,,,,,,,,,,,,,,,,,,,,,,,,,,,,,,,,,
atkt.csv,atkt,statics2011,3,"{""emb_type"": ""qid"", ""dropout"": 0.5, ""answer_dim"": 64, ""skill_dim"": 256, ""epsilon"": 12, ""seed"": 3407, ""attention_dim"": 64, ""hidden_dim"": 64, ""beta"": 1.0, ""learning_rate"": 0.001}",qid,0.001,3407,0.5,,,,,,,,,,,64.0,,,,,,,64.0,256.0,12.0,64.0,1.0,,,,,,,,,,,,,,,,,,,,,,,,,,,,,,,,,,
atkt.csv,atkt,statics2011,4,"{""emb_type"": ""qid"", ""dropout"": 0.5, ""answer_dim"": 64, ""skill_dim"": 256, ""epsilon"": 12, ""seed"": 42, ""attention_dim"": 256, ""hidden_dim"": 64, ""beta"": 1.0, ""learning_rate"": 0.001}",qid,0.001,42,0.5,,,,,,,,,,,64.0,,,,,,,64.0,256.0,12.0,256.0,1.0,,,,,,,,,,,,,,,,,,,,,,,,,,,,,,,,,,
atktfix.csv,atktfix,algebra2005,0,"{""emb_type"": ""qid"", ""dropout"": 0.5, ""answer_dim"": 64, ""skill_dim"": 64, ""epsilon"": 5, ""seed"": 42, ""attention_dim"": 64, ""hidden_dim"": 256, ""beta"": 0.5, ""learning_rate"": 0.001}",qid,0.001,42,0.5,,,,,,,,,,,256.0,,,,,,,64.0,64.0,5.0,64.0,0.5,,,,,,,,,,,,,,,,,,,,,,,,,,,,,,,,,,
atktfix.csv,atktfix,algebra2005,1,"{""emb_type"": ""qid"", ""dropout"": 0.5, ""answer_dim"": 64, ""skill_dim"": 64, ""epsilon"": 12, ""seed"": 42, ""attention_dim"": 256, ""hidden_dim"": 256, ""beta"": 0.2, ""learning_rate"": 0.001}",qid,0.001,42,0.5,,,,,,,,,,,256.0,,,,,,,64.0,64.0,12.0,256.0,0.2,,,,,,,,,,,,,,,,,,,,,,,,,,,,,,,,,,
atktfix.csv,atktfix,algebra2005,2,"{""emb_type"": ""qid"", ""dropout"": 0.5, ""answer_dim"": 64, ""skill_dim"": 64, ""epsilon"": 12, ""seed"": 42, ""attention_dim"": 256, ""hidden_dim"": 256, ""beta"": 0.2, ""learning_rate"": 0.001}",qid,0.001,42,0.5,,,,,,,,,,,256.0,,,,,,,64.0,64.0,12.0,256.0,0.2,,,,,,,,,,,,,,,,,,,,,,,,,,,,,,,,,,
atktfix.csv,atktfix,algebra2005,3,"{""emb_type"": ""qid"", ""dropout"": 0.5, ""answer_dim"": 64, ""skill_dim"": 64, ""epsilon"": 1, ""seed"": 3407, ""attention_dim"": 64, ""hidden_dim"": 256, ""beta"": 0.5, ""learning_rate"": 0.001}",qid,0.001,3407,0.5,,,,,,,,,,,256.0,,,,,,,64.0,64.0,1.0,64.0,0.5,,,,,,,,,,,,,,,,,,,,,,,,,,,,,,,,,,
atktfix.csv,atktfix,algebra2005,4,"{""emb_type"": ""qid"", ""dropout"": 0.5, ""answer_dim"": 64, ""skill_dim"": 64, ""epsilon"": 1, ""seed"": 3407, ""attention_dim"": 256, ""hidden_dim"": 256, ""beta"": 0.5, ""learning_rate"": 0.001}",qid,0.001,3407,0.5,,,,,,,,,,,256.0,,,,,,,64.0,64.0,1.0,256.0,0.5,,,,,,,,,,,,,,,,,,,,,,,,,,,,,,,,,,
atktfix.csv,atktfix,assist2009,0,"{""emb_type"": ""qid"", ""dropout"": 0.5, ""answer_dim"": 256, ""skill_dim"": 64, ""epsilon"": 15, ""seed"": 42, ""attention_dim"": 64, ""hidden_dim"": 256, ""beta"": 1.0, ""learning_rate"": 0.001}",qid,0.001,42,0.5,,,,,,,,,,,256.0,,,,,,,256.0,64.0,15.0,64.0,1.0,,,,,,,,,,,,,,,,,,,,,,,,,,,,,,,,,,
atktfix.csv,atktfix,assist2009,1,"{""emb_type"": ""qid"", ""dropout"": 0.3, ""answer_dim"": 256, ""skill_dim"": 64, ""epsilon"": 10, ""seed"": 42, ""attention_dim"": 256, ""hidden_dim"": 256, ""beta"": 0.5, ""learning_rate"": 0.001}",qid,0.001,42,0.3,,,,,,,,,,,256.0,,,,,,,256.0,64.0,10.0,256.0,0.5,,,,,,,,,,,,,,,,,,,,,,,,,,,,,,,,,,
atktfix.csv,atktfix,assist2009,2,"{""emb_type"": ""qid"", ""dropout"": 0.5, ""answer_dim"": 64, ""skill_dim"": 64, ""epsilon"": 12, ""seed"": 42, ""attention_dim"": 256, ""hidden_dim"": 256, ""beta"": 2.0, ""learning_rate"": 0.001}",qid,0.001,42,0.5,,,,,,,,,,,256.0,,,,,,,64.0,64.0,12.0,256.0,2.0,,,,,,,,,,,,,,,,,,,,,,,,,,,,,,,,,,
atktfix.csv,atktfix,assist2009,3,"{""emb_type"": ""qid"", ""dropout"": 0.5, ""answer_dim"": 256, ""skill_dim"": 64, ""epsilon"": 15, ""seed"": 3407, ""attention_dim"": 64, ""hidden_dim"": 256, ""beta"": 0.2, ""learning_rate"": 0.001}",qid,0.001,3407,0.5,,,,,,,,,,,256.0,,,,,,,256.0,64.0,15.0,64.0,0.2,,,,,,,,,,,,,,,,,,,,,,,,,,,,,,,,,,
atktfix.csv,atktfix,assist2009,4,"{""emb_type"": ""qid"", ""dropout"": 0.5, ""answer_dim"": 64, ""skill_dim"": 64, ""epsilon"": 15, ""seed"": 3407, ""attention_dim"": 256, ""hidden_dim"": 256, ""beta"": 0.5, ""learning_rate"": 0.001}",qid,0.001,3407,0.5,,,,,,,,,,,256.0,,,,,,,64.0,64.0,15.0,256.0,0.5,,,,,,,,,,,,,,,,,,,,,,,,,,,,,,,,,,
atktfix.csv,atktfix,assist2015,0,"{""emb_type"": ""qid"", ""dropout"": 0.5, ""answer_dim"": 64, ""skill_dim"": 64, ""epsilon"": 12, ""seed"": 42, ""attention_dim"": 256, ""hidden_dim"": 256, ""beta"": 0.5, ""learning_rate"": 0.001}",qid,0.001,42,0.5,,,,,,,,,,,256.0,,,,,,,64.0,64.0,12.0,256.0,0.5,,,,,,,,,,,,,,,,,,,,,,,,,,,,,,,,,,
atktfix.csv,atktfix,assist2015,1,"{""emb_type"": ""qid"", ""dropout"": 0.5, ""answer_dim"": 256, ""skill_dim"": 64, ""epsilon"": 15, ""seed"": 42, ""attention_dim"": 64, ""hidden_dim"": 256, ""beta"": 0.2, ""learning_rate"": 0.001}",qid,0.001,42,0.5,,,,,,,,,,,256.0,,,,,,,256.0,64.0,15.0,64.0,0.2,,,,,,,,,,,,,,,,,,,,,,,,,,,,,,,,,,
atktfix.csv,atktfix,assist2015,2,"{""emb_type"": ""qid"", ""dropout"": 0.5, ""answer_dim"": 64, ""skill_dim"": 64, ""epsilon"": 15, ""seed"": 3407, ""attention_dim"": 64, ""hidden_dim"": 256, ""beta"": 0.2, ""learning_rate"": 0.001}",qid,0.001,3407,0.5,,,,,,,,,,,256.0,,,,,,,64.0,64.0,15.0,64.0,0.2,,,,,,,,,,,,,,,,,,,,,,,,,,,,,,,,,,
atktfix.csv,atktfix,assist2015,3,"{""emb_type"": ""qid"", ""dropout"": 0.5, ""answer_dim"": 64, ""skill_dim"": 256, ""epsilon"": 12, ""seed"": 3407, ""attention_dim"": 256, ""hidden_dim"": 256, ""beta"": 1.0, ""learning_rate"": 0.0001}",qid,0.0001,3407,0.5,,,,,,,,,,,256.0,,,,,,,64.0,256.0,12.0,256.0,1.0,,,,,,,,,,,,,,,,,,,,,,,,,,,,,,,,,,
atktfix.csv,atktfix,assist2015,4,"{""emb_type"": ""qid"", ""dropout"": 0.5, ""answer_dim"": 64, ""skill_dim"": 64, ""epsilon"": 5, ""seed"": 42, ""attention_dim"": 256, ""hidden_dim"": 256, ""beta"": 2.0, ""learning_rate"": 0.001}",qid,0.001,42,0.5,,,,,,,,,,,256.0,,,,,,,64.0,64.0,5.0,256.0,2.0,,,,,,,,,,,,,,,,,,,,,,,,,,,,,,,,,,
atktfix.csv,atktfix,bridge2algebra2006,0,"{""emb_type"": ""qid"", ""dropout"": 0.5, ""answer_dim"": 64, ""skill_dim"": 64, ""epsilon"": 5, ""seed"": 3407, ""attention_dim"": 64, ""hidden_dim"": 256, ""beta"": 2.0, ""learning_rate"": 0.001}",qid,0.001,3407,0.5,,,,,,,,,,,256.0,,,,,,,64.0,64.0,5.0,64.0,2.0,,,,,,,,,,,,,,,,,,,,,,,,,,,,,,,,,,
atktfix.csv,atktfix,bridge2algebra2006,1,"{""emb_type"": ""qid"", ""dropout"": 0.5, ""answer_dim"": 64, ""skill_dim"": 64, ""epsilon"": 15, ""seed"": 3407, ""attention_dim"": 256, ""hidden_dim"": 256, ""beta"": 0.2, ""learning_rate"": 0.001}",qid,0.001,3407,0.5,,,,,,,,,,,256.0,,,,,,,64.0,64.0,15.0,256.0,0.2,,,,,,,,,,,,,,,,,,,,,,,,,,,,,,,,,,
atktfix.csv,atktfix,bridge2algebra2006,2,"{""emb_type"": ""qid"", ""dropout"": 0.5, ""answer_dim"": 64, ""skill_dim"": 64, ""epsilon"": 10, ""seed"": 42, ""attention_dim"": 256, ""hidden_dim"": 256, ""beta"": 1.0, ""learning_rate"": 0.001}",qid,0.001,42,0.5,,,,,,,,,,,256.0,,,,,,,64.0,64.0,10.0,256.0,1.0,,,,,,,,,,,,,,,,,,,,,,,,,,,,,,,,,,
atktfix.csv,atktfix,bridge2algebra2006,3,"{""emb_type"": ""qid"", ""dropout"": 0.5, ""answer_dim"": 64, ""skill_dim"": 64, ""epsilon"": 15, ""seed"": 42, ""attention_dim"": 256, ""hidden_dim"": 256, ""beta"": 0.2, ""learning_rate"": 0.001}",qid,0.001,42,0.5,,,,,,,,,,,256.0,,,,,,,64.0,64.0,15.0,256.0,0.2,,,,,,,,,,,,,,,,,,,,,,,,,,,,,,,,,,
atktfix.csv,atktfix,bridge2algebra2006,4,"{""emb_type"": ""qid"", ""dropout"": 0.3, ""answer_dim"": 64, ""skill_dim"": 64, ""epsilon"": 15, ""seed"": 3407, ""attention_dim"": 256, ""hidden_dim"": 256, ""beta"": 0.2, ""learning_rate"": 0.001}",qid,0.001,3407,0.3,,,,,,,,,,,256.0,,,,,,,64.0,64.0,15.0,256.0,0.2,,,,,,,,,,,,,,,,,,,,,,,,,,,,,,,,,,
atktfix.csv,atktfix,ednet,0,"{""emb_type"": ""qid"", ""dropout"": 0.5, ""answer_dim"": 64, ""skill_dim"": 64, ""epsilon"": 12, ""seed"": 42, ""attention_dim"": 256, ""hidden_dim"": 256, ""beta"": 0.2, ""learning_rate"": 0.001}",qid,0.001,42,0.5,,,,,,,,,,,256.0,,,,,,,64.0,64.0,12.0,256.0,0.2,,,,,,,,,,,,,,,,,,,,,,,,,,,,,,,,,,
atktfix.csv,atktfix,ednet,1,"{""emb_type"": ""qid"", ""dropout"": 0.1, ""answer_dim"": 64, ""skill_dim"": 256, ""epsilon"": 10, ""seed"": 3407, ""attention_dim"": 256, ""hidden_dim"": 256, ""beta"": 2.0, ""learning_rate"": 0.001}",qid,0.001,3407,0.1,,,,,,,,,,,256.0,,,,,,,64.0,256.0,10.0,256.0,2.0,,,,,,,,,,,,,,,,,,,,,,,,,,,,,,,,,,
atktfix.csv,atktfix,ednet,2,"{""emb_type"": ""qid"", ""dropout"": 0.5, ""answer_dim"": 256, ""skill_dim"": 64, ""epsilon"": 10, ""seed"": 3407, ""attention_dim"": 256, ""hidden_dim"": 256, ""beta"": 0.2, ""learning_rate"": 0.001}",qid,0.001,3407,0.5,,,,,,,,,,,256.0,,,,,,,256.0,64.0,10.0,256.0,0.2,,,,,,,,,,,,,,,,,,,,,,,,,,,,,,,,,,
atktfix.csv,atktfix,ednet,3,"{""emb_type"": ""qid"", ""dropout"": 0.5, ""answer_dim"": 64, ""skill_dim"": 64, ""epsilon"": 5, ""seed"": 42, ""attention_dim"": 64, ""hidden_dim"": 256, ""beta"": 1.0, ""learning_rate"": 0.001}",qid,0.001,42,0.5,,,,,,,,,,,256.0,,,,,,,64.0,64.0,5.0,64.0,1.0,,,,,,,,,,,,,,,,,,,,,,,,,,,,,,,,,,
atktfix.csv,atktfix,ednet,4,"{""emb_type"": ""qid"", ""dropout"": 0.5, ""answer_dim"": 64, ""skill_dim"": 64, ""epsilon"": 5, ""seed"": 3407, ""attention_dim"": 64, ""hidden_dim"": 256, ""beta"": 1.0, ""learning_rate"": 0.001}",qid,0.001,3407,0.5,,,,,,,,,,,256.0,,,,,,,64.0,64.0,5.0,64.0,1.0,,,,,,,,,,,,,,,,,,,,,,,,,,,,,,,,,,
atktfix.csv,atktfix,nips_task34,0,"{""emb_type"": ""qid"", ""dropout"": 0.5, ""answer_dim"": 64, ""skill_dim"": 64, ""epsilon"": 10, ""seed"": 42, ""attention_dim"": 256, ""hidden_dim"": 256, ""beta"": 0.5, ""learning_rate"": 0.001}",qid,0.001,42,0.5,,,,,,,,,,,256.0,,,,,,,64.0,64.0,10.0,256.0,0.5,,,,,,,,,,,,,,,,,,,,,,,,,,,,,,,,,,
atktfix.csv,atktfix,nips_task34,1,"{""emb_type"": ""qid"", ""dropout"": 0.5, ""answer_dim"": 64, ""skill_dim"": 64, ""epsilon"": 10, ""seed"": 42, ""attention_dim"": 64, ""hidden_dim"": 256, ""beta"": 0.2, ""learning_rate"": 0.001}",qid,0.001,42,0.5,,,,,,,,,,,256.0,,,,,,,64.0,64.0,10.0,64.0,0.2,,,,,,,,,,,,,,,,,,,,,,,,,,,,,,,,,,
atktfix.csv,atktfix,nips_task34,2,"{""emb_type"": ""qid"", ""dropout"": 0.5, ""answer_dim"": 64, ""skill_dim"": 64, ""epsilon"": 5, ""seed"": 42, ""attention_dim"": 256, ""hidden_dim"": 256, ""beta"": 1.0, ""learning_rate"": 0.001}",qid,0.001,42,0.5,,,,,,,,,,,256.0,,,,,,,64.0,64.0,5.0,256.0,1.0,,,,,,,,,,,,,,,,,,,,,,,,,,,,,,,,,,
atktfix.csv,atktfix,nips_task34,3,"{""emb_type"": ""qid"", ""dropout"": 0.5, ""answer_dim"": 64, ""skill_dim"": 64, ""epsilon"": 5, ""seed"": 42, ""attention_dim"": 64, ""hidden_dim"": 256, ""beta"": 1.0, ""learning_rate"": 0.001}",qid,0.001,42,0.5,,,,,,,,,,,256.0,,,,,,,64.0,64.0,5.0,64.0,1.0,,,,,,,,,,,,,,,,,,,,,,,,,,,,,,,,,,
atktfix.csv,atktfix,nips_task34,4,"{""emb_type"": ""qid"", ""dropout"": 0.5, ""answer_dim"": 64, ""skill_dim"": 64, ""epsilon"": 10, ""seed"": 42, ""attention_dim"": 256, ""hidden_dim"": 256, ""beta"": 0.5, ""learning_rate"": 0.001}",qid,0.001,42,0.5,,,,,,,,,,,256.0,,,,,,,64.0,64.0,10.0,256.0,0.5,,,,,,,,,,,,,,,,,,,,,,,,,,,,,,,,,,
atktfix.csv,atktfix,poj,0,"{""emb_type"": ""qid"", ""dropout"": 0.5, ""answer_dim"": 64, ""skill_dim"": 64, ""epsilon"": 15, ""seed"": 42, ""attention_dim"": 256, ""hidden_dim"": 64, ""beta"": 1.0, ""learning_rate"": 0.001}",qid,0.001,42,0.5,,,,,,,,,,,64.0,,,,,,,64.0,64.0,15.0,256.0,1.0,,,,,,,,,,,,,,,,,,,,,,,,,,,,,,,,,,
atktfix.csv,atktfix,poj,1,"{""emb_type"": ""qid"", ""dropout"": 0.5, ""answer_dim"": 64, ""skill_dim"": 64, ""epsilon"": 12, ""seed"": 42, ""attention_dim"": 256, ""hidden_dim"": 64, ""beta"": 0.5, ""learning_rate"": 0.001}",qid,0.001,42,0.5,,,,,,,,,,,64.0,,,,,,,64.0,64.0,12.0,256.0,0.5,,,,,,,,,,,,,,,,,,,,,,,,,,,,,,,,,,
atktfix.csv,atktfix,poj,2,"{""emb_type"": ""qid"", ""dropout"": 0.5, ""answer_dim"": 64, ""skill_dim"": 64, ""epsilon"": 15, ""seed"": 42, ""attention_dim"": 256, ""hidden_dim"": 256, ""beta"": 1.0, ""learning_rate"": 0.001}",qid,0.001,42,0.5,,,,,,,,,,,256.0,,,,,,,64.0,64.0,15.0,256.0,1.0,,,,,,,,,,,,,,,,,,,,,,,,,,,,,,,,,,
atktfix.csv,atktfix,poj,3,"{""emb_type"": ""qid"", ""dropout"": 0.3, ""answer_dim"": 64, ""skill_dim"": 64, ""epsilon"": 15, ""seed"": 42, ""attention_dim"": 256, ""hidden_dim"": 256, ""beta"": 2.0, ""learning_rate"": 0.001}",qid,0.001,42,0.3,,,,,,,,,,,256.0,,,,,,,64.0,64.0,15.0,256.0,2.0,,,,,,,,,,,,,,,,,,,,,,,,,,,,,,,,,,
atktfix.csv,atktfix,poj,4,"{""emb_type"": ""qid"", ""dropout"": 0.5, ""answer_dim"": 64, ""skill_dim"": 64, ""epsilon"": 12, ""seed"": 3407, ""attention_dim"": 64, ""hidden_dim"": 64, ""beta"": 0.5, ""learning_rate"": 0.001}",qid,0.001,3407,0.5,,,,,,,,,,,64.0,,,,,,,64.0,64.0,12.0,64.0,0.5,,,,,,,,,,,,,,,,,,,,,,,,,,,,,,,,,,
atktfix.csv,atktfix,statics2011,0,"{""emb_type"": ""qid"", ""dropout"": 0.5, ""answer_dim"": 256, ""skill_dim"": 64, ""epsilon"": 15, ""seed"": 3407, ""attention_dim"": 256, ""hidden_dim"": 256, ""beta"": 2.0, ""learning_rate"": 0.001}",qid,0.001,3407,0.5,,,,,,,,,,,256.0,,,,,,,256.0,64.0,15.0,256.0,2.0,,,,,,,,,,,,,,,,,,,,,,,,,,,,,,,,,,
atktfix.csv,atktfix,statics2011,1,"{""emb_type"": ""qid"", ""dropout"": 0.5, ""answer_dim"": 256, ""skill_dim"": 64, ""epsilon"": 12, ""seed"": 3407, ""attention_dim"": 64, ""hidden_dim"": 256, ""beta"": 2.0, ""learning_rate"": 0.001}",qid,0.001,3407,0.5,,,,,,,,,,,256.0,,,,,,,256.0,64.0,12.0,64.0,2.0,,,,,,,,,,,,,,,,,,,,,,,,,,,,,,,,,,
atktfix.csv,atktfix,statics2011,2,"{""emb_type"": ""qid"", ""dropout"": 0.5, ""answer_dim"": 256, ""skill_dim"": 64, ""epsilon"": 12, ""seed"": 3407, ""attention_dim"": 256, ""hidden_dim"": 64, ""beta"": 0.2, ""learning_rate"": 0.001}",qid,0.001,3407,0.5,,,,,,,,,,,64.0,,,,,,,256.0,64.0,12.0,256.0,0.2,,,,,,,,,,,,,,,,,,,,,,,,,,,,,,,,,,
atktfix.csv,atktfix,statics2011,3,"{""emb_type"": ""qid"", ""dropout"": 0.5, ""answer_dim"": 256, ""skill_dim"": 256, ""epsilon"": 15, ""seed"": 3407, ""attention_dim"": 256, ""hidden_dim"": 256, ""beta"": 2.0, ""learning_rate"": 0.001}",qid,0.001,3407,0.5,,,,,,,,,,,256.0,,,,,,,256.0,256.0,15.0,256.0,2.0,,,,,,,,,,,,,,,,,,,,,,,,,,,,,,,,,,
atktfix.csv,atktfix,statics2011,4,"{""emb_type"": ""qid"", ""dropout"": 0.3, ""answer_dim"": 256, ""skill_dim"": 64, ""epsilon"": 15, ""seed"": 42, ""attention_dim"": 256, ""hidden_dim"": 256, ""beta"": 2.0, ""learning_rate"": 0.001}",qid,0.001,42,0.3,,,,,,,,,,,256.0,,,,,,,256.0,64.0,15.0,256.0,2.0,,,,,,,,,,,,,,,,,,,,,,,,,,,,,,,,,,
deep_irt.csv,deep_irt,algebra2005,0,"{""emb_type"": ""qid"", ""dim_s"": 256, ""dropout"": 0.05, ""size_m"": 32, ""seed"": 3407, ""learning_rate"": 0.001}",qid,0.001,3407,0.05,,,,,,,,,,,,,,,,,,,,,,,256.0,32.0,,,,,,,,,,,,,,,,,,,,,,,,,,,,,,,,
deep_irt.csv,deep_irt,algebra2005,1,"{""emb_type"": ""qid"", ""dim_s"": 256, ""dropout"": 0.1, ""size_m"": 32, ""seed"": 42, ""learning_rate"": 0.001}",qid,0.001,42,0.1,,,,,,,,,,,,,,,,,,,,,,,256.0,32.0,,,,,,,,,,,,,,,,,,,,,,,,,,,,,,,,
deep_irt.csv,deep_irt,algebra2005,2,"{""emb_type"": ""qid"", ""dim_s"": 256, ""dropout"": 0.1, ""size_m"": 32, ""seed"": 42, ""learning_rate"": 0.001}",qid,0.001,42,0.1,,,,,,,,,,,,,,,,,,,,,,,256.0,32.0,,,,,,,,,,,,,,,,,,,,,,,,,,,,,,,,
deep_irt.csv,deep_irt,algebra2005,3,"{""emb_type"": ""qid"", ""dim_s"": 256, ""dropout"": 0.05, ""size_m"": 32, ""seed"": 3407, ""learning_rate"": 0.001}",qid,0.001,3407,0.05,,,,,,,,,,,,,,,,,,,,,,,256.0,32.0,,,,,,,,,,,,,,,,,,,,,,,,,,,,,,,,
deep_irt.csv,deep_irt,algebra2005,4,"{""emb_type"": ""qid"", ""dim_s"": 256, ""dropout"": 0.05, ""size_m"": 32, ""seed"": 3407, ""learning_rate"": 0.001}",qid,0.001,3407,0.05,,,,,,,,,,,,,,,,,,,,,,,256.0,32.0,,,,,,,,,,,,,,,,,,,,,,,,,,,,,,,,
deep_irt.csv,deep_irt,assist2009,0,"{""emb_type"": ""qid"", ""dim_s"": 256, ""dropout"": 0.1, ""size_m"": 32, ""seed"": 42, ""learning_rate"": 0.001}",qid,0.001,42,0.1,,,,,,,,,,,,,,,,,,,,,,,256.0,32.0,,,,,,,,,,,,,,,,,,,,,,,,,,,,,,,,
deep_irt.csv,deep_irt,assist2009,1,"{""emb_type"": ""qid"", ""dim_s"": 256, ""dropout"": 0.3, ""size_m"": 32, ""seed"": 42, ""learning_rate"": 0.001}",qid,0.001,42,0.3,,,,,,,,,,,,,,,,,,,,,,,256.0,32.0,,,,,,,,,,,,,,,,,,,,,,,,,,,,,,,,
deep_irt.csv,deep_irt,assist2009,2,"{""emb_type"": ""qid"", ""dim_s"": 256, ""dropout"": 0.05, ""size_m"": 32, ""seed"": 42, ""learning_rate"": 0.001}",qid,0.001,42,0.05,,,,,,,,,,,,,,,,,,,,,,,256.0,32.0,,,,,,,,,,,,,,,,,,,,,,,,,,,,,,,,
deep_irt.csv,deep_irt,assist2009,3,"{""emb_type"": ""qid"", ""dim_s"": 256, ""dropout"": 0.1, ""size_m"": 32, ""seed"": 42, ""learning_rate"": 0.001}",qid,0.001,42,0.1,,,,,,,,,,,,,,,,,,,,,,,256.0,32.0,,,,,,,,,,,,,,,,,,,,,,,,,,,,,,,,
deep_irt.csv,deep_irt,assist2009,4,"{""emb_type"": ""qid"", ""dim_s"": 256, ""dropout"": 0.3, ""size_m"": 32, ""seed"": 42, ""learning_rate"": 0.001}",qid,0.001,42,0.3,,,,,,,,,,,,,,,,,,,,,,,256.0,32.0,,,,,,,,,,,,,,,,,,,,,,,,,,,,,,,,
deep_irt.csv,deep_irt,assist2015,0,"{""emb_type"": ""qid"", ""dim_s"": 64, ""dropout"": 0.05, ""size_m"": 32, ""seed"": 42, ""learning_rate"": 0.001}",qid,0.001,42,0.05,,,,,,,,,,,,,,,,,,,,,,,64.0,32.0,,,,,,,,,,,,,,,,,,,,,,,,,,,,,,,,
deep_irt.csv,deep_irt,assist2015,1,"{""emb_type"": ""qid"", ""dim_s"": 64, ""dropout"": 0.1, ""size_m"": 32, ""seed"": 3407, ""learning_rate"": 0.001}",qid,0.001,3407,0.1,,,,,,,,,,,,,,,,,,,,,,,64.0,32.0,,,,,,,,,,,,,,,,,,,,,,,,,,,,,,,,
deep_irt.csv,deep_irt,assist2015,2,"{""emb_type"": ""qid"", ""dim_s"": 64, ""dropout"": 0.1, ""size_m"": 32, ""seed"": 3407, ""learning_rate"": 0.001}",qid,0.001,3407,0.1,,,,,,,,,,,,,,,,,,,,,,,64.0,32.0,,,,,,,,,,,,,,,,,,,,,,,,,,,,,,,,
deep_irt.csv,deep_irt,assist2015,3,"{""emb_type"": ""qid"", ""dim_s"": 64, ""dropout"": 0.05, ""size_m"": 32, ""seed"": 42, ""learning_rate"": 0.001}",qid,0.001,42,0.05,,,,,,,,,,,,,,,,,,,,,,,64.0,32.0,,,,,,,,,,,,,,,,,,,,,,,,,,,,,,,,
deep_irt.csv,deep_irt,assist2015,4,"{""emb_type"": ""qid"", ""dim_s"": 64, ""dropout"": 0.1, ""size_m"": 32, ""seed"": 42, ""learning_rate"": 0.001}",qid,0.001,42,0.1,,,,,,,,,,,,,,,,,,,,,,,64.0,32.0,,,,,,,,,,,,,,,,,,,,,,,,,,,,,,,,
deep_irt.csv,deep_irt,bridge2algebra2006,0,"{""emb_type"": ""qid"", ""dim_s"": 256, ""dropout"": 0.3, ""size_m"": 32, ""seed"": 3407, ""learning_rate"": 0.001}",qid,0.001,3407,0.3,,,,,,,,,,,,,,,,,,,,,,,256.0,32.0,,,,,,,,,,,,,,,,,,,,,,,,,,,,,,,,
deep_irt.csv,deep_irt,bridge2algebra2006,1,"{""emb_type"": ""qid"", ""dim_s"": 256, ""dropout"": 0.1, ""size_m"": 32, ""seed"": 3407, ""learning_rate"": 0.001}",qid,0.001,3407,0.1,,,,,,,,,,,,,,,,,,,,,,,256.0,32.0,,,,,,,,,,,,,,,,,,,,,,,,,,,,,,,,
deep_irt.csv,deep_irt,bridge2algebra2006,2,"{""emb_type"": ""qid"", ""dim_s"": 256, ""dropout"": 0.1, ""size_m"": 32, ""seed"": 3407, ""learning_rate"": 0.001}",qid,0.001,3407,0.1,,,,,,,,,,,,,,,,,,,,,,,256.0,32.0,,,,,,,,,,,,,,,,,,,,,,,,,,,,,,,,
deep_irt.csv,deep_irt,bridge2algebra2006,3,"{""emb_type"": ""qid"", ""dim_s"": 256, ""dropout"": 0.3, ""size_m"": 32, ""seed"": 42, ""learning_rate"": 0.001}",qid,0.001,42,0.3,,,,,,,,,,,,,,,,,,,,,,,256.0,32.0,,,,,,,,,,,,,,,,,,,,,,,,,,,,,,,,
deep_irt.csv,deep_irt,bridge2algebra2006,4,"{""emb_type"": ""qid"", ""dim_s"": 256, ""dropout"": 0.1, ""size_m"": 32, ""seed"": 3407, ""learning_rate"": 0.001}",qid,0.001,3407,0.1,,,,,,,,,,,,,,,,,,,,,,,256.0,32.0,,,,,,,,,,,,,,,,,,,,,,,,,,,,,,,,
deep_irt.csv,deep_irt,ednet,0,"{""emb_type"": ""qid"", ""dim_s"": 64, ""dropout"": 0.1, ""size_m"": 32, ""seed"": 42, ""learning_rate"": 0.001}",qid,0.001,42,0.1,,,,,,,,,,,,,,,,,,,,,,,64.0,32.0,,,,,,,,,,,,,,,,,,,,,,,,,,,,,,,,
deep_irt.csv,deep_irt,ednet,1,"{""emb_type"": ""qid"", ""dim_s"": 256, ""dropout"": 0.1, ""size_m"": 64, ""seed"": 42, ""learning_rate"": 0.001}",qid,0.001,42,0.1,,,,,,,,,,,,,,,,,,,,,,,256.0,64.0,,,,,,,,,,,,,,,,,,,,,,,,,,,,,,,,
deep_irt.csv,deep_irt,ednet,2,"{""emb_type"": ""qid"", ""dim_s"": 256, ""dropout"": 0.05, ""size_m"": 64, ""seed"": 42, ""learning_rate"": 0.001}",qid,0.001,42,0.05,,,,,,,,,,,,,,,,,,,,,,,256.0,64.0,,,,,,,,,,,,,,,,,,,,,,,,,,,,,,,,
deep_irt.csv,deep_irt,ednet,3,"{""emb_type"": ""qid"", ""dim_s"": 256, ""dropout"": 0.1, ""size_m"": 32, ""seed"": 3407, ""learning_rate"": 0.001}",qid,0.001,3407,0.1,,,,,,,,,,,,,,,,,,,,,,,256.0,32.0,,,,,,,,,,,,,,,,,,,,,,,,,,,,,,,,
deep_irt.csv,deep_irt,ednet,4,"{""emb_type"": ""qid"", ""dim_s"": 256, ""dropout"": 0.5, ""size_m"": 64, ""seed"": 42, ""learning_rate"": 0.001}",qid,0.001,42,0.5,,,,,,,,,,,,,,,,,,,,,,,256.0,64.0,,,,,,,,,,,,,,,,,,,,,,,,,,,,,,,,
deep_irt.csv,deep_irt,nips_task34,0,"{""emb_type"": ""qid"", ""dim_s"": 256, ""dropout"": 0.3, ""size_m"": 64, ""seed"": 42, ""learning_rate"": 0.001}",qid,0.001,42,0.3,,,,,,,,,,,,,,,,,,,,,,,256.0,64.0,,,,,,,,,,,,,,,,,,,,,,,,,,,,,,,,
deep_irt.csv,deep_irt,nips_task34,1,"{""emb_type"": ""qid"", ""dim_s"": 256, ""dropout"": 0.3, ""size_m"": 32, ""seed"": 42, ""learning_rate"": 0.001}",qid,0.001,42,0.3,,,,,,,,,,,,,,,,,,,,,,,256.0,32.0,,,,,,,,,,,,,,,,,,,,,,,,,,,,,,,,
deep_irt.csv,deep_irt,nips_task34,2,"{""emb_type"": ""qid"", ""dim_s"": 256, ""dropout"": 0.3, ""size_m"": 64, ""seed"": 42, ""learning_rate"": 0.001}",qid,0.001,42,0.3,,,,,,,,,,,,,,,,,,,,,,,256.0,64.0,,,,,,,,,,,,,,,,,,,,,,,,,,,,,,,,
deep_irt.csv,deep_irt,nips_task34,3,"{""emb_type"": ""qid"", ""dim_s"": 256, ""dropout"": 0.3, ""size_m"": 32, ""seed"": 42, ""learning_rate"": 0.001}",qid,0.001,42,0.3,,,,,,,,,,,,,,,,,,,,,,,256.0,32.0,,,,,,,,,,,,,,,,,,,,,,,,,,,,,,,,
deep_irt.csv,deep_irt,nips_task34,4,"{""emb_type"": ""qid"", ""dim_s"": 256, ""dropout"": 0.05, ""size_m"": 32, ""seed"": 3407, ""learning_rate"": 0.001}",qid,0.001,3407,0.05,,,,,,,,,,,,,,,,,,,,,,,256.0,32.0,,,,,,,,,,,,,,,,,,,,,,,,,,,,,,,,
deep_irt.csv,deep_irt,poj,0,"{""emb_type"": ""qid"", ""dim_s"": 64, ""dropout"": 0.5, ""size_m"": 32, ""seed"": 3407, ""learning_rate"": 0.001}",qid,0.001,3407,0.5,,,,,,,,,,,,,,,,,,,,,,,64.0,32.0,,,,,,,,,,,,,,,,,,,,,,,,,,,,,,,,
deep_irt.csv,deep_irt,poj,1,"{""emb_type"": ""qid"", ""dim_s"": 256, ""dropout"": 0.5, ""size_m"": 32, ""seed"": 42, ""learning_rate"": 0.0001}",qid,0.0001,42,0.5,,,,,,,,,,,,,,,,,,,,,,,256.0,32.0,,,,,,,,,,,,,,,,,,,,,,,,,,,,,,,,
deep_irt.csv,deep_irt,poj,2,"{""emb_type"": ""qid"", ""dim_s"": 64, ""dropout"": 0.05, ""size_m"": 32, ""seed"": 42, ""learning_rate"": 0.001}",qid,0.001,42,0.05,,,,,,,,,,,,,,,,,,,,,,,64.0,32.0,,,,,,,,,,,,,,,,,,,,,,,,,,,,,,,,
deep_irt.csv,deep_irt,poj,3,"{""emb_type"": ""qid"", ""dim_s"": 64, ""dropout"": 0.5, ""size_m"": 32, ""seed"": 42, ""learning_rate"": 0.001}",qid,0.001,42,0.5,,,,,,,,,,,,,,,,,,,,,,,64.0,32.0,,,,,,,,,,,,,,,,,,,,,,,,,,,,,,,,
deep_irt.csv,deep_irt,poj,4,"{""emb_type"": ""qid"", ""dim_s"": 256, ""dropout"": 0.3, ""size_m"": 32, ""seed"": 3407, ""learning_rate"": 0.0001}",qid,0.0001,3407,0.3,,,,,,,,,,,,,,,,,,,,,,,256.0,32.0,,,,,,,,,,,,,,,,,,,,,,,,,,,,,,,,
deep_irt.csv,deep_irt,statics2011,0,"{""emb_type"": ""qid"", ""dim_s"": 256, ""dropout"": 0.1, ""size_m"": 32, ""seed"": 42, ""learning_rate"": 0.001}",qid,0.001,42,0.1,,,,,,,,,,,,,,,,,,,,,,,256.0,32.0,,,,,,,,,,,,,,,,,,,,,,,,,,,,,,,,
deep_irt.csv,deep_irt,statics2011,1,"{""emb_type"": ""qid"", ""dim_s"": 256, ""dropout"": 0.3, ""size_m"": 32, ""seed"": 3407, ""learning_rate"": 0.001}",qid,0.001,3407,0.3,,,,,,,,,,,,,,,,,,,,,,,256.0,32.0,,,,,,,,,,,,,,,,,,,,,,,,,,,,,,,,
deep_irt.csv,deep_irt,statics2011,2,"{""emb_type"": ""qid"", ""dim_s"": 256, ""dropout"": 0.05, ""size_m"": 32, ""seed"": 42, ""learning_rate"": 0.001}",qid,0.001,42,0.05,,,,,,,,,,,,,,,,,,,,,,,256.0,32.0,,,,,,,,,,,,,,,,,,,,,,,,,,,,,,,,
deep_irt.csv,deep_irt,statics2011,3,"{""emb_type"": ""qid"", ""dim_s"": 64, ""dropout"": 0.05, ""size_m"": 32, ""seed"": 3407, ""learning_rate"": 0.001}",qid,0.001,3407,0.05,,,,,,,,,,,,,,,,,,,,,,,64.0,32.0,,,,,,,,,,,,,,,,,,,,,,,,,,,,,,,,
deep_irt.csv,deep_irt,statics2011,4,"{""emb_type"": ""qid"", ""dim_s"": 256, ""dropout"": 0.3, ""size_m"": 32, ""seed"": 42, ""learning_rate"": 0.001}",qid,0.001,42,0.3,,,,,,,,,,,,,,,,,,,,,,,256.0,32.0,,,,,,,,,,,,,,,,,,,,,,,,,,,,,,,,
denoisekt.csv,denoisekt,ASSIST2009,0,"{""emb_type"": ""qid"", ""seed"": 42, ""batch_size"": 64, ""dropout"": 0.1, ""dropout1"": 0.4, ""bf"": 0.9, ""final_fc_dim"": 64, ""final_fc_dim2"": 64, ""d_model"": 256, ""d_ff"": 64, ""num_attn_heads"": 4, ""n_blocks"": 4, ""learning_rate"": 0.0001}",qid,0.0001,42,0.1,0.4,64.0,,,256.0,64.0,4.0,,4.0,,,64.0,64.0,,,,,,,,,,,,0.9,,,,,,,,,,,,,,,,,,,,,,,,,,,,,,,
denoisekt.csv,denoisekt,ASSIST2009,1,"{""emb_type"": ""qid"", ""seed"": 42, ""batch_size"": 64, ""dropout"": 0.1, ""dropout1"": 0.1, ""bf"": 0.9, ""final_fc_dim"": 64, ""final_fc_dim2"": 64, ""d_model"": 256, ""d_ff"": 256, ""num_attn_heads"": 4, ""n_blocks"": 4, ""learning_rate"": 0.0001}",qid,0.0001,42,0.1,0.1,64.0,,,256.0,256.0,4.0,,4.0,,,64.0,64.0,,,,,,,,,,,,0.9,,,,,,,,,,,,,,,,,,,,,,,,,,,,,,,
denoisekt.csv,denoisekt,ASSIST2009,2,"{""emb_type"": ""qid"", ""seed"": 3407, ""batch_size"": 64, ""dropout"": 0.1, ""dropout1"": 0.3, ""bf"": 0.9, ""final_fc_dim"": 64, ""final_fc_dim2"": 64, ""d_model"": 256, ""d_ff"": 256, ""num_attn_heads"": 4, ""n_blocks"": 4, ""learning_rate"": 0.0001}",qid,0.0001,3407,0.1,0.3,64.0,,,256.0,256.0,4.0,,4.0,,,64.0,64.0,,,,,,,,,,,,0.9,,,,,,,,,,,,,,,,,,,,,,,,,,,,,,,
denoisekt.csv,denoisekt,ASSIST2009,3,"{""emb_type"": ""qid"", ""seed"": 42, ""batch_size"": 64, ""dropout"": 0.1, ""dropout1"": 0.4, ""bf"": 0.9, ""final_fc_dim"": 64, ""final_fc_dim2"": 64, ""d_model"": 256, ""d_ff"": 64, ""num_attn_heads"": 4, ""n_blocks"": 4, ""learning_rate"": 0.0001}",qid,0.0001,42,0.1,0.4,64.0,,,256.0,64.0,4.0,,4.0,,,64.0,64.0,,,,,,,,,,,,0.9,,,,,,,,,,,,,,,,,,,,,,,,,,,,,,,
denoisekt.csv,denoisekt,ASSIST2009,4,"{""emb_type"": ""qid"", ""seed"": 3407, ""batch_size"": 64, ""dropout"": 0.1, ""dropout1"": 0.1, ""bf"": 0.9, ""final_fc_dim"": 64, ""final_fc_dim2"": 64, ""d_model"": 256, ""d_ff"": 256, ""num_attn_heads"": 4, ""n_blocks"": 4, ""learning_rate"": 0.0001}",qid,0.0001,3407,0.1,0.1,64.0,,,256.0,256.0,4.0,,4.0,,,64.0,64.0,,,,,,,,,,,,0.9,,,,,,,,,,,,,,,,,,,,,,,,,,,,,,,
denoisekt.csv,denoisekt,EdNet,0,"{""emb_type"": ""qid"", ""seed"": 3407, ""batch_size"": 64, ""dropout"": 0.5, ""dropout1"": 0.2, ""bf"": 0.01, ""final_fc_dim"": 64, ""final_fc_dim2"": 64, ""d_model"": 64, ""d_ff"": 256, ""num_attn_heads"": 8, ""n_blocks"": 1, ""learning_rate"": 0.001}",qid,0.001,3407,0.5,0.2,64.0,,,64.0,256.0,8.0,,1.0,,,64.0,64.0,,,,,,,,,,,,0.01,,,,,,,,,,,,,,,,,,,,,,,,,,,,,,,
denoisekt.csv,denoisekt,EdNet,1,"{""emb_type"": ""qid"", ""seed"": 3407, ""batch_size"": 64, ""dropout"": 0.1, ""dropout1"": 0.1, ""bf"": 0.99, ""final_fc_dim"": 64, ""final_fc_dim2"": 64, ""d_model"": 256, ""d_ff"": 256, ""num_attn_heads"": 4, ""n_blocks"": 4, ""learning_rate"": 0.0001}",qid,0.0001,3407,0.1,0.1,64.0,,,256.0,256.0,4.0,,4.0,,,64.0,64.0,,,,,,,,,,,,0.99,,,,,,,,,,,,,,,,,,,,,,,,,,,,,,,
denoisekt.csv,denoisekt,EdNet,2,"{""emb_type"": ""qid"", ""seed"": 3407, ""batch_size"": 64, ""dropout"": 0.5, ""dropout1"": 0.4, ""bf"": 0.5, ""final_fc_dim"": 256, ""final_fc_dim2"": 64, ""d_model"": 256, ""d_ff"": 64, ""num_attn_heads"": 8, ""n_blocks"": 4, ""learning_rate"": 0.0001}",qid,0.0001,3407,0.5,0.4,64.0,,,256.0,64.0,8.0,,4.0,,,256.0,64.0,,,,,,,,,,,,0.5,,,,,,,,,,,,,,,,,,,,,,,,,,,,,,,
denoisekt.csv,denoisekt,EdNet,3,"{""emb_type"": ""qid"", ""seed"": 3407, ""batch_size"": 64, ""dropout"": 0.1, ""dropout1"": 0.1, ""bf"": 0.99, ""final_fc_dim"": 256, ""final_fc_dim2"": 64, ""d_model"": 256, ""d_ff"": 256, ""num_attn_heads"": 8, ""n_blocks"": 4, ""learning_rate"": 0.0001}",qid,0.0001,3407,0.1,0.1,64.0,,,256.0,256.0,8.0,,4.0,,,256.0,64.0,,,,,,,,,,,,0.99,,,,,,,,,,,,,,,,,,,,,,,,,,,,,,,
denoisekt.csv,denoisekt,EdNet,4,"{""emb_type"": ""qid"", ""seed"": 42, ""batch_size"": 64, ""dropout"": 0.1, ""dropout1"": 0.3, ""bf"": 0.99, ""final_fc_dim"": 64, ""final_fc_dim2"": 256, ""d_model"": 256, ""d_ff"": 64, ""num_attn_heads"": 8, ""n_blocks"": 4, ""learning_rate"": 0.0001}",qid,0.0001,42,0.1,0.3,64.0,,,256.0,64.0,8.0,,4.0,,,64.0,256.0,,,,,,,,,,,,0.99,,,,,,,,,,,,,,,,,,,,,,,,,,,,,,,
denoisekt.csv,denoisekt,NIPS34,0,"{""emb_type"": ""qid"", ""seed"": 3407, ""batch_size"": 64, ""dropout"": 0.3, ""dropout1"": 0.2, ""bf"": 0.01, ""final_fc_dim"": 64, ""final_fc_dim2"": 256, ""d_model"": 64, ""d_ff"": 256, ""num_attn_heads"": 4, ""n_blocks"": 4, ""learning_rate"": 0.002}",qid,0.002,3407,0.3,0.2,64.0,,,64.0,256.0,4.0,,4.0,,,64.0,256.0,,,,,,,,,,,,0.01,,,,,,,,,,,,,,,,,,,,,,,,,,,,,,,
denoisekt.csv,denoisekt,NIPS34,1,"{""emb_type"": ""qid"", ""seed"": 3407, ""batch_size"": 64, ""dropout"": 0.3, ""dropout1"": 0.1, ""bf"": 0.01, ""final_fc_dim"": 256, ""final_fc_dim2"": 256, ""d_model"": 64, ""d_ff"": 64, ""num_attn_heads"": 8, ""n_blocks"": 4, ""learning_rate"": 0.002}",qid,0.002,3407,0.3,0.1,64.0,,,64.0,64.0,8.0,,4.0,,,256.0,256.0,,,,,,,,,,,,0.01,,,,,,,,,,,,,,,,,,,,,,,,,,,,,,,
denoisekt.csv,denoisekt,NIPS34,2,"{""emb_type"": ""qid"", ""seed"": 3407, ""batch_size"": 64, ""dropout"": 0.3, ""dropout1"": 0.1, ""bf"": 0.01, ""final_fc_dim"": 256, ""final_fc_dim2"": 64, ""d_model"": 64, ""d_ff"": 64, ""num_attn_heads"": 4, ""n_blocks"": 4, ""learning_rate"": 0.001}",qid,0.001,3407,0.3,0.1,64.0,,,64.0,64.0,4.0,,4.0,,,256.0,64.0,,,,,,,,,,,,0.01,,,,,,,,,,,,,,,,,,,,,,,,,,,,,,,
denoisekt.csv,denoisekt,NIPS34,3,"{""emb_type"": ""qid"", ""seed"": 3407, ""batch_size"": 64, ""dropout"": 0.3, ""dropout1"": 0.1, ""bf"": 0.01, ""final_fc_dim"": 64, ""final_fc_dim2"": 256, ""d_model"": 64, ""d_ff"": 64, ""num_attn_heads"": 4, ""n_blocks"": 4, ""learning_rate"": 0.002}",qid,0.002,3407,0.3,0.1,64.0,,,64.0,64.0,4.0,,4.0,,,64.0,256.0,,,,,,,,,,,,0.01,,,,,,,,,,,,,,,,,,,,,,,,,,,,,,,
denoisekt.csv,denoisekt,NIPS34,4,"{""emb_type"": ""qid"", ""seed"": 3407, ""batch_size"": 64, ""dropout"": 0.3, ""dropout1"": 0.2, ""bf"": 0.01, ""final_fc_dim"": 256, ""final_fc_dim2"": 256, ""d_model"": 64, ""d_ff"": 64, ""num_attn_heads"": 4, ""n_blocks"": 4, ""learning_rate"": 0.002}",qid,0.002,3407,0.3,0.2,64.0,,,64.0,64.0,4.0,,4.0,,,256.0,256.0,,,,,,,,,,,,0.01,,,,,,,,,,,,,,,,,,,,,,,,,,,,,,,
denoisekt.csv,denoisekt,XES3G5M,0,"{""emb_type"": ""qid"", ""seed"": 42, ""batch_size"": 64, ""dropout"": 0.1, ""dropout1"": 0.4, ""bf"": 0.9, ""final_fc_dim"": 256, ""final_fc_dim2"": 64, ""d_model"": 64, ""d_ff"": 256, ""num_attn_heads"": 8, ""n_blocks"": 4, ""learning_rate"": 0.002}",qid,0.002,42,0.1,0.4,64.0,,,64.0,256.0,8.0,,4.0,,,256.0,64.0,,,,,,,,,,,,0.9,,,,,,,,,,,,,,,,,,,,,,,,,,,,,,,
denoisekt.csv,denoisekt,XES3G5M,1,"{""emb_type"": ""qid"", ""seed"": 3407, ""batch_size"": 64, ""dropout"": 0.1, ""dropout1"": 0.4, ""bf"": 0.7, ""final_fc_dim"": 256, ""final_fc_dim2"": 256, ""d_model"": 64, ""d_ff"": 256, ""num_attn_heads"": 8, ""n_blocks"": 4, ""learning_rate"": 0.001}",qid,0.001,3407,0.1,0.4,64.0,,,64.0,256.0,8.0,,4.0,,,256.0,256.0,,,,,,,,,,,,0.7,,,,,,,,,,,,,,,,,,,,,,,,,,,,,,,
denoisekt.csv,denoisekt,XES3G5M,2,"{""emb_type"": ""qid"", ""seed"": 3407, ""batch_size"": 64, ""dropout"": 0.1, ""dropout1"": 0.3, ""bf"": 0.9, ""final_fc_dim"": 256, ""final_fc_dim2"": 256, ""d_model"": 64, ""d_ff"": 64, ""num_attn_heads"": 4, ""n_blocks"": 4, ""learning_rate"": 0.001}",qid,0.001,3407,0.1,0.3,64.0,,,64.0,64.0,4.0,,4.0,,,256.0,256.0,,,,,,,,,,,,0.9,,,,,,,,,,,,,,,,,,,,,,,,,,,,,,,
denoisekt.csv,denoisekt,XES3G5M,3,"{""emb_type"": ""qid"", ""seed"": 3407, ""batch_size"": 64, ""dropout"": 0.1, ""dropout1"": 0.3, ""bf"": 0.9, ""final_fc_dim"": 256, ""final_fc_dim2"": 256, ""d_model"": 64, ""d_ff"": 256, ""num_attn_heads"": 4, ""n_blocks"": 4, ""learning_rate"": 0.001}",qid,0.001,3407,0.1,0.3,64.0,,,64.0,256.0,4.0,,4.0,,,256.0,256.0,,,,,,,,,,,,0.9,,,,,,,,,,,,,,,,,,,,,,,,,,,,,,,
denoisekt.csv,denoisekt,XES3G5M,4,"{""emb_type"": ""qid"", ""seed"": 3407, ""batch_size"": 64, ""dropout"": 0.1, ""dropout1"": 0.3, ""bf"": 0.9, ""final_fc_dim"": 64, ""final_fc_dim2"": 256, ""d_model"": 64, ""d_ff"": 64, ""num_attn_heads"": 4, ""n_blocks"": 4, ""learning_rate"": 0.001}",qid,0.001,3407,0.1,0.3,64.0,,,64.0,64.0,4.0,,4.0,,,64.0,256.0,,,,,,,,,,,,0.9,,,,,,,,,,,,,,,,,,,,,,,,,,,,,,,
dimkt.csv,dimkt,algebra2005,0,"{""emb_type"": ""qid"", ""emb_size"": 64, ""difficult_levels"": 50, ""dropout"": 0.05, ""seed"": 3407, ""num_steps"": 199, ""batch_size"": 64, ""learning_rate"": 0.001, ""weight_decay"": 0.0001}",qid,0.001,3407,0.05,,64.0,,64.0,,,,,,,,,,,,,,,,,,,,,,50.0,199.0,0.0001,,,,,,,,,,,,,,,,,,,,,,,,,,,,
dimkt.csv,dimkt,algebra2005,1,"{""emb_type"": ""qid"", ""emb_size"": 64, ""difficult_levels"": 50, ""dropout"": 0.3, ""seed"": 42, ""num_steps"": 199, ""batch_size"": 64, ""learning_rate"": 0.001, ""weight_decay"": 0.0001}",qid,0.001,42,0.3,,64.0,,64.0,,,,,,,,,,,,,,,,,,,,,,50.0,199.0,0.0001,,,,,,,,,,,,,,,,,,,,,,,,,,,,
dimkt.csv,dimkt,algebra2005,2,"{""emb_type"": ""qid"", ""emb_size"": 64, ""difficult_levels"": 100, ""dropout"": 0.1, ""seed"": 42, ""num_steps"": 199, ""batch_size"": 64, ""learning_rate"": 0.001, ""weight_decay"": 0.0001}",qid,0.001,42,0.1,,64.0,,64.0,,,,,,,,,,,,,,,,,,,,,,100.0,199.0,0.0001,,,,,,,,,,,,,,,,,,,,,,,,,,,,
dimkt.csv,dimkt,algebra2005,3,"{""emb_type"": ""qid"", ""emb_size"": 64, ""difficult_levels"": 1000, ""dropout"": 0.05, ""seed"": 42, ""num_steps"": 199, ""batch_size"": 64, ""learning_rate"": 0.001, ""weight_decay"": 0.0001}",qid,0.001,42,0.05,,64.0,,64.0,,,,,,,,,,,,,,,,,,,,,,1000.0,199.0,0.0001,,,,,,,,,,,,,,,,,,,,,,,,,,,,
dimkt.csv,dimkt,algebra2005,4,"{""emb_type"": ""qid"", ""emb_size"": 64, ""difficult_levels"": 300, ""dropout"": 0.1, ""seed"": 42, ""num_steps"": 199, ""batch_size"": 64, ""learning_rate"": 0.001, ""weight_decay"": 0.0001}",qid,0.001,42,0.1,,64.0,,64.0,,,,,,,,,,,,,,,,,,,,,,300.0,199.0,0.0001,,,,,,,,,,,,,,,,,,,,,,,,,,,,
dimkt.csv,dimkt,assist2009,0,"{""emb_type"": ""qid"", ""emb_size"": 64, ""difficult_levels"": 10, ""dropout"": 0.5, ""seed"": 42, ""num_steps"": 199, ""batch_size"": 64, ""learning_rate"": 0.001, ""weight_decay"": 0.0001}",qid,0.001,42,0.5,,64.0,,64.0,,,,,,,,,,,,,,,,,,,,,,10.0,199.0,0.0001,,,,,,,,,,,,,,,,,,,,,,,,,,,,
dimkt.csv,dimkt,assist2009,1,"{""emb_type"": ""qid"", ""emb_size"": 64, ""difficult_levels"": 10, ""dropout"": 0.3, ""seed"": 42, ""num_steps"": 199, ""batch_size"": 64, ""learning_rate"": 0.001, ""weight_decay"": 0.0001}",qid,0.001,42,0.3,,64.0,,64.0,,,,,,,,,,,,,,,,,,,,,,10.0,199.0,0.0001,,,,,,,,,,,,,,,,,,,,,,,,,,,,
dimkt.csv,dimkt,assist2009,2,"{""emb_type"": ""qid"", ""emb_size"": 64, ""difficult_levels"": 10, ""dropout"": 0.3, ""seed"": 3407, ""num_steps"": 199, ""batch_size"": 64, ""learning_rate"": 0.001, ""weight_decay"": 0.0001}",qid,0.001,3407,0.3,,64.0,,64.0,,,,,,,,,,,,,,,,,,,,,,10.0,199.0,0.0001,,,,,,,,,,,,,,,,,,,,,,,,,,,,
dimkt.csv,dimkt,assist2009,3,"{""emb_type"": ""qid"", ""emb_size"": 64, ""difficult_levels"": 50, ""dropout"": 0.5, ""seed"": 42, ""num_steps"": 199, ""batch_size"": 64, ""learning_rate"": 0.001, ""weight_decay"": 0.0001}",qid,0.001,42,0.5,,64.0,,64.0,,,,,,,,,,,,,,,,,,,,,,50.0,199.0,0.0001,,,,,,,,,,,,,,,,,,,,,,,,,,,,
dimkt.csv,dimkt,assist2009,4,"{""emb_type"": ""qid"", ""emb_size"": 64, ""difficult_levels"": 50, ""dropout"": 0.5, ""seed"": 3407, ""num_steps"": 199, ""batch_size"": 64, ""learning_rate"": 0.001, ""weight_decay"": 0.0001}",qid,0.001,3407,0.5,,64.0,,64.0,,,,,,,,,,,,,,,,,,,,,,50.0,199.0,0.0001,,,,,,,,,,,,,,,,,,,,,,,,,,,,
dimkt.csv,dimkt,bridge2algebra2006,0,"{""emb_type"": ""qid"", ""emb_size"": 64, ""difficult_levels"": 100, ""dropout"": 0.05, ""seed"": 42, ""num_steps"": 199, ""batch_size"": 64, ""learning_rate"": 0.001, ""weight_decay"": 0.0001}",qid,0.001,42,0.05,,64.0,,64.0,,,,,,,,,,,,,,,,,,,,,,100.0,199.0,0.0001,,,,,,,,,,,,,,,,,,,,,,,,,,,,
dimkt.csv,dimkt,bridge2algebra2006,1,"{""emb_type"": ""qid"", ""emb_size"": 64, ""difficult_levels"": 100, ""dropout"": 0.05, ""seed"": 42, ""num_steps"": 199, ""batch_size"": 64, ""learning_rate"": 0.001, ""weight_decay"": 0.0001}",qid,0.001,42,0.05,,64.0,,64.0,,,,,,,,,,,,,,,,,,,,,,100.0,199.0,0.0001,,,,,,,,,,,,,,,,,,,,,,,,,,,,
dimkt.csv,dimkt,bridge2algebra2006,2,"{""emb_type"": ""qid"", ""emb_size"": 256, ""difficult_levels"": 50, ""dropout"": 0.3, ""seed"": 42, ""num_steps"": 199, ""batch_size"": 64, ""learning_rate"": 0.001, ""weight_decay"": 0.0001}",qid,0.001,42,0.3,,64.0,,256.0,,,,,,,,,,,,,,,,,,,,,,50.0,199.0,0.0001,,,,,,,,,,,,,,,,,,,,,,,,,,,,
dimkt.csv,dimkt,bridge2algebra2006,3,"{""emb_type"": ""qid"", ""emb_size"": 64, ""difficult_levels"": 50, ""dropout"": 0.05, ""seed"": 3407, ""num_steps"": 199, ""batch_size"": 64, ""learning_rate"": 0.001, ""weight_decay"": 0.0001}",qid,0.001,3407,0.05,,64.0,,64.0,,,,,,,,,,,,,,,,,,,,,,50.0,199.0,0.0001,,,,,,,,,,,,,,,,,,,,,,,,,,,,
dimkt.csv,dimkt,bridge2algebra2006,4,"{""emb_type"": ""qid"", ""emb_size"": 64, ""difficult_levels"": 100, ""dropout"": 0.05, ""seed"": 3407, ""num_steps"": 199, ""batch_size"": 64, ""learning_rate"": 0.001, ""weight_decay"": 0.0001}",qid,0.001,3407,0.05,,64.0,,64.0,,,,,,,,,,,,,,,,,,,,,,100.0,199.0,0.0001,,,,,,,,,,,,,,,,,,,,,,,,,,,,
dimkt.csv,dimkt,ednet,0,"{""emb_type"": ""qid"", ""emb_size"": 64, ""difficult_levels"": 100, ""dropout"": 0.5, ""seed"": 3407, ""num_steps"": 199, ""batch_size"": 64, ""learning_rate"": 0.001, ""weight_decay"": 0.0001}",qid,0.001,3407,0.5,,64.0,,64.0,,,,,,,,,,,,,,,,,,,,,,100.0,199.0,0.0001,,,,,,,,,,,,,,,,,,,,,,,,,,,,
dimkt.csv,dimkt,ednet,1,"{""emb_type"": ""qid"", ""emb_size"": 64, ""difficult_levels"": 10, ""dropout"": 0.5, ""seed"": 3407, ""num_steps"": 199, ""batch_size"": 64, ""learning_rate"": 0.001, ""weight_decay"": 0.0001}",qid,0.001,3407,0.5,,64.0,,64.0,,,,,,,,,,,,,,,,,,,,,,10.0,199.0,0.0001,,,,,,,,,,,,,,,,,,,,,,,,,,,,
dimkt.csv,dimkt,ednet,2,"{""emb_type"": ""qid"", ""emb_size"": 64, ""difficult_levels"": 300, ""dropout"": 0.5, ""seed"": 3407, ""num_steps"": 199, ""batch_size"": 64, ""learning_rate"": 0.001, ""weight_decay"": 0.0001}",qid,0.001,3407,0.5,,64.0,,64.0,,,,,,,,,,,,,,,,,,,,,,300.0,199.0,0.0001,,,,,,,,,,,,,,,,,,,,,,,,,,,,
dimkt.csv,dimkt,ednet,3,"{""emb_type"": ""qid"", ""emb_size"": 64, ""difficult_levels"": 10, ""dropout"": 0.5, ""seed"": 3407, ""num_steps"": 199, ""batch_size"": 64, ""learning_rate"": 0.001, ""weight_decay"": 0.0001}",qid,0.001,3407,0.5,,64.0,,64.0,,,,,,,,,,,,,,,,,,,,,,10.0,199.0,0.0001,,,,,,,,,,,,,,,,,,,,,,,,,,,,
dimkt.csv,dimkt,ednet,4,"{""emb_type"": ""qid"", ""emb_size"": 64, ""difficult_levels"": 100, ""dropout"": 0.5, ""seed"": 42, ""num_steps"": 199, ""batch_size"": 64, ""learning_rate"": 0.001, ""weight_decay"": 0.0001}",qid,0.001,42,0.5,,64.0,,64.0,,,,,,,,,,,,,,,,,,,,,,100.0,199.0,0.0001,,,,,,,,,,,,,,,,,,,,,,,,,,,,
dimkt.csv,dimkt,nips_task34,0,"{""emb_type"": ""qid"", ""emb_size"": 256, ""difficult_levels"": 50, ""dropout"": 0.1, ""seed"": 3407, ""num_steps"": 199, ""batch_size"": 64, ""learning_rate"": 0.001, ""weight_decay"": 0.0001}",qid,0.001,3407,0.1,,64.0,,256.0,,,,,,,,,,,,,,,,,,,,,,50.0,199.0,0.0001,,,,,,,,,,,,,,,,,,,,,,,,,,,,
dimkt.csv,dimkt,nips_task34,1,"{""emb_type"": ""qid"", ""emb_size"": 256, ""difficult_levels"": 50, ""dropout"": 0.1, ""seed"": 3407, ""num_steps"": 199, ""batch_size"": 64, ""learning_rate"": 0.001, ""weight_decay"": 0.0001}",qid,0.001,3407,0.1,,64.0,,256.0,,,,,,,,,,,,,,,,,,,,,,50.0,199.0,0.0001,,,,,,,,,,,,,,,,,,,,,,,,,,,,
dimkt.csv,dimkt,nips_task34,2,"{""emb_type"": ""qid"", ""emb_size"": 64, ""difficult_levels"": 1000, ""dropout"": 0.05, ""seed"": 42, ""num_steps"": 199, ""batch_size"": 64, ""learning_rate"": 0.001, ""weight_decay"": 0.0001}",qid,0.001,42,0.05,,64.0,,64.0,,,,,,,,,,,,,,,,,,,,,,1000.0,199.0,0.0001,,,,,,,,,,,,,,,,,,,,,,,,,,,,
dimkt.csv,dimkt,nips_task34,3,"{""emb_type"": ""qid"", ""emb_size"": 64, ""difficult_levels"": 300, ""dropout"": 0.3, ""seed"": 42, ""num_steps"": 199, ""batch_size"": 64, ""learning_rate"": 0.001, ""weight_decay"": 0.0001}",qid,0.001,42,0.3,,64.0,,64.0,,,,,,,,,,,,,,,,,,,,,,300.0,199.0,0.0001,,,,,,,,,,,,,,,,,,,,,,,,,,,,
dimkt.csv,dimkt,nips_task34,4,"{""emb_type"": ""qid"", ""emb_size"": 64, ""difficult_levels"": 300, ""dropout"": 0.3, ""seed"": 42, ""num_steps"": 199, ""batch_size"": 64, ""learning_rate"": 0.001, ""weight_decay"": 0.0001}",qid,0.001,42,0.3,,64.0,,64.0,,,,,,,,,,,,,,,,,,,,,,300.0,199.0,0.0001,,,,,,,,,,,,,,,,,,,,,,,,,,,,
dkt.csv,dkt,algebra2005,0,"{""emb_type"": ""qid"", ""emb_size"": 256, ""dropout"": 0.5, ""seed"": 42, ""learning_rate"": 0.001}",qid,0.001,42,0.5,,,,256.0,,,,,,,,,,,,,,,,,,,,,,,,,,,,,,,,,,,,,,,,,,,,,,,,,,,,
dkt.csv,dkt,algebra2005,1,"{""emb_type"": ""qid"", ""emb_size"": 256, ""dropout"": 0.5, ""seed"": 42, ""learning_rate"": 0.001}",qid,0.001,42,0.5,,,,256.0,,,,,,,,,,,,,,,,,,,,,,,,,,,,,,,,,,,,,,,,,,,,,,,,,,,,
dkt.csv,dkt,algebra2005,2,"{""emb_type"": ""qid"", ""emb_size"": 256, ""dropout"": 0.5, ""seed"": 3407, ""learning_rate"": 0.001}",qid,0.001,3407,0.5,,,,256.0,,,,,,,,,,,,,,,,,,,,,,,,,,,,,,,,,,,,,,,,,,,,,,,,,,,,
dkt.csv,dkt,algebra2005,3,"{""emb_type"": ""qid"", ""emb_size"": 256, ""dropout"": 0.1, ""seed"": 42, ""learning_rate"": 0.001}",qid,0.001,42,0.1,,,,256.0,,,,,,,,,,,,,,,,,,,,,,,,,,,,,,,,,,,,,,,,,,,,,,,,,,,,
dkt.csv,dkt,algebra2005,4,"{""emb_type"": ""qid"", ""emb_size"": 256, ""dropout"": 0.3, ""seed"": 3407, ""learning_rate"": 0.001}",qid,0.001,3407,0.3,,,,256.0,,,,,,,,,,,,,,,,,,,,,,,,,,,,,,,,,,,,,,,,,,,,,,,,,,,,
dkt.csv,dkt,assist2009,0,"{""emb_type"": ""qid"", ""emb_size"": 256, ""dropout"": 0.5, ""seed"": 3407, ""learning_rate"": 0.001}",qid,0.001,3407,0.5,,,,256.0,,,,,,,,,,,,,,,,,,,,,,,,,,,,,,,,,,,,,,,,,,,,,,,,,,,,
dkt.csv,dkt,assist2009,1,"{""emb_type"": ""qid"", ""emb_size"": 256, ""dropout"": 0.5, ""seed"": 3407, ""learning_rate"": 0.001}",qid,0.001,3407,0.5,,,,256.0,,,,,,,,,,,,,,,,,,,,,,,,,,,,,,,,,,,,,,,,,,,,,,,,,,,,
dkt.csv,dkt,assist2009,2,"{""emb_type"": ""qid"", ""emb_size"": 256, ""dropout"": 0.5, ""seed"": 3407, ""learning_rate"": 0.001}",qid,0.001,3407,0.5,,,,256.0,,,,,,,,,,,,,,,,,,,,,,,,,,,,,,,,,,,,,,,,,,,,,,,,,,,,
dkt.csv,dkt,assist2009,3,"{""emb_type"": ""qid"", ""emb_size"": 256, ""dropout"": 0.5, ""seed"": 3407, ""learning_rate"": 0.001}",qid,0.001,3407,0.5,,,,256.0,,,,,,,,,,,,,,,,,,,,,,,,,,,,,,,,,,,,,,,,,,,,,,,,,,,,
dkt.csv,dkt,assist2009,4,"{""emb_type"": ""qid"", ""emb_size"": 256, ""dropout"": 0.5, ""seed"": 42, ""learning_rate"": 0.001}",qid,0.001,42,0.5,,,,256.0,,,,,,,,,,,,,,,,,,,,,,,,,,,,,,,,,,,,,,,,,,,,,,,,,,,,
dkt.csv,dkt,assist2015,0,"{""emb_type"": ""qid"", ""emb_size"": 256, ""dropout"": 0.5, ""seed"": 42, ""learning_rate"": 0.001}",qid,0.001,42,0.5,,,,256.0,,,,,,,,,,,,,,,,,,,,,,,,,,,,,,,,,,,,,,,,,,,,,,,,,,,,
dkt.csv,dkt,assist2015,1,"{""emb_type"": ""qid"", ""emb_size"": 256, ""dropout"": 0.3, ""seed"": 3407, ""learning_rate"": 0.001}",qid,0.001,3407,0.3,,,,256.0,,,,,,,,,,,,,,,,,,,,,,,,,,,,,,,,,,,,,,,,,,,,,,,,,,,,
dkt.csv,dkt,assist2015,2,"{""emb_type"": ""qid"", ""emb_size"": 256, ""dropout"": 0.5, ""seed"": 3407, ""learning_rate"": 0.001}",qid,0.001,3407,0.5,,,,256.0,,,,,,,,,,,,,,,,,,,,,,,,,,,,,,,,,,,,,,,,,,,,,,,,,,,,
dkt.csv,dkt,assist2015,3,"{""emb_type"": ""qid"", ""emb_size"": 256, ""dropout"": 0.5, ""seed"": 3407, ""learning_rate"": 0.001}",qid,0.001,3407,0.5,,,,256.0,,,,,,,,,,,,,,,,,,,,,,,,,,,,,,,,,,,,,,,,,,,,,,,,,,,,
dkt.csv,dkt,assist2015,4,"{""emb_type"": ""qid"", ""emb_size"": 256, ""dropout"": 0.05, ""seed"": 42, ""learning_rate"": 0.001}",qid,0.001,42,0.05,,,,256.0,,,,,,,,,,,,,,,,,,,,,,,,,,,,,,,,,,,,,,,,,,,,,,,,,,,,
dkt.csv,dkt,bridge2algebra2006,0,"{""emb_type"": ""qid"", ""emb_size"": 256, ""dropout"": 0.5, ""seed"": 42, ""learning_rate"": 0.001}",qid,0.001,42,0.5,,,,256.0,,,,,,,,,,,,,,,,,,,,,,,,,,,,,,,,,,,,,,,,,,,,,,,,,,,,
dkt.csv,dkt,bridge2algebra2006,1,"{""emb_type"": ""qid"", ""emb_size"": 256, ""dropout"": 0.5, ""seed"": 42, ""learning_rate"": 0.001}",qid,0.001,42,0.5,,,,256.0,,,,,,,,,,,,,,,,,,,,,,,,,,,,,,,,,,,,,,,,,,,,,,,,,,,,
dkt.csv,dkt,bridge2algebra2006,2,"{""emb_type"": ""qid"", ""emb_size"": 256, ""dropout"": 0.5, ""seed"": 3407, ""learning_rate"": 0.001}",qid,0.001,3407,0.5,,,,256.0,,,,,,,,,,,,,,,,,,,,,,,,,,,,,,,,,,,,,,,,,,,,,,,,,,,,
dkt.csv,dkt,bridge2algebra2006,3,"{""emb_type"": ""qid"", ""emb_size"": 256, ""dropout"": 0.5, ""seed"": 3407, ""learning_rate"": 0.001}",qid,0.001,3407,0.5,,,,256.0,,,,,,,,,,,,,,,,,,,,,,,,,,,,,,,,,,,,,,,,,,,,,,,,,,,,
dkt.csv,dkt,bridge2algebra2006,4,"{""emb_type"": ""qid"", ""emb_size"": 256, ""dropout"": 0.5, ""seed"": 3407, ""learning_rate"": 0.001}",qid,0.001,3407,0.5,,,,256.0,,,,,,,,,,,,,,,,,,,,,,,,,,,,,,,,,,,,,,,,,,,,,,,,,,,,
dkt.csv,dkt,ednet,0,"{""emb_type"": ""qid"", ""emb_size"": 256, ""dropout"": 0.5, ""seed"": 42, ""learning_rate"": 0.001}",qid,0.001,42,0.5,,,,256.0,,,,,,,,,,,,,,,,,,,,,,,,,,,,,,,,,,,,,,,,,,,,,,,,,,,,
dkt.csv,dkt,ednet,1,"{""emb_type"": ""qid"", ""emb_size"": 256, ""dropout"": 0.5, ""seed"": 42, ""learning_rate"": 0.001}",qid,0.001,42,0.5,,,,256.0,,,,,,,,,,,,,,,,,,,,,,,,,,,,,,,,,,,,,,,,,,,,,,,,,,,,
dkt.csv,dkt,ednet,2,"{""emb_type"": ""qid"", ""emb_size"": 256, ""dropout"": 0.5, ""seed"": 3407, ""learning_rate"": 0.0001}",qid,0.0001,3407,0.5,,,,256.0,,,,,,,,,,,,,,,,,,,,,,,,,,,,,,,,,,,,,,,,,,,,,,,,,,,,
dkt.csv,dkt,ednet,3,"{""emb_type"": ""qid"", ""emb_size"": 64, ""dropout"": 0.5, ""seed"": 42, ""learning_rate"": 0.001}",qid,0.001,42,0.5,,,,64.0,,,,,,,,,,,,,,,,,,,,,,,,,,,,,,,,,,,,,,,,,,,,,,,,,,,,
dkt.csv,dkt,ednet,4,"{""emb_type"": ""qid"", ""emb_size"": 64, ""dropout"": 0.5, ""seed"": 3407, ""learning_rate"": 0.001}",qid,0.001,3407,0.5,,,,64.0,,,,,,,,,,,,,,,,,,,,,,,,,,,,,,,,,,,,,,,,,,,,,,,,,,,,
dkt.csv,dkt,nips_task34,0,"{""emb_type"": ""qid"", ""emb_size"": 256, ""dropout"": 0.5, ""seed"": 3407, ""learning_rate"": 0.001}",qid,0.001,3407,0.5,,,,256.0,,,,,,,,,,,,,,,,,,,,,,,,,,,,,,,,,,,,,,,,,,,,,,,,,,,,
dkt.csv,dkt,nips_task34,1,"{""emb_type"": ""qid"", ""emb_size"": 256, ""dropout"": 0.3, ""seed"": 3407, ""learning_rate"": 0.001}",qid,0.001,3407,0.3,,,,256.0,,,,,,,,,,,,,,,,,,,,,,,,,,,,,,,,,,,,,,,,,,,,,,,,,,,,
dkt.csv,dkt,nips_task34,2,"{""emb_type"": ""qid"", ""emb_size"": 256, ""dropout"": 0.3, ""seed"": 3407, ""learning_rate"": 0.001}",qid,0.001,3407,0.3,,,,256.0,,,,,,,,,,,,,,,,,,,,,,,,,,,,,,,,,,,,,,,,,,,,,,,,,,,,
dkt.csv,dkt,nips_task34,3,"{""emb_type"": ""qid"", ""emb_size"": 256, ""dropout"": 0.5, ""seed"": 42, ""learning_rate"": 0.001}",qid,0.001,42,0.5,,,,256.0,,,,,,,,,,,,,,,,,,,,,,,,,,,,,,,,,,,,,,,,,,,,,,,,,,,,
dkt.csv,dkt,nips_task34,4,"{""emb_type"": ""qid"", ""emb_size"": 256, ""dropout"": 0.5, ""seed"": 3407, ""learning_rate"": 0.001}",qid,0.001,3407,0.5,,,,256.0,,,,,,,,,,,,,,,,,,,,,,,,,,,,,,,,,,,,,,,,,,,,,,,,,,,,
dkt.csv,dkt,poj,0,"{""emb_type"": ""qid"", ""emb_size"": 64, ""dropout"": 0.5, ""seed"": 3407, ""learning_rate"": 0.001}",qid,0.001,3407,0.5,,,,64.0,,,,,,,,,,,,,,,,,,,,,,,,,,,,,,,,,,,,,,,,,,,,,,,,,,,,
dkt.csv,dkt,poj,1,"{""emb_type"": ""qid"", ""emb_size"": 256, ""dropout"": 0.5, ""seed"": 3407, ""learning_rate"": 0.0001}",qid,0.0001,3407,0.5,,,,256.0,,,,,,,,,,,,,,,,,,,,,,,,,,,,,,,,,,,,,,,,,,,,,,,,,,,,
dkt.csv,dkt,poj,2,"{""emb_type"": ""qid"", ""emb_size"": 256, ""dropout"": 0.5, ""seed"": 42, ""learning_rate"": 0.001}",qid,0.001,42,0.5,,,,256.0,,,,,,,,,,,,,,,,,,,,,,,,,,,,,,,,,,,,,,,,,,,,,,,,,,,,
dkt.csv,dkt,poj,3,"{""emb_type"": ""qid"", ""emb_size"": 256, ""dropout"": 0.5, ""seed"": 42, ""learning_rate"": 0.001}",qid,0.001,42,0.5,,,,256.0,,,,,,,,,,,,,,,,,,,,,,,,,,,,,,,,,,,,,,,,,,,,,,,,,,,,
dkt.csv,dkt,poj,4,"{""emb_type"": ""qid"", ""emb_size"": 64, ""dropout"": 0.5, ""seed"": 3407, ""learning_rate"": 0.001}",qid,0.001,3407,0.5,,,,64.0,,,,,,,,,,,,,,,,,,,,,,,,,,,,,,,,,,,,,,,,,,,,,,,,,,,,
dkt.csv,dkt,statics2011,0,"{""emb_type"": ""qid"", ""emb_size"": 256, ""dropout"": 0.3, ""seed"": 3407, ""learning_rate"": 0.001}",qid,0.001,3407,0.3,,,,256.0,,,,,,,,,,,,,,,,,,,,,,,,,,,,,,,,,,,,,,,,,,,,,,,,,,,,
dkt.csv,dkt,statics2011,1,"{""emb_type"": ""qid"", ""emb_size"": 256, ""dropout"": 0.5, ""seed"": 3407, ""learning_rate"": 0.001}",qid,0.001,3407,0.5,,,,256.0,,,,,,,,,,,,,,,,,,,,,,,,,,,,,,,,,,,,,,,,,,,,,,,,,,,,
dkt.csv,dkt,statics2011,2,"{""emb_type"": ""qid"", ""emb_size"": 256, ""dropout"": 0.5, ""seed"": 42, ""learning_rate"": 0.001}",qid,0.001,42,0.5,,,,256.0,,,,,,,,,,,,,,,,,,,,,,,,,,,,,,,,,,,,,,,,,,,,,,,,,,,,
dkt.csv,dkt,statics2011,3,"{""emb_type"": ""qid"", ""emb_size"": 256, ""dropout"": 0.05, ""seed"": 3407, ""learning_rate"": 0.001}",qid,0.001,3407,0.05,,,,256.0,,,,,,,,,,,,,,,,,,,,,,,,,,,,,,,,,,,,,,,,,,,,,,,,,,,,
dkt.csv,dkt,statics2011,4,"{""emb_type"": ""qid"", ""emb_size"": 256, ""dropout"": 0.5, ""seed"": 3407, ""learning_rate"": 0.001}",qid,0.001,3407,0.5,,,,256.0,,,,,,,,,,,,,,,,,,,,,,,,,,,,,,,,,,,,,,,,,,,,,,,,,,,,
dkt+.csv,dkt+,algebra2005,0,"{""emb_type"": ""qid"", ""emb_size"": 256, ""lambda_w1"": 0.01, ""dropout"": 0.3, ""lambda_w2"": 0.0, ""seed"": 42, ""lambda_r"": 0.0, ""learning_rate"": 0.001}",qid,0.001,42,0.3,,,,256.0,,,,,,,,,,,,,,,,,,,,,,,,,0.01,0.0,0.0,,,,,,,,,,,,,,,,,,,,,,,,,
dkt+.csv,dkt+,algebra2005,1,"{""emb_type"": ""qid"", ""emb_size"": 256, ""lambda_w1"": 0.03, ""dropout"": 0.5, ""lambda_w2"": 0.0, ""seed"": 42, ""lambda_r"": 0.0, ""learning_rate"": 0.001}",qid,0.001,42,0.5,,,,256.0,,,,,,,,,,,,,,,,,,,,,,,,,0.03,0.0,0.0,,,,,,,,,,,,,,,,,,,,,,,,,
dkt+.csv,dkt+,algebra2005,2,"{""emb_type"": ""qid"", ""emb_size"": 256, ""lambda_w1"": 0.0, ""dropout"": 0.1, ""lambda_w2"": 0.3, ""seed"": 3407, ""lambda_r"": 0.0, ""learning_rate"": 0.001}",qid,0.001,3407,0.1,,,,256.0,,,,,,,,,,,,,,,,,,,,,,,,,0.0,0.3,0.0,,,,,,,,,,,,,,,,,,,,,,,,,
dkt+.csv,dkt+,algebra2005,3,"{""emb_type"": ""qid"", ""emb_size"": 256, ""lambda_w1"": 0.0, ""dropout"": 0.5, ""lambda_w2"": 0.3, ""seed"": 3407, ""lambda_r"": 0.0, ""learning_rate"": 0.001}",qid,0.001,3407,0.5,,,,256.0,,,,,,,,,,,,,,,,,,,,,,,,,0.0,0.3,0.0,,,,,,,,,,,,,,,,,,,,,,,,,
dkt+.csv,dkt+,algebra2005,4,"{""emb_type"": ""qid"", ""emb_size"": 256, ""lambda_w1"": 0.03, ""dropout"": 0.1, ""lambda_w2"": 0.0, ""seed"": 3407, ""lambda_r"": 0.0, ""learning_rate"": 0.001}",qid,0.001,3407,0.1,,,,256.0,,,,,,,,,,,,,,,,,,,,,,,,,0.03,0.0,0.0,,,,,,,,,,,,,,,,,,,,,,,,,
dkt+.csv,dkt+,assist2009,0,"{""emb_type"": ""qid"", ""emb_size"": 256, ""lambda_w1"": 0.1, ""dropout"": 0.5, ""lambda_w2"": 0.3, ""seed"": 3407, ""lambda_r"": 0.0, ""learning_rate"": 0.001}",qid,0.001,3407,0.5,,,,256.0,,,,,,,,,,,,,,,,,,,,,,,,,0.1,0.3,0.0,,,,,,,,,,,,,,,,,,,,,,,,,
dkt+.csv,dkt+,assist2009,1,"{""emb_type"": ""qid"", ""emb_size"": 256, ""lambda_w1"": 0.1, ""dropout"": 0.5, ""lambda_w2"": 1.0, ""seed"": 3407, ""lambda_r"": 0.05, ""learning_rate"": 0.001}",qid,0.001,3407,0.5,,,,256.0,,,,,,,,,,,,,,,,,,,,,,,,,0.1,1.0,0.05,,,,,,,,,,,,,,,,,,,,,,,,,
dkt+.csv,dkt+,assist2009,2,"{""emb_type"": ""qid"", ""emb_size"": 256, ""lambda_w1"": 0.03, ""dropout"": 0.5, ""lambda_w2"": 0.3, ""seed"": 3407, ""lambda_r"": 0.0, ""learning_rate"": 0.001}",qid,0.001,3407,0.5,,,,256.0,,,,,,,,,,,,,,,,,,,,,,,,,0.03,0.3,0.0,,,,,,,,,,,,,,,,,,,,,,,,,
dkt+.csv,dkt+,assist2009,3,"{""emb_type"": ""qid"", ""emb_size"": 256, ""lambda_w1"": 0.1, ""dropout"": 0.5, ""lambda_w2"": 0.0, ""seed"": 42, ""lambda_r"": 0.0, ""learning_rate"": 0.001}",qid,0.001,42,0.5,,,,256.0,,,,,,,,,,,,,,,,,,,,,,,,,0.1,0.0,0.0,,,,,,,,,,,,,,,,,,,,,,,,,
dkt+.csv,dkt+,assist2009,4,"{""emb_type"": ""qid"", ""emb_size"": 256, ""lambda_w1"": 0.01, ""dropout"": 0.5, ""lambda_w2"": 0.0, ""seed"": 42, ""lambda_r"": 0.0, ""learning_rate"": 0.001}",qid,0.001,42,0.5,,,,256.0,,,,,,,,,,,,,,,,,,,,,,,,,0.01,0.0,0.0,,,,,,,,,,,,,,,,,,,,,,,,,
dkt+.csv,dkt+,assist2015,0,"{""emb_type"": ""qid"", ""emb_size"": 256, ""lambda_w1"": 0.1, ""dropout"": 0.5, ""lambda_w2"": 1.0, ""seed"": 3407, ""lambda_r"": 0.05, ""learning_rate"": 0.001}",qid,0.001,3407,0.5,,,,256.0,,,,,,,,,,,,,,,,,,,,,,,,,0.1,1.0,0.05,,,,,,,,,,,,,,,,,,,,,,,,,
dkt+.csv,dkt+,assist2015,1,"{""emb_type"": ""qid"", ""emb_size"": 256, ""lambda_w1"": 0.0, ""dropout"": 0.5, ""lambda_w2"": 3.0, ""seed"": 42, ""lambda_r"": 0.0, ""learning_rate"": 0.001}",qid,0.001,42,0.5,,,,256.0,,,,,,,,,,,,,,,,,,,,,,,,,0.0,3.0,0.0,,,,,,,,,,,,,,,,,,,,,,,,,
dkt+.csv,dkt+,assist2015,2,"{""emb_type"": ""qid"", ""emb_size"": 256, ""lambda_w1"": 1.0, ""dropout"": 0.05, ""lambda_w2"": 10.0, ""seed"": 3407, ""lambda_r"": 0.05, ""learning_rate"": 0.001}",qid,0.001,3407,0.05,,,,256.0,,,,,,,,,,,,,,,,,,,,,,,,,1.0,10.0,0.05,,,,,,,,,,,,,,,,,,,,,,,,,
dkt+.csv,dkt+,assist2015,3,"{""emb_type"": ""qid"", ""emb_size"": 256, ""lambda_w1"": 1.0, ""dropout"": 0.1, ""lambda_w2"": 3.0, ""seed"": 3407, ""lambda_r"": 0.05, ""learning_rate"": 0.001}",qid,0.001,3407,0.1,,,,256.0,,,,,,,,,,,,,,,,,,,,,,,,,1.0,3.0,0.05,,,,,,,,,,,,,,,,,,,,,,,,,
dkt+.csv,dkt+,assist2015,4,"{""emb_type"": ""qid"", ""emb_size"": 256, ""lambda_w1"": 0.1, ""dropout"": 0.3, ""lambda_w2"": 3.0, ""seed"": 42, ""lambda_r"": 0.0, ""learning_rate"": 0.001}",qid,0.001,42,0.3,,,,256.0,,,,,,,,,,,,,,,,,,,,,,,,,0.1,3.0,0.0,,,,,,,,,,,,,,,,,,,,,,,,,
dkt+.csv,dkt+,bridge2algebra2006,0,"{""emb_type"": ""qid"", ""emb_size"": 256, ""lambda_w1"": 0.01, ""dropout"": 0.5, ""lambda_w2"": 0.3, ""seed"": 3407, ""lambda_r"": 0.0, ""learning_rate"": 0.001}",qid,0.001,3407,0.5,,,,256.0,,,,,,,,,,,,,,,,,,,,,,,,,0.01,0.3,0.0,,,,,,,,,,,,,,,,,,,,,,,,,
dkt+.csv,dkt+,bridge2algebra2006,1,"{""emb_type"": ""qid"", ""emb_size"": 256, ""lambda_w1"": 0.0, ""dropout"": 0.3, ""lambda_w2"": 0.3, ""seed"": 3407, ""lambda_r"": 0.0, ""learning_rate"": 0.001}",qid,0.001,3407,0.3,,,,256.0,,,,,,,,,,,,,,,,,,,,,,,,,0.0,0.3,0.0,,,,,,,,,,,,,,,,,,,,,,,,,
dkt+.csv,dkt+,bridge2algebra2006,2,"{""emb_type"": ""qid"", ""emb_size"": 256, ""lambda_w1"": 0.0, ""dropout"": 0.5, ""lambda_w2"": 0.0, ""seed"": 42, ""lambda_r"": 0.05, ""learning_rate"": 0.001}",qid,0.001,42,0.5,,,,256.0,,,,,,,,,,,,,,,,,,,,,,,,,0.0,0.0,0.05,,,,,,,,,,,,,,,,,,,,,,,,,
dkt+.csv,dkt+,bridge2algebra2006,3,"{""emb_type"": ""qid"", ""emb_size"": 256, ""lambda_w1"": 0.0, ""dropout"": 0.1, ""lambda_w2"": 3.0, ""seed"": 3407, ""lambda_r"": 0.05, ""learning_rate"": 0.001}",qid,0.001,3407,0.1,,,,256.0,,,,,,,,,,,,,,,,,,,,,,,,,0.0,3.0,0.05,,,,,,,,,,,,,,,,,,,,,,,,,
dkt+.csv,dkt+,bridge2algebra2006,4,"{""emb_type"": ""qid"", ""emb_size"": 256, ""lambda_w1"": 0.03, ""dropout"": 0.5, ""lambda_w2"": 0.3, ""seed"": 3407, ""lambda_r"": 0.0, ""learning_rate"": 0.001}",qid,0.001,3407,0.5,,,,256.0,,,,,,,,,,,,,,,,,,,,,,,,,0.03,0.3,0.0,,,,,,,,,,,,,,,,,,,,,,,,,
dkt+.csv,dkt+,ednet,0,"{""emb_type"": ""qid"", ""emb_size"": 256, ""lambda_w1"": 0.01, ""dropout"": 0.5, ""lambda_w2"": 3.0, ""seed"": 42, ""lambda_r"": 0.0, ""learning_rate"": 0.001}",qid,0.001,42,0.5,,,,256.0,,,,,,,,,,,,,,,,,,,,,,,,,0.01,3.0,0.0,,,,,,,,,,,,,,,,,,,,,,,,,
dkt+.csv,dkt+,ednet,1,"{""emb_type"": ""qid"", ""emb_size"": 256, ""lambda_w1"": 0.1, ""dropout"": 0.3, ""lambda_w2"": 1.0, ""seed"": 42, ""lambda_r"": 0.0, ""learning_rate"": 0.001}",qid,0.001,42,0.3,,,,256.0,,,,,,,,,,,,,,,,,,,,,,,,,0.1,1.0,0.0,,,,,,,,,,,,,,,,,,,,,,,,,
dkt+.csv,dkt+,ednet,2,"{""emb_type"": ""qid"", ""emb_size"": 256, ""lambda_w1"": 0.0, ""dropout"": 0.5, ""lambda_w2"": 1.0, ""seed"": 3407, ""lambda_r"": 0.0, ""learning_rate"": 0.001}",qid,0.001,3407,0.5,,,,256.0,,,,,,,,,,,,,,,,,,,,,,,,,0.0,1.0,0.0,,,,,,,,,,,,,,,,,,,,,,,,,
dkt+.csv,dkt+,ednet,3,"{""emb_type"": ""qid"", ""emb_size"": 256, ""lambda_w1"": 0.03, ""dropout"": 0.5, ""lambda_w2"": 1.0, ""seed"": 3407, ""lambda_r"": 0.0, ""learning_rate"": 0.001}",qid,0.001,3407,0.5,,,,256.0,,,,,,,,,,,,,,,,,,,,,,,,,0.03,1.0,0.0,,,,,,,,,,,,,,,,,,,,,,,,,
dkt+.csv,dkt+,ednet,4,"{""emb_type"": ""qid"", ""emb_size"": 256, ""lambda_w1"": 0.1, ""dropout"": 0.5, ""lambda_w2"": 1.0, ""seed"": 42, ""lambda_r"": 0.0, ""learning_rate"": 0.001}",qid,0.001,42,0.5,,,,256.0,,,,,,,,,,,,,,,,,,,,,,,,,0.1,1.0,0.0,,,,,,,,,,,,,,,,,,,,,,,,,
dkt+.csv,dkt+,nips_task34,0,"{""emb_type"": ""qid"", ""emb_size"": 256, ""lambda_w1"": 0.1, ""dropout"": 0.3, ""lambda_w2"": 0.3, ""seed"": 42, ""lambda_r"": 0.0, ""learning_rate"": 0.001}",qid,0.001,42,0.3,,,,256.0,,,,,,,,,,,,,,,,,,,,,,,,,0.1,0.3,0.0,,,,,,,,,,,,,,,,,,,,,,,,,
dkt+.csv,dkt+,nips_task34,1,"{""emb_type"": ""qid"", ""emb_size"": 256, ""lambda_w1"": 0.03, ""dropout"": 0.5, ""lambda_w2"": 0.3, ""seed"": 42, ""lambda_r"": 0.0, ""learning_rate"": 0.001}",qid,0.001,42,0.5,,,,256.0,,,,,,,,,,,,,,,,,,,,,,,,,0.03,0.3,0.0,,,,,,,,,,,,,,,,,,,,,,,,,
dkt+.csv,dkt+,nips_task34,2,"{""emb_type"": ""qid"", ""emb_size"": 256, ""lambda_w1"": 0.0, ""dropout"": 0.3, ""lambda_w2"": 1.0, ""seed"": 3407, ""lambda_r"": 0.0, ""learning_rate"": 0.001}",qid,0.001,3407,0.3,,,,256.0,,,,,,,,,,,,,,,,,,,,,,,,,0.0,1.0,0.0,,,,,,,,,,,,,,,,,,,,,,,,,
dkt+.csv,dkt+,nips_task34,3,"{""emb_type"": ""qid"", ""emb_size"": 256, ""lambda_w1"": 0.03, ""dropout"": 0.5, ""lambda_w2"": 0.0, ""seed"": 42, ""lambda_r"": 0.0, ""learning_rate"": 0.001}",qid,0.001,42,0.5,,,,256.0,,,,,,,,,,,,,,,,,,,,,,,,,0.03,0.0,0.0,,,,,,,,,,,,,,,,,,,,,,,,,
dkt+.csv,dkt+,nips_task34,4,"{""emb_type"": ""qid"", ""emb_size"": 256, ""lambda_w1"": 0.03, ""dropout"": 0.5, ""lambda_w2"": 1.0, ""seed"": 3407, ""lambda_r"": 0.0, ""learning_rate"": 0.001}",qid,0.001,3407,0.5,,,,256.0,,,,,,,,,,,,,,,,,,,,,,,,,0.03,1.0,0.0,,,,,,,,,,,,,,,,,,,,,,,,,
dkt+.csv,dkt+,poj,0,"{""emb_type"": ""qid"", ""emb_size"": 256, ""lambda_w1"": 0.1, ""dropout"": 0.5, ""lambda_w2"": 100.0, ""seed"": 42, ""lambda_r"": 0.05, ""learning_rate"": 0.001}",qid,0.001,42,0.5,,,,256.0,,,,,,,,,,,,,,,,,,,,,,,,,0.1,100.0,0.05,,,,,,,,,,,,,,,,,,,,,,,,,
dkt+.csv,dkt+,poj,1,"{""emb_type"": ""qid"", ""emb_size"": 256, ""lambda_w1"": 0.03, ""dropout"": 0.3, ""lambda_w2"": 100.0, ""seed"": 42, ""lambda_r"": 0.15, ""learning_rate"": 0.001}",qid,0.001,42,0.3,,,,256.0,,,,,,,,,,,,,,,,,,,,,,,,,0.03,100.0,0.15,,,,,,,,,,,,,,,,,,,,,,,,,
dkt+.csv,dkt+,poj,2,"{""emb_type"": ""qid"", ""emb_size"": 256, ""lambda_w1"": 0.0, ""dropout"": 0.3, ""lambda_w2"": 100.0, ""seed"": 42, ""lambda_r"": 0.1, ""learning_rate"": 0.001}",qid,0.001,42,0.3,,,,256.0,,,,,,,,,,,,,,,,,,,,,,,,,0.0,100.0,0.1,,,,,,,,,,,,,,,,,,,,,,,,,
dkt+.csv,dkt+,poj,3,"{""emb_type"": ""qid"", ""emb_size"": 256, ""lambda_w1"": 0.3, ""dropout"": 0.3, ""lambda_w2"": 100.0, ""seed"": 42, ""lambda_r"": 0.15, ""learning_rate"": 0.001}",qid,0.001,42,0.3,,,,256.0,,,,,,,,,,,,,,,,,,,,,,,,,0.3,100.0,0.15,,,,,,,,,,,,,,,,,,,,,,,,,
dkt+.csv,dkt+,poj,4,"{""emb_type"": ""qid"", ""emb_size"": 64, ""lambda_w1"": 0.0, ""dropout"": 0.1, ""lambda_w2"": 100.0, ""seed"": 3407, ""lambda_r"": 0.2, ""learning_rate"": 0.001}",qid,0.001,3407,0.1,,,,64.0,,,,,,,,,,,,,,,,,,,,,,,,,0.0,100.0,0.2,,,,,,,,,,,,,,,,,,,,,,,,,
dkt+.csv,dkt+,statics2011,0,"{""emb_type"": ""qid"", ""emb_size"": 256, ""lambda_w1"": 0.03, ""dropout"": 0.3, ""lambda_w2"": 30.0, ""seed"": 3407, ""lambda_r"": 0.1, ""learning_rate"": 0.001}",qid,0.001,3407,0.3,,,,256.0,,,,,,,,,,,,,,,,,,,,,,,,,0.03,30.0,0.1,,,,,,,,,,,,,,,,,,,,,,,,,
dkt+.csv,dkt+,statics2011,1,"{""emb_type"": ""qid"", ""emb_size"": 256, ""lambda_w1"": 1.0, ""dropout"": 0.5, ""lambda_w2"": 3.0, ""seed"": 3407, ""lambda_r"": 0.2, ""learning_rate"": 0.001}",qid,0.001,3407,0.5,,,,256.0,,,,,,,,,,,,,,,,,,,,,,,,,1.0,3.0,0.2,,,,,,,,,,,,,,,,,,,,,,,,,
dkt+.csv,dkt+,statics2011,2,"{""emb_type"": ""qid"", ""emb_size"": 256, ""lambda_w1"": 0.0, ""dropout"": 0.5, ""lambda_w2"": 10.0, ""seed"": 3407, ""lambda_r"": 0.15, ""learning_rate"": 0.001}",qid,0.001,3407,0.5,,,,256.0,,,,,,,,,,,,,,,,,,,,,,,,,0.0,10.0,0.15,,,,,,,,,,,,,,,,,,,,,,,,,
dkt+.csv,dkt+,statics2011,3,"{""emb_type"": ""qid"", ""emb_size"": 256, ""lambda_w1"": 0.1, ""dropout"": 0.3, ""lambda_w2"": 30.0, ""seed"": 42, ""lambda_r"": 0.15, ""learning_rate"": 0.001}",qid,0.001,42,0.3,,,,256.0,,,,,,,,,,,,,,,,,,,,,,,,,0.1,30.0,0.15,,,,,,,,,,,,,,,,,,,,,,,,,
dkt+.csv,dkt+,statics2011,4,"{""emb_type"": ""qid"", ""emb_size"": 256, ""lambda_w1"": 0.0, ""dropout"": 0.3, ""lambda_w2"": 30.0, ""seed"": 3407, ""lambda_r"": 0.15, ""learning_rate"": 0.001}",qid,0.001,3407,0.3,,,,256.0,,,,,,,,,,,,,,,,,,,,,,,,,0.0,30.0,0.15,,,,,,,,,,,,,,,,,,,,,,,,,
dkt_forget.csv,dkt_forget,algebra2005,0,"{""emb_type"": ""qid"", ""emb_size"": 256, ""dropout"": 0.5, ""seed"": 3407, ""learning_rate"": 0.001}",qid,0.001,3407,0.5,,,,256.0,,,,,,,,,,,,,,,,,,,,,,,,,,,,,,,,,,,,,,,,,,,,,,,,,,,,
dkt_forget.csv,dkt_forget,algebra2005,1,"{""emb_type"": ""qid"", ""emb_size"": 256, ""dropout"": 0.3, ""seed"": 42, ""learning_rate"": 0.001}",qid,0.001,42,0.3,,,,256.0,,,,,,,,,,,,,,,,,,,,,,,,,,,,,,,,,,,,,,,,,,,,,,,,,,,,
dkt_forget.csv,dkt_forget,algebra2005,2,"{""emb_type"": ""qid"", ""emb_size"": 256, ""dropout"": 0.3, ""seed"": 3407, ""learning_rate"": 0.001}",qid,0.001,3407,0.3,,,,256.0,,,,,,,,,,,,,,,,,,,,,,,,,,,,,,,,,,,,,,,,,,,,,,,,,,,,
dkt_forget.csv,dkt_forget,algebra2005,3,"{""emb_type"": ""qid"", ""emb_size"": 256, ""dropout"": 0.5, ""seed"": 42, ""learning_rate"": 0.001}",qid,0.001,42,0.5,,,,256.0,,,,,,,,,,,,,,,,,,,,,,,,,,,,,,,,,,,,,,,,,,,,,,,,,,,,
dkt_forget.csv,dkt_forget,algebra2005,4,"{""emb_type"": ""qid"", ""emb_size"": 256, ""dropout"": 0.05, ""seed"": 3407, ""learning_rate"": 0.001}",qid,0.001,3407,0.05,,,,256.0,,,,,,,,,,,,,,,,,,,,,,,,,,,,,,,,,,,,,,,,,,,,,,,,,,,,
dkt_forget.csv,dkt_forget,bridge2algebra2006,0,"{""emb_type"": ""qid"", ""emb_size"": 64, ""dropout"": 0.5, ""seed"": 3407, ""learning_rate"": 0.001}",qid,0.001,3407,0.5,,,,64.0,,,,,,,,,,,,,,,,,,,,,,,,,,,,,,,,,,,,,,,,,,,,,,,,,,,,
dkt_forget.csv,dkt_forget,bridge2algebra2006,1,"{""emb_type"": ""qid"", ""emb_size"": 64, ""dropout"": 0.3, ""seed"": 3407, ""learning_rate"": 0.001}",qid,0.001,3407,0.3,,,,64.0,,,,,,,,,,,,,,,,,,,,,,,,,,,,,,,,,,,,,,,,,,,,,,,,,,,,
dkt_forget.csv,dkt_forget,bridge2algebra2006,2,"{""emb_type"": ""qid"", ""emb_size"": 64, ""dropout"": 0.1, ""seed"": 3407, ""learning_rate"": 0.001}",qid,0.001,3407,0.1,,,,64.0,,,,,,,,,,,,,,,,,,,,,,,,,,,,,,,,,,,,,,,,,,,,,,,,,,,,
dkt_forget.csv,dkt_forget,bridge2algebra2006,3,"{""emb_type"": ""qid"", ""emb_size"": 64, ""dropout"": 0.5, ""seed"": 3407, ""learning_rate"": 0.001}",qid,0.001,3407,0.5,,,,64.0,,,,,,,,,,,,,,,,,,,,,,,,,,,,,,,,,,,,,,,,,,,,,,,,,,,,
dkt_forget.csv,dkt_forget,bridge2algebra2006,4,"{""emb_type"": ""qid"", ""emb_size"": 64, ""dropout"": 0.1, ""seed"": 3407, ""learning_rate"": 0.001}",qid,0.001,3407,0.1,,,,64.0,,,,,,,,,,,,,,,,,,,,,,,,,,,,,,,,,,,,,,,,,,,,,,,,,,,,
dkt_forget.csv,dkt_forget,ednet,0,"{""emb_type"": ""qid"", ""emb_size"": 256, ""dropout"": 0.5, ""seed"": 42, ""learning_rate"": 0.001}",qid,0.001,42,0.5,,,,256.0,,,,,,,,,,,,,,,,,,,,,,,,,,,,,,,,,,,,,,,,,,,,,,,,,,,,
dkt_forget.csv,dkt_forget,ednet,1,"{""emb_type"": ""qid"", ""emb_size"": 256, ""dropout"": 0.1, ""seed"": 42, ""learning_rate"": 0.001}",qid,0.001,42,0.1,,,,256.0,,,,,,,,,,,,,,,,,,,,,,,,,,,,,,,,,,,,,,,,,,,,,,,,,,,,
dkt_forget.csv,dkt_forget,ednet,2,"{""emb_type"": ""qid"", ""emb_size"": 256, ""dropout"": 0.5, ""seed"": 42, ""learning_rate"": 0.001}",qid,0.001,42,0.5,,,,256.0,,,,,,,,,,,,,,,,,,,,,,,,,,,,,,,,,,,,,,,,,,,,,,,,,,,,
dkt_forget.csv,dkt_forget,ednet,3,"{""emb_type"": ""qid"", ""emb_size"": 256, ""dropout"": 0.3, ""seed"": 3407, ""learning_rate"": 0.001}",qid,0.001,3407,0.3,,,,256.0,,,,,,,,,,,,,,,,,,,,,,,,,,,,,,,,,,,,,,,,,,,,,,,,,,,,
dkt_forget.csv,dkt_forget,ednet,4,"{""emb_type"": ""qid"", ""emb_size"": 256, ""dropout"": 0.5, ""seed"": 3407, ""learning_rate"": 0.001}",qid,0.001,3407,0.5,,,,256.0,,,,,,,,,,,,,,,,,,,,,,,,,,,,,,,,,,,,,,,,,,,,,,,,,,,,
dkt_forget.csv,dkt_forget,nips_task34,0,"{""emb_type"": ""qid"", ""emb_size"": 256, ""dropout"": 0.1, ""seed"": 42, ""learning_rate"": 0.001}",qid,0.001,42,0.1,,,,256.0,,,,,,,,,,,,,,,,,,,,,,,,,,,,,,,,,,,,,,,,,,,,,,,,,,,,
dkt_forget.csv,dkt_forget,nips_task34,1,"{""emb_type"": ""qid"", ""emb_size"": 256, ""dropout"": 0.3, ""seed"": 42, ""learning_rate"": 0.001}",qid,0.001,42,0.3,,,,256.0,,,,,,,,,,,,,,,,,,,,,,,,,,,,,,,,,,,,,,,,,,,,,,,,,,,,
dkt_forget.csv,dkt_forget,nips_task34,2,"{""emb_type"": ""qid"", ""emb_size"": 256, ""dropout"": 0.3, ""seed"": 42, ""learning_rate"": 0.001}",qid,0.001,42,0.3,,,,256.0,,,,,,,,,,,,,,,,,,,,,,,,,,,,,,,,,,,,,,,,,,,,,,,,,,,,
dkt_forget.csv,dkt_forget,nips_task34,3,"{""emb_type"": ""qid"", ""emb_size"": 256, ""dropout"": 0.5, ""seed"": 42, ""learning_rate"": 0.001}",qid,0.001,42,0.5,,,,256.0,,,,,,,,,,,,,,,,,,,,,,,,,,,,,,,,,,,,,,,,,,,,,,,,,,,,
dkt_forget.csv,dkt_forget,nips_task34,4,"{""emb_type"": ""qid"", ""emb_size"": 256, ""dropout"": 0.5, ""seed"": 42, ""learning_rate"": 0.001}",qid,0.001,42,0.5,,,,256.0,,,,,,,,,,,,,,,,,,,,,,,,,,,,,,,,,,,,,,,,,,,,,,,,,,,,
dkt_forget.csv,dkt_forget,poj,0,"{""emb_type"": ""qid"", ""emb_size"": 64, ""dropout"": 0.5, ""seed"": 42, ""learning_rate"": 0.001}",qid,0.001,42,0.5,,,,64.0,,,,,,,,,,,,,,,,,,,,,,,,,,,,,,,,,,,,,,,,,,,,,,,,,,,,
dkt_forget.csv,dkt_forget,poj,1,"{""emb_type"": ""qid"", ""emb_size"": 64, ""dropout"": 0.5, ""seed"": 42, ""learning_rate"": 0.001}",qid,0.001,42,0.5,,,,64.0,,,,,,,,,,,,,,,,,,,,,,,,,,,,,,,,,,,,,,,,,,,,,,,,,,,,
dkt_forget.csv,dkt_forget,poj,2,"{""emb_type"": ""qid"", ""emb_size"": 64, ""dropout"": 0.5, ""seed"": 42, ""learning_rate"": 0.001}",qid,0.001,42,0.5,,,,64.0,,,,,,,,,,,,,,,,,,,,,,,,,,,,,,,,,,,,,,,,,,,,,,,,,,,,
dkt_forget.csv,dkt_forget,poj,3,"{""emb_type"": ""qid"", ""emb_size"": 64, ""dropout"": 0.5, ""seed"": 42, ""learning_rate"": 0.001}",qid,0.001,42,0.5,,,,64.0,,,,,,,,,,,,,,,,,,,,,,,,,,,,,,,,,,,,,,,,,,,,,,,,,,,,
dkt_forget.csv,dkt_forget,poj,4,"{""emb_type"": ""qid"", ""emb_size"": 64, ""dropout"": 0.5, ""seed"": 42, ""learning_rate"": 0.001}",qid,0.001,42,0.5,,,,64.0,,,,,,,,,,,,,,,,,,,,,,,,,,,,,,,,,,,,,,,,,,,,,,,,,,,,
dkt_forget.csv,dkt_forget,statics2011,0,"{""emb_type"": ""qid"", ""emb_size"": 64, ""dropout"": 0.3, ""seed"": 42, ""learning_rate"": 0.001}",qid,0.001,42,0.3,,,,64.0,,,,,,,,,,,,,,,,,,,,,,,,,,,,,,,,,,,,,,,,,,,,,,,,,,,,
dkt_forget.csv,dkt_forget,statics2011,1,"{""emb_type"": ""qid"", ""emb_size"": 64, ""dropout"": 0.05, ""seed"": 42, ""learning_rate"": 0.001}",qid,0.001,42,0.05,,,,64.0,,,,,,,,,,,,,,,,,,,,,,,,,,,,,,,,,,,,,,,,,,,,,,,,,,,,
dkt_forget.csv,dkt_forget,statics2011,2,"{""emb_type"": ""qid"", ""emb_size"": 64, ""dropout"": 0.5, ""seed"": 42, ""learning_rate"": 0.001}",qid,0.001,42,0.5,,,,64.0,,,,,,,,,,,,,,,,,,,,,,,,,,,,,,,,,,,,,,,,,,,,,,,,,,,,
dkt_forget.csv,dkt_forget,statics2011,3,"{""emb_type"": ""qid"", ""emb_size"": 64, ""dropout"": 0.1, ""seed"": 3407, ""learning_rate"": 0.001}",qid,0.001,3407,0.1,,,,64.0,,,,,,,,,,,,,,,,,,,,,,,,,,,,,,,,,,,,,,,,,,,,,,,,,,,,
dkt_forget.csv,dkt_forget,statics2011,4,"{""emb_type"": ""qid"", ""emb_size"": 64, ""dropout"": 0.05, ""seed"": 3407, ""learning_rate"": 0.001}",qid,0.001,3407,0.05,,,,64.0,,,,,,,,,,,,,,,,,,,,,,,,,,,,,,,,,,,,,,,,,,,,,,,,,,,,
dkvmn.csv,dkvmn,algebra2005,0,"{""emb_type"": ""qid"", ""dim_s"": 256, ""dropout"": 0.3, ""size_m"": 32, ""seed"": 3407, ""learning_rate"": 0.001}",qid,0.001,3407,0.3,,,,,,,,,,,,,,,,,,,,,,,256.0,32.0,,,,,,,,,,,,,,,,,,,,,,,,,,,,,,,,
dkvmn.csv,dkvmn,algebra2005,1,"{""emb_type"": ""qid"", ""dim_s"": 256, ""dropout"": 0.05, ""size_m"": 32, ""seed"": 3407, ""learning_rate"": 0.001}",qid,0.001,3407,0.05,,,,,,,,,,,,,,,,,,,,,,,256.0,32.0,,,,,,,,,,,,,,,,,,,,,,,,,,,,,,,,
dkvmn.csv,dkvmn,algebra2005,2,"{""emb_type"": ""qid"", ""dim_s"": 256, ""dropout"": 0.05, ""size_m"": 32, ""seed"": 3407, ""learning_rate"": 0.001}",qid,0.001,3407,0.05,,,,,,,,,,,,,,,,,,,,,,,256.0,32.0,,,,,,,,,,,,,,,,,,,,,,,,,,,,,,,,
dkvmn.csv,dkvmn,algebra2005,3,"{""emb_type"": ""qid"", ""dim_s"": 256, ""dropout"": 0.05, ""size_m"": 32, ""seed"": 3407, ""learning_rate"": 0.001}",qid,0.001,3407,0.05,,,,,,,,,,,,,,,,,,,,,,,256.0,32.0,,,,,,,,,,,,,,,,,,,,,,,,,,,,,,,,
dkvmn.csv,dkvmn,algebra2005,4,"{""emb_type"": ""qid"", ""dim_s"": 256, ""dropout"": 0.05, ""size_m"": 32, ""seed"": 3407, ""learning_rate"": 0.001}",qid,0.001,3407,0.05,,,,,,,,,,,,,,,,,,,,,,,256.0,32.0,,,,,,,,,,,,,,,,,,,,,,,,,,,,,,,,
dkvmn.csv,dkvmn,assist2009,0,"{""emb_type"": ""qid"", ""dim_s"": 256, ""dropout"": 0.1, ""size_m"": 64, ""seed"": 42, ""learning_rate"": 0.001}",qid,0.001,42,0.1,,,,,,,,,,,,,,,,,,,,,,,256.0,64.0,,,,,,,,,,,,,,,,,,,,,,,,,,,,,,,,
dkvmn.csv,dkvmn,assist2009,1,"{""emb_type"": ""qid"", ""dim_s"": 256, ""dropout"": 0.5, ""size_m"": 32, ""seed"": 42, ""learning_rate"": 0.001}",qid,0.001,42,0.5,,,,,,,,,,,,,,,,,,,,,,,256.0,32.0,,,,,,,,,,,,,,,,,,,,,,,,,,,,,,,,
dkvmn.csv,dkvmn,assist2009,2,"{""emb_type"": ""qid"", ""dim_s"": 256, ""dropout"": 0.1, ""size_m"": 32, ""seed"": 42, ""learning_rate"": 0.001}",qid,0.001,42,0.1,,,,,,,,,,,,,,,,,,,,,,,256.0,32.0,,,,,,,,,,,,,,,,,,,,,,,,,,,,,,,,
dkvmn.csv,dkvmn,assist2009,3,"{""emb_type"": ""qid"", ""dim_s"": 256, ""dropout"": 0.05, ""size_m"": 32, ""seed"": 42, ""learning_rate"": 0.001}",qid,0.001,42,0.05,,,,,,,,,,,,,,,,,,,,,,,256.0,32.0,,,,,,,,,,,,,,,,,,,,,,,,,,,,,,,,
dkvmn.csv,dkvmn,assist2009,4,"{""emb_type"": ""qid"", ""dim_s"": 256, ""dropout"": 0.1, ""size_m"": 32, ""seed"": 42, ""learning_rate"": 0.001}",qid,0.001,42,0.1,,,,,,,,,,,,,,,,,,,,,,,256.0,32.0,,,,,,,,,,,,,,,,,,,,,,,,,,,,,,,,
dkvmn.csv,dkvmn,assist2015,0,"{""emb_type"": ""qid"", ""dim_s"": 64, ""dropout"": 0.1, ""size_m"": 32, ""seed"": 42, ""learning_rate"": 0.001}",qid,0.001,42,0.1,,,,,,,,,,,,,,,,,,,,,,,64.0,32.0,,,,,,,,,,,,,,,,,,,,,,,,,,,,,,,,
dkvmn.csv,dkvmn,assist2015,1,"{""emb_type"": ""qid"", ""dim_s"": 64, ""dropout"": 0.05, ""size_m"": 32, ""seed"": 3407, ""learning_rate"": 0.001}",qid,0.001,3407,0.05,,,,,,,,,,,,,,,,,,,,,,,64.0,32.0,,,,,,,,,,,,,,,,,,,,,,,,,,,,,,,,
dkvmn.csv,dkvmn,assist2015,2,"{""emb_type"": ""qid"", ""dim_s"": 256, ""dropout"": 0.3, ""size_m"": 32, ""seed"": 42, ""learning_rate"": 0.001}",qid,0.001,42,0.3,,,,,,,,,,,,,,,,,,,,,,,256.0,32.0,,,,,,,,,,,,,,,,,,,,,,,,,,,,,,,,
dkvmn.csv,dkvmn,assist2015,3,"{""emb_type"": ""qid"", ""dim_s"": 64, ""dropout"": 0.05, ""size_m"": 32, ""seed"": 42, ""learning_rate"": 0.001}",qid,0.001,42,0.05,,,,,,,,,,,,,,,,,,,,,,,64.0,32.0,,,,,,,,,,,,,,,,,,,,,,,,,,,,,,,,
dkvmn.csv,dkvmn,assist2015,4,"{""emb_type"": ""qid"", ""dim_s"": 256, ""dropout"": 0.5, ""size_m"": 32, ""seed"": 3407, ""learning_rate"": 0.001}",qid,0.001,3407,0.5,,,,,,,,,,,,,,,,,,,,,,,256.0,32.0,,,,,,,,,,,,,,,,,,,,,,,,,,,,,,,,
dkvmn.csv,dkvmn,bridge2algebra2006,0,"{""emb_type"": ""qid"", ""dim_s"": 256, ""dropout"": 0.1, ""size_m"": 32, ""seed"": 42, ""learning_rate"": 0.001}",qid,0.001,42,0.1,,,,,,,,,,,,,,,,,,,,,,,256.0,32.0,,,,,,,,,,,,,,,,,,,,,,,,,,,,,,,,
dkvmn.csv,dkvmn,bridge2algebra2006,1,"{""emb_type"": ""qid"", ""dim_s"": 256, ""dropout"": 0.1, ""size_m"": 32, ""seed"": 42, ""learning_rate"": 0.001}",qid,0.001,42,0.1,,,,,,,,,,,,,,,,,,,,,,,256.0,32.0,,,,,,,,,,,,,,,,,,,,,,,,,,,,,,,,
dkvmn.csv,dkvmn,bridge2algebra2006,2,"{""emb_type"": ""qid"", ""dim_s"": 256, ""dropout"": 0.1, ""size_m"": 64, ""seed"": 3407, ""learning_rate"": 0.001}",qid,0.001,3407,0.1,,,,,,,,,,,,,,,,,,,,,,,256.0,64.0,,,,,,,,,,,,,,,,,,,,,,,,,,,,,,,,
dkvmn.csv,dkvmn,bridge2algebra2006,3,"{""emb_type"": ""qid"", ""dim_s"": 256, ""dropout"": 0.1, ""size_m"": 64, ""seed"": 3407, ""learning_rate"": 0.001}",qid,0.001,3407,0.1,,,,,,,,,,,,,,,,,,,,,,,256.0,64.0,,,,,,,,,,,,,,,,,,,,,,,,,,,,,,,,
dkvmn.csv,dkvmn,bridge2algebra2006,4,"{""emb_type"": ""qid"", ""dim_s"": 256, ""dropout"": 0.05, ""size_m"": 32, ""seed"": 42, ""learning_rate"": 0.001}",qid,0.001,42,0.05,,,,,,,,,,,,,,,,,,,,,,,256.0,32.0,,,,,,,,,,,,,,,,,,,,,,,,,,,,,,,,
dkvmn.csv,dkvmn,ednet,0,"{""emb_type"": ""qid"", ""dim_s"": 256, ""dropout"": 0.05, ""size_m"": 32, ""seed"": 42, ""learning_rate"": 0.001}",qid,0.001,42,0.05,,,,,,,,,,,,,,,,,,,,,,,256.0,32.0,,,,,,,,,,,,,,,,,,,,,,,,,,,,,,,,
dkvmn.csv,dkvmn,ednet,1,"{""emb_type"": ""qid"", ""dim_s"": 256, ""dropout"": 0.1, ""size_m"": 32, ""seed"": 42, ""learning_rate"": 0.001}",qid,0.001,42,0.1,,,,,,,,,,,,,,,,,,,,,,,256.0,32.0,,,,,,,,,,,,,,,,,,,,,,,,,,,,,,,,
dkvmn.csv,dkvmn,ednet,2,"{""emb_type"": ""qid"", ""dim_s"": 256, ""dropout"": 0.05, ""size_m"": 32, ""seed"": 42, ""learning_rate"": 0.001}",qid,0.001,42,0.05,,,,,,,,,,,,,,,,,,,,,,,256.0,32.0,,,,,,,,,,,,,,,,,,,,,,,,,,,,,,,,
dkvmn.csv,dkvmn,ednet,3,"{""emb_type"": ""qid"", ""dim_s"": 256, ""dropout"": 0.05, ""size_m"": 32, ""seed"": 42, ""learning_rate"": 0.001}",qid,0.001,42,0.05,,,,,,,,,,,,,,,,,,,,,,,256.0,32.0,,,,,,,,,,,,,,,,,,,,,,,,,,,,,,,,
dkvmn.csv,dkvmn,ednet,4,"{""emb_type"": ""qid"", ""dim_s"": 256, ""dropout"": 0.1, ""size_m"": 32, ""seed"": 42, ""learning_rate"": 0.001}",qid,0.001,42,0.1,,,,,,,,,,,,,,,,,,,,,,,256.0,32.0,,,,,,,,,,,,,,,,,,,,,,,,,,,,,,,,
dkvmn.csv,dkvmn,nips_task34,0,"{""emb_type"": ""qid"", ""dim_s"": 256, ""dropout"": 0.1, ""size_m"": 32, ""seed"": 3407, ""learning_rate"": 0.001}",qid,0.001,3407,0.1,,,,,,,,,,,,,,,,,,,,,,,256.0,32.0,,,,,,,,,,,,,,,,,,,,,,,,,,,,,,,,
dkvmn.csv,dkvmn,nips_task34,1,"{""emb_type"": ""qid"", ""dim_s"": 256, ""dropout"": 0.3, ""size_m"": 32, ""seed"": 3407, ""learning_rate"": 0.001}",qid,0.001,3407,0.3,,,,,,,,,,,,,,,,,,,,,,,256.0,32.0,,,,,,,,,,,,,,,,,,,,,,,,,,,,,,,,
dkvmn.csv,dkvmn,nips_task34,2,"{""emb_type"": ""qid"", ""dim_s"": 256, ""dropout"": 0.3, ""size_m"": 64, ""seed"": 3407, ""learning_rate"": 0.001}",qid,0.001,3407,0.3,,,,,,,,,,,,,,,,,,,,,,,256.0,64.0,,,,,,,,,,,,,,,,,,,,,,,,,,,,,,,,
dkvmn.csv,dkvmn,nips_task34,3,"{""emb_type"": ""qid"", ""dim_s"": 256, ""dropout"": 0.3, ""size_m"": 32, ""seed"": 42, ""learning_rate"": 0.001}",qid,0.001,42,0.3,,,,,,,,,,,,,,,,,,,,,,,256.0,32.0,,,,,,,,,,,,,,,,,,,,,,,,,,,,,,,,
dkvmn.csv,dkvmn,nips_task34,4,"{""emb_type"": ""qid"", ""dim_s"": 256, ""dropout"": 0.3, ""size_m"": 32, ""seed"": 3407, ""learning_rate"": 0.001}",qid,0.001,3407,0.3,,,,,,,,,,,,,,,,,,,,,,,256.0,32.0,,,,,,,,,,,,,,,,,,,,,,,,,,,,,,,,
dkvmn.csv,dkvmn,poj,0,"{""emb_type"": ""qid"", ""dim_s"": 64, ""dropout"": 0.1, ""size_m"": 32, ""seed"": 42, ""learning_rate"": 0.001}",qid,0.001,42,0.1,,,,,,,,,,,,,,,,,,,,,,,64.0,32.0,,,,,,,,,,,,,,,,,,,,,,,,,,,,,,,,
dkvmn.csv,dkvmn,poj,1,"{""emb_type"": ""qid"", ""dim_s"": 256, ""dropout"": 0.05, ""size_m"": 32, ""seed"": 42, ""learning_rate"": 0.0001}",qid,0.0001,42,0.05,,,,,,,,,,,,,,,,,,,,,,,256.0,32.0,,,,,,,,,,,,,,,,,,,,,,,,,,,,,,,,
dkvmn.csv,dkvmn,poj,2,"{""emb_type"": ""qid"", ""dim_s"": 64, ""dropout"": 0.1, ""size_m"": 32, ""seed"": 42, ""learning_rate"": 0.001}",qid,0.001,42,0.1,,,,,,,,,,,,,,,,,,,,,,,64.0,32.0,,,,,,,,,,,,,,,,,,,,,,,,,,,,,,,,
dkvmn.csv,dkvmn,poj,3,"{""emb_type"": ""qid"", ""dim_s"": 256, ""dropout"": 0.3, ""size_m"": 32, ""seed"": 3407, ""learning_rate"": 0.0001}",qid,0.0001,3407,0.3,,,,,,,,,,,,,,,,,,,,,,,256.0,32.0,,,,,,,,,,,,,,,,,,,,,,,,,,,,,,,,
dkvmn.csv,dkvmn,poj,4,"{""emb_type"": ""qid"", ""dim_s"": 256, ""dropout"": 0.5, ""size_m"": 32, ""seed"": 3407, ""learning_rate"": 0.0001}",qid,0.0001,3407,0.5,,,,,,,,,,,,,,,,,,,,,,,256.0,32.0,,,,,,,,,,,,,,,,,,,,,,,,,,,,,,,,
dkvmn.csv,dkvmn,statics2011,0,"{""emb_type"": ""qid"", ""dim_s"": 256, ""dropout"": 0.05, ""size_m"": 32, ""seed"": 3407, ""learning_rate"": 0.001}",qid,0.001,3407,0.05,,,,,,,,,,,,,,,,,,,,,,,256.0,32.0,,,,,,,,,,,,,,,,,,,,,,,,,,,,,,,,
dkvmn.csv,dkvmn,statics2011,1,"{""emb_type"": ""qid"", ""dim_s"": 256, ""dropout"": 0.3, ""size_m"": 32, ""seed"": 3407, ""learning_rate"": 0.001}",qid,0.001,3407,0.3,,,,,,,,,,,,,,,,,,,,,,,256.0,32.0,,,,,,,,,,,,,,,,,,,,,,,,,,,,,,,,
dkvmn.csv,dkvmn,statics2011,2,"{""emb_type"": ""qid"", ""dim_s"": 64, ""dropout"": 0.05, ""size_m"": 32, ""seed"": 42, ""learning_rate"": 0.001}",qid,0.001,42,0.05,,,,,,,,,,,,,,,,,,,,,,,64.0,32.0,,,,,,,,,,,,,,,,,,,,,,,,,,,,,,,,
dkvmn.csv,dkvmn,statics2011,3,"{""emb_type"": ""qid"", ""dim_s"": 256, ""dropout"": 0.05, ""size_m"": 32, ""seed"": 3407, ""learning_rate"": 0.001}",qid,0.001,3407,0.05,,,,,,,,,,,,,,,,,,,,,,,256.0,32.0,,,,,,,,,,,,,,,,,,,,,,,,,,,,,,,,
dkvmn.csv,dkvmn,statics2011,4,"{""emb_type"": ""qid"", ""dim_s"": 256, ""dropout"": 0.1, ""size_m"": 32, ""seed"": 3407, ""learning_rate"": 0.001}",qid,0.001,3407,0.1,,,,,,,,,,,,,,,,,,,,,,,256.0,32.0,,,,,,,,,,,,,,,,,,,,,,,,,,,,,,,,
dtransformer.csv,dtransformer,algebra2005,0,"{""emb_type"": ""qid_cl"", ""seed"": 3407, ""dropout"": 0.05, ""d_model"": 256, ""d_ff"": 64, ""num_attn_heads"": 2, ""learning_rate"": 0.001, ""n_know"": 4}",qid_cl,0.001,3407,0.05,,,,,256.0,64.0,2.0,,,,,,,,,,,,,,,,,,,,,,,,,4.0,,,,,,,,,,,,,,,,,,,,,,,,
dtransformer.csv,dtransformer,algebra2005,1,"{""emb_type"": ""qid_cl"", ""seed"": 42, ""dropout"": 0.05, ""d_model"": 256, ""d_ff"": 64, ""num_attn_heads"": 4, ""learning_rate"": 0.001, ""n_know"": 32}",qid_cl,0.001,42,0.05,,,,,256.0,64.0,4.0,,,,,,,,,,,,,,,,,,,,,,,,,32.0,,,,,,,,,,,,,,,,,,,,,,,,
dtransformer.csv,dtransformer,algebra2005,2,"{""emb_type"": ""qid_cl"", ""seed"": 42, ""dropout"": 0.05, ""d_model"": 256, ""d_ff"": 256, ""num_attn_heads"": 4, ""learning_rate"": 0.001, ""n_know"": 16}",qid_cl,0.001,42,0.05,,,,,256.0,256.0,4.0,,,,,,,,,,,,,,,,,,,,,,,,,16.0,,,,,,,,,,,,,,,,,,,,,,,,
dtransformer.csv,dtransformer,algebra2005,3,"{""emb_type"": ""qid_cl"", ""seed"": 3407, ""dropout"": 0.1, ""d_model"": 256, ""d_ff"": 256, ""num_attn_heads"": 4, ""learning_rate"": 0.0001, ""n_know"": 8}",qid_cl,0.0001,3407,0.1,,,,,256.0,256.0,4.0,,,,,,,,,,,,,,,,,,,,,,,,,8.0,,,,,,,,,,,,,,,,,,,,,,,,
dtransformer.csv,dtransformer,algebra2005,4,"{""emb_type"": ""qid_cl"", ""seed"": 3407, ""dropout"": 0.05, ""d_model"": 256, ""d_ff"": 256, ""num_attn_heads"": 4, ""learning_rate"": 0.0001, ""n_know"": 8}",qid_cl,0.0001,3407,0.05,,,,,256.0,256.0,4.0,,,,,,,,,,,,,,,,,,,,,,,,,8.0,,,,,,,,,,,,,,,,,,,,,,,,
dtransformer.csv,dtransformer,assist2009,0,"{""emb_type"": ""qid_cl"", ""seed"": 42, ""dropout"": 0.3, ""d_model"": 128, ""d_ff"": 256, ""num_attn_heads"": 2, ""learning_rate"": 0.001, ""n_know"": 32}",qid_cl,0.001,42,0.3,,,,,128.0,256.0,2.0,,,,,,,,,,,,,,,,,,,,,,,,,32.0,,,,,,,,,,,,,,,,,,,,,,,,
dtransformer.csv,dtransformer,assist2009,1,"{""emb_type"": ""qid_cl"", ""seed"": 42, ""dropout"": 0.5, ""d_model"": 64, ""d_ff"": 128, ""num_attn_heads"": 4, ""learning_rate"": 0.001, ""n_know"": 16}",qid_cl,0.001,42,0.5,,,,,64.0,128.0,4.0,,,,,,,,,,,,,,,,,,,,,,,,,16.0,,,,,,,,,,,,,,,,,,,,,,,,
dtransformer.csv,dtransformer,assist2009,2,"{""emb_type"": ""qid_cl"", ""seed"": 42, ""dropout"": 0.5, ""d_model"": 64, ""d_ff"": 256, ""num_attn_heads"": 4, ""learning_rate"": 0.001, ""n_know"": 16}",qid_cl,0.001,42,0.5,,,,,64.0,256.0,4.0,,,,,,,,,,,,,,,,,,,,,,,,,16.0,,,,,,,,,,,,,,,,,,,,,,,,
dtransformer.csv,dtransformer,assist2009,3,"{""emb_type"": ""qid_cl"", ""seed"": 3407, ""dropout"": 0.05, ""d_model"": 256, ""d_ff"": 256, ""num_attn_heads"": 2, ""learning_rate"": 0.0001, ""n_know"": 32}",qid_cl,0.0001,3407,0.05,,,,,256.0,256.0,2.0,,,,,,,,,,,,,,,,,,,,,,,,,32.0,,,,,,,,,,,,,,,,,,,,,,,,
dtransformer.csv,dtransformer,assist2009,4,"{""emb_type"": ""qid_cl"", ""seed"": 42, ""dropout"": 0.3, ""d_model"": 128, ""d_ff"": 256, ""num_attn_heads"": 2, ""learning_rate"": 0.001, ""n_know"": 16}",qid_cl,0.001,42,0.3,,,,,128.0,256.0,2.0,,,,,,,,,,,,,,,,,,,,,,,,,16.0,,,,,,,,,,,,,,,,,,,,,,,,
dtransformer.csv,dtransformer,assist2015,0,"{""emb_type"": ""qid_cl"", ""seed"": 3407, ""dropout"": 0.05, ""d_model"": 256, ""d_ff"": 256, ""num_attn_heads"": 2, ""learning_rate"": 0.0001, ""n_know"": 32}",qid_cl,0.0001,3407,0.05,,,,,256.0,256.0,2.0,,,,,,,,,,,,,,,,,,,,,,,,,32.0,,,,,,,,,,,,,,,,,,,,,,,,
dtransformer.csv,dtransformer,assist2015,1,"{""emb_type"": ""qid_cl"", ""seed"": 3407, ""dropout"": 0.1, ""d_model"": 128, ""d_ff"": 256, ""num_attn_heads"": 2, ""learning_rate"": 0.0001, ""n_know"": 32}",qid_cl,0.0001,3407,0.1,,,,,128.0,256.0,2.0,,,,,,,,,,,,,,,,,,,,,,,,,32.0,,,,,,,,,,,,,,,,,,,,,,,,
dtransformer.csv,dtransformer,assist2015,2,"{""emb_type"": ""qid_cl"", ""seed"": 3407, ""dropout"": 0.05, ""d_model"": 64, ""d_ff"": 128, ""num_attn_heads"": 2, ""learning_rate"": 0.0001, ""n_know"": 8}",qid_cl,0.0001,3407,0.05,,,,,64.0,128.0,2.0,,,,,,,,,,,,,,,,,,,,,,,,,8.0,,,,,,,,,,,,,,,,,,,,,,,,
dtransformer.csv,dtransformer,assist2015,3,"{""emb_type"": ""qid_cl"", ""seed"": 3407, ""dropout"": 0.05, ""d_model"": 64, ""d_ff"": 64, ""num_attn_heads"": 2, ""learning_rate"": 0.0001, ""n_know"": 4}",qid_cl,0.0001,3407,0.05,,,,,64.0,64.0,2.0,,,,,,,,,,,,,,,,,,,,,,,,,4.0,,,,,,,,,,,,,,,,,,,,,,,,
dtransformer.csv,dtransformer,assist2015,4,"{""emb_type"": ""qid_cl"", ""seed"": 42, ""dropout"": 0.05, ""d_model"": 128, ""d_ff"": 256, ""num_attn_heads"": 4, ""learning_rate"": 0.0001, ""n_know"": 4}",qid_cl,0.0001,42,0.05,,,,,128.0,256.0,4.0,,,,,,,,,,,,,,,,,,,,,,,,,4.0,,,,,,,,,,,,,,,,,,,,,,,,
dtransformer.csv,dtransformer,bridge2algebra2006,0,"{""emb_type"": ""qid_cl"", ""seed"": 42, ""dropout"": 0.05, ""d_model"": 256, ""d_ff"": 128, ""num_attn_heads"": 8, ""learning_rate"": 0.001, ""n_know"": 32}",qid_cl,0.001,42,0.05,,,,,256.0,128.0,8.0,,,,,,,,,,,,,,,,,,,,,,,,,32.0,,,,,,,,,,,,,,,,,,,,,,,,
dtransformer.csv,dtransformer,bridge2algebra2006,1,"{""emb_type"": ""qid_cl"", ""seed"": 3407, ""dropout"": 0.05, ""d_model"": 256, ""d_ff"": 64, ""num_attn_heads"": 4, ""learning_rate"": 0.001, ""n_know"": 32}",qid_cl,0.001,3407,0.05,,,,,256.0,64.0,4.0,,,,,,,,,,,,,,,,,,,,,,,,,32.0,,,,,,,,,,,,,,,,,,,,,,,,
dtransformer.csv,dtransformer,bridge2algebra2006,2,"{""emb_type"": ""qid_cl"", ""seed"": 3407, ""dropout"": 0.1, ""d_model"": 256, ""d_ff"": 256, ""num_attn_heads"": 8, ""learning_rate"": 0.001, ""n_know"": 32}",qid_cl,0.001,3407,0.1,,,,,256.0,256.0,8.0,,,,,,,,,,,,,,,,,,,,,,,,,32.0,,,,,,,,,,,,,,,,,,,,,,,,
dtransformer.csv,dtransformer,bridge2algebra2006,3,"{""emb_type"": ""qid_cl"", ""seed"": 42, ""dropout"": 0.05, ""d_model"": 256, ""d_ff"": 256, ""num_attn_heads"": 4, ""learning_rate"": 0.0001, ""n_know"": 16}",qid_cl,0.0001,42,0.05,,,,,256.0,256.0,4.0,,,,,,,,,,,,,,,,,,,,,,,,,16.0,,,,,,,,,,,,,,,,,,,,,,,,
dtransformer.csv,dtransformer,bridge2algebra2006,4,"{""emb_type"": ""qid_cl"", ""seed"": 3407, ""dropout"": 0.05, ""d_model"": 256, ""d_ff"": 256, ""num_attn_heads"": 8, ""learning_rate"": 0.0001, ""n_know"": 8}",qid_cl,0.0001,3407,0.05,,,,,256.0,256.0,8.0,,,,,,,,,,,,,,,,,,,,,,,,,8.0,,,,,,,,,,,,,,,,,,,,,,,,
dtransformer.csv,dtransformer,ednet,0,"{""emb_type"": ""qid_cl"", ""seed"": 3407, ""dropout"": 0.1, ""d_model"": 256, ""d_ff"": 128, ""num_attn_heads"": 2, ""learning_rate"": 0.001, ""n_know"": 16}",qid_cl,0.001,3407,0.1,,,,,256.0,128.0,2.0,,,,,,,,,,,,,,,,,,,,,,,,,16.0,,,,,,,,,,,,,,,,,,,,,,,,
dtransformer.csv,dtransformer,ednet,1,"{""emb_type"": ""qid_cl"", ""seed"": 3407, ""dropout"": 0.05, ""d_model"": 256, ""d_ff"": 64, ""num_attn_heads"": 4, ""learning_rate"": 0.001, ""n_know"": 32}",qid_cl,0.001,3407,0.05,,,,,256.0,64.0,4.0,,,,,,,,,,,,,,,,,,,,,,,,,32.0,,,,,,,,,,,,,,,,,,,,,,,,
dtransformer.csv,dtransformer,ednet,2,"{""emb_type"": ""qid_cl"", ""seed"": 3407, ""dropout"": 0.05, ""d_model"": 256, ""d_ff"": 64, ""num_attn_heads"": 2, ""learning_rate"": 0.001, ""n_know"": 8}",qid_cl,0.001,3407,0.05,,,,,256.0,64.0,2.0,,,,,,,,,,,,,,,,,,,,,,,,,8.0,,,,,,,,,,,,,,,,,,,,,,,,
dtransformer.csv,dtransformer,ednet,3,"{""emb_type"": ""qid_cl"", ""seed"": 3407, ""dropout"": 0.05, ""d_model"": 256, ""d_ff"": 64, ""num_attn_heads"": 4, ""learning_rate"": 0.001, ""n_know"": 32}",qid_cl,0.001,3407,0.05,,,,,256.0,64.0,4.0,,,,,,,,,,,,,,,,,,,,,,,,,32.0,,,,,,,,,,,,,,,,,,,,,,,,
dtransformer.csv,dtransformer,ednet,4,"{""emb_type"": ""qid_cl"", ""seed"": 3407, ""dropout"": 0.3, ""d_model"": 64, ""d_ff"": 128, ""num_attn_heads"": 4, ""learning_rate"": 0.001, ""n_know"": 32}",qid_cl,0.001,3407,0.3,,,,,64.0,128.0,4.0,,,,,,,,,,,,,,,,,,,,,,,,,32.0,,,,,,,,,,,,,,,,,,,,,,,,
dtransformer.csv,dtransformer,ednet5w,0,"{""emb_type"": ""qid_cl"", ""seed"": 3407, ""dropout"": 0.05, ""d_model"": 128, ""d_ff"": 64, ""num_attn_heads"": 4, ""learning_rate"": 0.001, ""n_know"": 16}",qid_cl,0.001,3407,0.05,,,,,128.0,64.0,4.0,,,,,,,,,,,,,,,,,,,,,,,,,16.0,,,,,,,,,,,,,,,,,,,,,,,,
dtransformer.csv,dtransformer,ednet5w,1,"{""emb_type"": ""qid_cl"", ""seed"": 42, ""dropout"": 0.05, ""d_model"": 64, ""d_ff"": 128, ""num_attn_heads"": 8, ""learning_rate"": 0.001, ""n_know"": 16}",qid_cl,0.001,42,0.05,,,,,64.0,128.0,8.0,,,,,,,,,,,,,,,,,,,,,,,,,16.0,,,,,,,,,,,,,,,,,,,,,,,,
dtransformer.csv,dtransformer,ednet5w,2,"{""emb_type"": ""qid_cl"", ""seed"": 3407, ""dropout"": 0.05, ""d_model"": 64, ""d_ff"": 256, ""num_attn_heads"": 8, ""learning_rate"": 0.001, ""n_know"": 8}",qid_cl,0.001,3407,0.05,,,,,64.0,256.0,8.0,,,,,,,,,,,,,,,,,,,,,,,,,8.0,,,,,,,,,,,,,,,,,,,,,,,,
dtransformer.csv,dtransformer,ednet5w,3,"{""emb_type"": ""qid_cl"", ""seed"": 42, ""dropout"": 0.05, ""d_model"": 128, ""d_ff"": 128, ""num_attn_heads"": 8, ""learning_rate"": 0.001, ""n_know"": 4}",qid_cl,0.001,42,0.05,,,,,128.0,128.0,8.0,,,,,,,,,,,,,,,,,,,,,,,,,4.0,,,,,,,,,,,,,,,,,,,,,,,,
dtransformer.csv,dtransformer,ednet5w,4,"{""emb_type"": ""qid_cl"", ""seed"": 3407, ""dropout"": 0.05, ""d_model"": 256, ""d_ff"": 256, ""num_attn_heads"": 4, ""learning_rate"": 0.001, ""n_know"": 4}",qid_cl,0.001,3407,0.05,,,,,256.0,256.0,4.0,,,,,,,,,,,,,,,,,,,,,,,,,4.0,,,,,,,,,,,,,,,,,,,,,,,,
dtransformer.csv,dtransformer,nips_task34,0,"{""emb_type"": ""qid_cl"", ""seed"": 3407, ""dropout"": 0.1, ""d_model"": 64, ""d_ff"": 128, ""num_attn_heads"": 4, ""learning_rate"": 0.001, ""n_know"": 4}",qid_cl,0.001,3407,0.1,,,,,64.0,128.0,4.0,,,,,,,,,,,,,,,,,,,,,,,,,4.0,,,,,,,,,,,,,,,,,,,,,,,,
dtransformer.csv,dtransformer,nips_task34,1,"{""emb_type"": ""qid_cl"", ""seed"": 3407, ""dropout"": 0.1, ""d_model"": 64, ""d_ff"": 128, ""num_attn_heads"": 8, ""learning_rate"": 0.001, ""n_know"": 16}",qid_cl,0.001,3407,0.1,,,,,64.0,128.0,8.0,,,,,,,,,,,,,,,,,,,,,,,,,16.0,,,,,,,,,,,,,,,,,,,,,,,,
dtransformer.csv,dtransformer,nips_task34,2,"{""emb_type"": ""qid_cl"", ""seed"": 3407, ""dropout"": 0.1, ""d_model"": 128, ""d_ff"": 128, ""num_attn_heads"": 4, ""learning_rate"": 0.001, ""n_know"": 32}",qid_cl,0.001,3407,0.1,,,,,128.0,128.0,4.0,,,,,,,,,,,,,,,,,,,,,,,,,32.0,,,,,,,,,,,,,,,,,,,,,,,,
dtransformer.csv,dtransformer,nips_task34,3,"{""emb_type"": ""qid_cl"", ""seed"": 3407, ""dropout"": 0.1, ""d_model"": 64, ""d_ff"": 64, ""num_attn_heads"": 8, ""learning_rate"": 0.001, ""n_know"": 32}",qid_cl,0.001,3407,0.1,,,,,64.0,64.0,8.0,,,,,,,,,,,,,,,,,,,,,,,,,32.0,,,,,,,,,,,,,,,,,,,,,,,,
dtransformer.csv,dtransformer,nips_task34,4,"{""emb_type"": ""qid_cl"", ""seed"": 42, ""dropout"": 0.1, ""d_model"": 64, ""d_ff"": 128, ""num_attn_heads"": 4, ""learning_rate"": 0.001, ""n_know"": 16}",qid_cl,0.001,42,0.1,,,,,64.0,128.0,4.0,,,,,,,,,,,,,,,,,,,,,,,,,16.0,,,,,,,,,,,,,,,,,,,,,,,,
dtransformer.csv,dtransformer,peiyou,0,"{""emb_type"": ""qid_cl"", ""seed"": 42, ""dropout"": 0.05, ""d_model"": 256, ""d_ff"": 256, ""num_attn_heads"": 4, ""learning_rate"": 0.001, ""n_know"": 16}",qid_cl,0.001,42,0.05,,,,,256.0,256.0,4.0,,,,,,,,,,,,,,,,,,,,,,,,,16.0,,,,,,,,,,,,,,,,,,,,,,,,
dtransformer.csv,dtransformer,peiyou,1,"{""emb_type"": ""qid_cl"", ""seed"": 3407, ""dropout"": 0.05, ""d_model"": 256, ""d_ff"": 256, ""num_attn_heads"": 4, ""learning_rate"": 0.001, ""n_know"": 4}",qid_cl,0.001,3407,0.05,,,,,256.0,256.0,4.0,,,,,,,,,,,,,,,,,,,,,,,,,4.0,,,,,,,,,,,,,,,,,,,,,,,,
dtransformer.csv,dtransformer,peiyou,2,"{""emb_type"": ""qid_cl"", ""seed"": 42, ""dropout"": 0.1, ""d_model"": 256, ""d_ff"": 256, ""num_attn_heads"": 4, ""learning_rate"": 0.001, ""n_know"": 8}",qid_cl,0.001,42,0.1,,,,,256.0,256.0,4.0,,,,,,,,,,,,,,,,,,,,,,,,,8.0,,,,,,,,,,,,,,,,,,,,,,,,
dtransformer.csv,dtransformer,peiyou,3,"{""emb_type"": ""qid_cl"", ""seed"": 42, ""dropout"": 0.1, ""d_model"": 128, ""d_ff"": 256, ""num_attn_heads"": 8, ""learning_rate"": 0.001, ""n_know"": 4}",qid_cl,0.001,42,0.1,,,,,128.0,256.0,8.0,,,,,,,,,,,,,,,,,,,,,,,,,4.0,,,,,,,,,,,,,,,,,,,,,,,,
dtransformer.csv,dtransformer,peiyou,4,"{""emb_type"": ""qid_cl"", ""seed"": 42, ""dropout"": 0.05, ""d_model"": 256, ""d_ff"": 256, ""num_attn_heads"": 4, ""learning_rate"": 0.001, ""n_know"": 16}",qid_cl,0.001,42,0.05,,,,,256.0,256.0,4.0,,,,,,,,,,,,,,,,,,,,,,,,,16.0,,,,,,,,,,,,,,,,,,,,,,,,
dtransformer.csv,dtransformer,poj,0,"{""emb_type"": ""qid_cl"", ""seed"": 42, ""dropout"": 0.1, ""d_model"": 128, ""d_ff"": 128, ""num_attn_heads"": 2, ""learning_rate"": 0.0001, ""n_know"": 32}",qid_cl,0.0001,42,0.1,,,,,128.0,128.0,2.0,,,,,,,,,,,,,,,,,,,,,,,,,32.0,,,,,,,,,,,,,,,,,,,,,,,,
dtransformer.csv,dtransformer,poj,1,"{""emb_type"": ""qid_cl"", ""seed"": 42, ""dropout"": 0.05, ""d_model"": 64, ""d_ff"": 64, ""num_attn_heads"": 2, ""learning_rate"": 0.0001, ""n_know"": 32}",qid_cl,0.0001,42,0.05,,,,,64.0,64.0,2.0,,,,,,,,,,,,,,,,,,,,,,,,,32.0,,,,,,,,,,,,,,,,,,,,,,,,
dtransformer.csv,dtransformer,poj,2,"{""emb_type"": ""qid_cl"", ""seed"": 42, ""dropout"": 0.1, ""d_model"": 64, ""d_ff"": 128, ""num_attn_heads"": 2, ""learning_rate"": 0.0001, ""n_know"": 8}",qid_cl,0.0001,42,0.1,,,,,64.0,128.0,2.0,,,,,,,,,,,,,,,,,,,,,,,,,8.0,,,,,,,,,,,,,,,,,,,,,,,,
dtransformer.csv,dtransformer,poj,3,"{""emb_type"": ""qid_cl"", ""seed"": 42, ""dropout"": 0.05, ""d_model"": 64, ""d_ff"": 64, ""num_attn_heads"": 2, ""learning_rate"": 0.0001, ""n_know"": 16}",qid_cl,0.0001,42,0.05,,,,,64.0,64.0,2.0,,,,,,,,,,,,,,,,,,,,,,,,,16.0,,,,,,,,,,,,,,,,,,,,,,,,
dtransformer.csv,dtransformer,poj,4,"{""emb_type"": ""qid_cl"", ""seed"": 3407, ""dropout"": 0.1, ""d_model"": 64, ""d_ff"": 256, ""num_attn_heads"": 2, ""learning_rate"": 0.0001, ""n_know"": 16}",qid_cl,0.0001,3407,0.1,,,,,64.0,256.0,2.0,,,,,,,,,,,,,,,,,,,,,,,,,16.0,,,,,,,,,,,,,,,,,,,,,,,,
dtransformer.csv,dtransformer,statics2011,0,"{""emb_type"": ""qid_cl"", ""seed"": 42, ""dropout"": 0.1, ""d_model"": 256, ""d_ff"": 256, ""num_attn_heads"": 2, ""learning_rate"": 0.001, ""n_know"": 32}",qid_cl,0.001,42,0.1,,,,,256.0,256.0,2.0,,,,,,,,,,,,,,,,,,,,,,,,,32.0,,,,,,,,,,,,,,,,,,,,,,,,
dtransformer.csv,dtransformer,statics2011,1,"{""emb_type"": ""qid_cl"", ""seed"": 42, ""dropout"": 0.05, ""d_model"": 64, ""d_ff"": 128, ""num_attn_heads"": 2, ""learning_rate"": 0.001, ""n_know"": 32}",qid_cl,0.001,42,0.05,,,,,64.0,128.0,2.0,,,,,,,,,,,,,,,,,,,,,,,,,32.0,,,,,,,,,,,,,,,,,,,,,,,,
dtransformer.csv,dtransformer,statics2011,2,"{""emb_type"": ""qid_cl"", ""seed"": 42, ""dropout"": 0.1, ""d_model"": 256, ""d_ff"": 256, ""num_attn_heads"": 4, ""learning_rate"": 0.001, ""n_know"": 32}",qid_cl,0.001,42,0.1,,,,,256.0,256.0,4.0,,,,,,,,,,,,,,,,,,,,,,,,,32.0,,,,,,,,,,,,,,,,,,,,,,,,
dtransformer.csv,dtransformer,statics2011,3,"{""emb_type"": ""qid_cl"", ""seed"": 42, ""dropout"": 0.1, ""d_model"": 256, ""d_ff"": 256, ""num_attn_heads"": 4, ""learning_rate"": 0.001, ""n_know"": 8}",qid_cl,0.001,42,0.1,,,,,256.0,256.0,4.0,,,,,,,,,,,,,,,,,,,,,,,,,8.0,,,,,,,,,,,,,,,,,,,,,,,,
dtransformer.csv,dtransformer,statics2011,4,"{""emb_type"": ""qid_cl"", ""seed"": 3407, ""dropout"": 0.5, ""d_model"": 64, ""d_ff"": 256, ""num_attn_heads"": 2, ""learning_rate"": 0.001, ""n_know"": 4}",qid_cl,0.001,3407,0.5,,,,,64.0,256.0,2.0,,,,,,,,,,,,,,,,,,,,,,,,,4.0,,,,,,,,,,,,,,,,,,,,,,,,
extrakt.csv,extrakt,algebra2005,0,"{""emb_type"": ""qid"", ""seed"": 3407, ""dropout"": 0.05, ""d_model"": 128, ""d_ff"": 128, ""num_attn_heads"": 8, ""learning_rate"": 0.0001}",qid,0.0001,3407,0.05,,,,,128.0,128.0,8.0,,,,,,,,,,,,,,,,,,,,,,,,,,,,,,,,,,,,,,,,,,,,,,,,,
extrakt.csv,extrakt,algebra2005,1,"{""emb_type"": ""qid"", ""seed"": 42, ""dropout"": 0.05, ""d_model"": 256, ""d_ff"": 128, ""num_attn_heads"": 8, ""learning_rate"": 0.0001}",qid,0.0001,42,0.05,,,,,256.0,128.0,8.0,,,,,,,,,,,,,,,,,,,,,,,,,,,,,,,,,,,,,,,,,,,,,,,,,
extrakt.csv,extrakt,algebra2005,2,"{""emb_type"": ""qid"", ""seed"": 42, ""dropout"": 0.1, ""d_model"": 256, ""d_ff"": 128, ""num_attn_heads"": 8, ""learning_rate"": 0.0001}",qid,0.0001,42,0.1,,,,,256.0,128.0,8.0,,,,,,,,,,,,,,,,,,,,,,,,,,,,,,,,,,,,,,,,,,,,,,,,,
extrakt.csv,extrakt,algebra2005,3,"{""emb_type"": ""qid"", ""seed"": 3407, ""dropout"": 0.05, ""d_model"": 256, ""d_ff"": 128, ""num_attn_heads"": 8, ""learning_rate"": 0.0001}",qid,0.0001,3407,0.05,,,,,256.0,128.0,8.0,,,,,,,,,,,,,,,,,,,,,,,,,,,,,,,,,,,,,,,,,,,,,,,,,
extrakt.csv,extrakt,algebra2005,4,"{""emb_type"": ""qid"", ""seed"": 3407, ""dropout"": 0.1, ""d_model"": 256, ""d_ff"": 128, ""num_attn_heads"": 8, ""learning_rate"": 0.0001}",qid,0.0001,3407,0.1,,,,,256.0,128.0,8.0,,,,,,,,,,,,,,,,,,,,,,,,,,,,,,,,,,,,,,,,,,,,,,,,,
extrakt.csv,extrakt,assist2009,0,"{""emb_type"": ""qid"", ""seed"": 3407, ""dropout"": 0.05, ""d_model"": 64, ""d_ff"": 256, ""num_attn_heads"": 8, ""learning_rate"": 0.0001}",qid,0.0001,3407,0.05,,,,,64.0,256.0,8.0,,,,,,,,,,,,,,,,,,,,,,,,,,,,,,,,,,,,,,,,,,,,,,,,,
extrakt.csv,extrakt,assist2009,1,"{""emb_type"": ""qid"", ""seed"": 3407, ""dropout"": 0.1, ""d_model"": 64, ""d_ff"": 64, ""num_attn_heads"": 8, ""learning_rate"": 0.001}",qid,0.001,3407,0.1,,,,,64.0,64.0,8.0,,,,,,,,,,,,,,,,,,,,,,,,,,,,,,,,,,,,,,,,,,,,,,,,,
extrakt.csv,extrakt,assist2009,2,"{""emb_type"": ""qid"", ""seed"": 3407, ""dropout"": 0.1, ""d_model"": 64, ""d_ff"": 256, ""num_attn_heads"": 8, ""learning_rate"": 0.0001}",qid,0.0001,3407,0.1,,,,,64.0,256.0,8.0,,,,,,,,,,,,,,,,,,,,,,,,,,,,,,,,,,,,,,,,,,,,,,,,,
extrakt.csv,extrakt,assist2009,3,"{""emb_type"": ""qid"", ""seed"": 3407, ""dropout"": 0.1, ""d_model"": 128, ""d_ff"": 256, ""num_attn_heads"": 8, ""learning_rate"": 0.0001}",qid,0.0001,3407,0.1,,,,,128.0,256.0,8.0,,,,,,,,,,,,,,,,,,,,,,,,,,,,,,,,,,,,,,,,,,,,,,,,,
extrakt.csv,extrakt,assist2009,4,"{""emb_type"": ""qid"", ""seed"": 3407, ""dropout"": 0.1, ""d_model"": 64, ""d_ff"": 128, ""num_attn_heads"": 8, ""learning_rate"": 0.0001}",qid,0.0001,3407,0.1,,,,,64.0,128.0,8.0,,,,,,,,,,,,,,,,,,,,,,,,,,,,,,,,,,,,,,,,,,,,,,,,,
extrakt.csv,extrakt,assist2015,0,"{""emb_type"": ""qid"", ""seed"": 3407, ""dropout"": 0.05, ""d_model"": 256, ""d_ff"": 256, ""num_attn_heads"": 8, ""learning_rate"": 1e-05}",qid,1e-05,3407,0.05,,,,,256.0,256.0,8.0,,,,,,,,,,,,,,,,,,,,,,,,,,,,,,,,,,,,,,,,,,,,,,,,,
extrakt.csv,extrakt,assist2015,1,"{""emb_type"": ""qid"", ""seed"": 3407, ""dropout"": 0.05, ""d_model"": 256, ""d_ff"": 64, ""num_attn_heads"": 8, ""learning_rate"": 1e-05}",qid,1e-05,3407,0.05,,,,,256.0,64.0,8.0,,,,,,,,,,,,,,,,,,,,,,,,,,,,,,,,,,,,,,,,,,,,,,,,,
extrakt.csv,extrakt,assist2015,2,"{""emb_type"": ""qid"", ""seed"": 3407, ""dropout"": 0.1, ""d_model"": 64, ""d_ff"": 256, ""num_attn_heads"": 8, ""learning_rate"": 0.0001}",qid,0.0001,3407,0.1,,,,,64.0,256.0,8.0,,,,,,,,,,,,,,,,,,,,,,,,,,,,,,,,,,,,,,,,,,,,,,,,,
extrakt.csv,extrakt,assist2015,3,"{""emb_type"": ""qid"", ""seed"": 3407, ""dropout"": 0.05, ""d_model"": 256, ""d_ff"": 256, ""num_attn_heads"": 8, ""learning_rate"": 1e-05}",qid,1e-05,3407,0.05,,,,,256.0,256.0,8.0,,,,,,,,,,,,,,,,,,,,,,,,,,,,,,,,,,,,,,,,,,,,,,,,,
extrakt.csv,extrakt,assist2015,4,"{""emb_type"": ""qid"", ""seed"": 3407, ""dropout"": 0.05, ""d_model"": 256, ""d_ff"": 256, ""num_attn_heads"": 8, ""learning_rate"": 1e-05}",qid,1e-05,3407,0.05,,,,,256.0,256.0,8.0,,,,,,,,,,,,,,,,,,,,,,,,,,,,,,,,,,,,,,,,,,,,,,,,,
extrakt.csv,extrakt,bridge2algebra2006,0,"{""emb_type"": ""qid"", ""seed"": 3407, ""dropout"": 0.1, ""d_model"": 256, ""d_ff"": 256, ""num_attn_heads"": 8, ""learning_rate"": 0.0001}",qid,0.0001,3407,0.1,,,,,256.0,256.0,8.0,,,,,,,,,,,,,,,,,,,,,,,,,,,,,,,,,,,,,,,,,,,,,,,,,
extrakt.csv,extrakt,bridge2algebra2006,1,"{""emb_type"": ""qid"", ""seed"": 3407, ""dropout"": 0.05, ""d_model"": 128, ""d_ff"": 128, ""num_attn_heads"": 8, ""learning_rate"": 0.0001}",qid,0.0001,3407,0.05,,,,,128.0,128.0,8.0,,,,,,,,,,,,,,,,,,,,,,,,,,,,,,,,,,,,,,,,,,,,,,,,,
extrakt.csv,extrakt,bridge2algebra2006,2,"{""emb_type"": ""qid"", ""seed"": 3407, ""dropout"": 0.1, ""d_model"": 256, ""d_ff"": 256, ""num_attn_heads"": 8, ""learning_rate"": 0.0001}",qid,0.0001,3407,0.1,,,,,256.0,256.0,8.0,,,,,,,,,,,,,,,,,,,,,,,,,,,,,,,,,,,,,,,,,,,,,,,,,
extrakt.csv,extrakt,bridge2algebra2006,3,"{""emb_type"": ""qid"", ""seed"": 3407, ""dropout"": 0.1, ""d_model"": 256, ""d_ff"": 64, ""num_attn_heads"": 8, ""learning_rate"": 0.0001}",qid,0.0001,3407,0.1,,,,,256.0,64.0,8.0,,,,,,,,,,,,,,,,,,,,,,,,,,,,,,,,,,,,,,,,,,,,,,,,,
extrakt.csv,extrakt,bridge2algebra2006,4,"{""emb_type"": ""qid"", ""seed"": 3407, ""dropout"": 0.1, ""d_model"": 256, ""d_ff"": 128, ""num_attn_heads"": 8, ""learning_rate"": 0.0001}",qid,0.0001,3407,0.1,,,,,256.0,128.0,8.0,,,,,,,,,,,,,,,,,,,,,,,,,,,,,,,,,,,,,,,,,,,,,,,,,
extrakt.csv,extrakt,ednet,0,"{""emb_type"": ""qid"", ""seed"": 42, ""dropout"": 0.1, ""d_model"": 64, ""d_ff"": 128, ""num_attn_heads"": 8, ""learning_rate"": 0.001}",qid,0.001,42,0.1,,,,,64.0,128.0,8.0,,,,,,,,,,,,,,,,,,,,,,,,,,,,,,,,,,,,,,,,,,,,,,,,,
extrakt.csv,extrakt,ednet,1,"{""emb_type"": ""qid"", ""seed"": 3407, ""dropout"": 0.1, ""d_model"": 64, ""d_ff"": 64, ""num_attn_heads"": 8, ""learning_rate"": 0.001}",qid,0.001,3407,0.1,,,,,64.0,64.0,8.0,,,,,,,,,,,,,,,,,,,,,,,,,,,,,,,,,,,,,,,,,,,,,,,,,
extrakt.csv,extrakt,ednet,2,"{""emb_type"": ""qid"", ""seed"": 42, ""dropout"": 0.1, ""d_model"": 64, ""d_ff"": 256, ""num_attn_heads"": 8, ""learning_rate"": 0.001}",qid,0.001,42,0.1,,,,,64.0,256.0,8.0,,,,,,,,,,,,,,,,,,,,,,,,,,,,,,,,,,,,,,,,,,,,,,,,,
extrakt.csv,extrakt,ednet,3,"{""emb_type"": ""qid"", ""seed"": 3407, ""dropout"": 0.1, ""d_model"": 64, ""d_ff"": 256, ""num_attn_heads"": 8, ""learning_rate"": 0.001}",qid,0.001,3407,0.1,,,,,64.0,256.0,8.0,,,,,,,,,,,,,,,,,,,,,,,,,,,,,,,,,,,,,,,,,,,,,,,,,
extrakt.csv,extrakt,ednet,4,"{""emb_type"": ""qid"", ""seed"": 42, ""dropout"": 0.3, ""d_model"": 128, ""d_ff"": 64, ""num_attn_heads"": 8, ""learning_rate"": 0.001}",qid,0.001,42,0.3,,,,,128.0,64.0,8.0,,,,,,,,,,,,,,,,,,,,,,,,,,,,,,,,,,,,,,,,,,,,,,,,,
extrakt.csv,extrakt,ednet5w,0,"{""emb_type"": ""qid"", ""seed"": 3407, ""dropout"": 0.05, ""d_model"": 64, ""d_ff"": 128, ""num_attn_heads"": 4, ""learning_rate"": 0.001}",qid,0.001,3407,0.05,,,,,64.0,128.0,4.0,,,,,,,,,,,,,,,,,,,,,,,,,,,,,,,,,,,,,,,,,,,,,,,,,
extrakt.csv,extrakt,ednet5w,1,"{""emb_type"": ""qid"", ""seed"": 42, ""dropout"": 0.05, ""d_model"": 64, ""d_ff"": 64, ""num_attn_heads"": 4, ""learning_rate"": 0.001}",qid,0.001,42,0.05,,,,,64.0,64.0,4.0,,,,,,,,,,,,,,,,,,,,,,,,,,,,,,,,,,,,,,,,,,,,,,,,,
extrakt.csv,extrakt,ednet5w,2,"{""emb_type"": ""qid"", ""seed"": 3407, ""dropout"": 0.05, ""d_model"": 64, ""d_ff"": 256, ""num_attn_heads"": 4, ""learning_rate"": 0.001}",qid,0.001,3407,0.05,,,,,64.0,256.0,4.0,,,,,,,,,,,,,,,,,,,,,,,,,,,,,,,,,,,,,,,,,,,,,,,,,
extrakt.csv,extrakt,ednet5w,3,"{""emb_type"": ""qid"", ""seed"": 42, ""dropout"": 0.05, ""d_model"": 64, ""d_ff"": 64, ""num_attn_heads"": 4, ""learning_rate"": 0.001}",qid,0.001,42,0.05,,,,,64.0,64.0,4.0,,,,,,,,,,,,,,,,,,,,,,,,,,,,,,,,,,,,,,,,,,,,,,,,,
extrakt.csv,extrakt,ednet5w,4,"{""emb_type"": ""qid"", ""seed"": 42, ""dropout"": 0.05, ""d_model"": 64, ""d_ff"": 128, ""num_attn_heads"": 4, ""learning_rate"": 0.001}",qid,0.001,42,0.05,,,,,64.0,128.0,4.0,,,,,,,,,,,,,,,,,,,,,,,,,,,,,,,,,,,,,,,,,,,,,,,,,
extrakt.csv,extrakt,nips_task34,0,"{""emb_type"": ""qid"", ""seed"": 3407, ""dropout"": 0.3, ""d_model"": 64, ""d_ff"": 128, ""num_attn_heads"": 8, ""learning_rate"": 0.001}",qid,0.001,3407,0.3,,,,,64.0,128.0,8.0,,,,,,,,,,,,,,,,,,,,,,,,,,,,,,,,,,,,,,,,,,,,,,,,,
extrakt.csv,extrakt,nips_task34,1,"{""emb_type"": ""qid"", ""seed"": 3407, ""dropout"": 0.3, ""d_model"": 64, ""d_ff"": 64, ""num_attn_heads"": 8, ""learning_rate"": 0.001}",qid,0.001,3407,0.3,,,,,64.0,64.0,8.0,,,,,,,,,,,,,,,,,,,,,,,,,,,,,,,,,,,,,,,,,,,,,,,,,
extrakt.csv,extrakt,nips_task34,2,"{""emb_type"": ""qid"", ""seed"": 3407, ""dropout"": 0.3, ""d_model"": 64, ""d_ff"": 64, ""num_attn_heads"": 8, ""learning_rate"": 0.001}",qid,0.001,3407,0.3,,,,,64.0,64.0,8.0,,,,,,,,,,,,,,,,,,,,,,,,,,,,,,,,,,,,,,,,,,,,,,,,,
extrakt.csv,extrakt,nips_task34,3,"{""emb_type"": ""qid"", ""seed"": 3407, ""dropout"": 0.3, ""d_model"": 64, ""d_ff"": 64, ""num_attn_heads"": 8, ""learning_rate"": 0.001}",qid,0.001,3407,0.3,,,,,64.0,64.0,8.0,,,,,,,,,,,,,,,,,,,,,,,,,,,,,,,,,,,,,,,,,,,,,,,,,
extrakt.csv,extrakt,nips_task34,4,"{""emb_type"": ""qid"", ""seed"": 3407, ""dropout"": 0.1, ""d_model"": 64, ""d_ff"": 128, ""num_attn_heads"": 8, ""learning_rate"": 0.001}",qid,0.001,3407,0.1,,,,,64.0,128.0,8.0,,,,,,,,,,,,,,,,,,,,,,,,,,,,,,,,,,,,,,,,,,,,,,,,,
extrakt.csv,extrakt,peiyou,0,"{""emb_type"": ""qid"", ""seed"": 42, ""dropout"": 0.1, ""d_model"": 64, ""d_ff"": 256, ""num_attn_heads"": 8, ""learning_rate"": 0.001}",qid,0.001,42,0.1,,,,,64.0,256.0,8.0,,,,,,,,,,,,,,,,,,,,,,,,,,,,,,,,,,,,,,,,,,,,,,,,,
extrakt.csv,extrakt,peiyou,1,"{""emb_type"": ""qid"", ""seed"": 3407, ""dropout"": 0.1, ""d_model"": 128, ""d_ff"": 256, ""num_attn_heads"": 4, ""learning_rate"": 0.001}",qid,0.001,3407,0.1,,,,,128.0,256.0,4.0,,,,,,,,,,,,,,,,,,,,,,,,,,,,,,,,,,,,,,,,,,,,,,,,,
extrakt.csv,extrakt,peiyou,2,"{""emb_type"": ""qid"", ""seed"": 42, ""dropout"": 0.1, ""d_model"": 128, ""d_ff"": 256, ""num_attn_heads"": 8, ""learning_rate"": 0.001}",qid,0.001,42,0.1,,,,,128.0,256.0,8.0,,,,,,,,,,,,,,,,,,,,,,,,,,,,,,,,,,,,,,,,,,,,,,,,,
extrakt.csv,extrakt,peiyou,3,"{""emb_type"": ""qid"", ""seed"": 3407, ""dropout"": 0.1, ""d_model"": 64, ""d_ff"": 256, ""num_attn_heads"": 8, ""learning_rate"": 0.001}",qid,0.001,3407,0.1,,,,,64.0,256.0,8.0,,,,,,,,,,,,,,,,,,,,,,,,,,,,,,,,,,,,,,,,,,,,,,,,,
extrakt.csv,extrakt,peiyou,4,"{""emb_type"": ""qid"", ""seed"": 42, ""dropout"": 0.1, ""d_model"": 256, ""d_ff"": 256, ""num_attn_heads"": 8, ""learning_rate"": 0.001}",qid,0.001,42,0.1,,,,,256.0,256.0,8.0,,,,,,,,,,,,,,,,,,,,,,,,,,,,,,,,,,,,,,,,,,,,,,,,,
extrakt.csv,extrakt,poj,0,"{""emb_type"": ""qid"", ""seed"": 42, ""dropout"": 0.05, ""d_model"": 64, ""d_ff"": 128, ""num_attn_heads"": 4, ""learning_rate"": 0.001}",qid,0.001,42,0.05,,,,,64.0,128.0,4.0,,,,,,,,,,,,,,,,,,,,,,,,,,,,,,,,,,,,,,,,,,,,,,,,,
extrakt.csv,extrakt,poj,1,"{""emb_type"": ""qid"", ""seed"": 3407, ""dropout"": 0.1, ""d_model"": 256, ""d_ff"": 64, ""num_attn_heads"": 8, ""learning_rate"": 1e-05}",qid,1e-05,3407,0.1,,,,,256.0,64.0,8.0,,,,,,,,,,,,,,,,,,,,,,,,,,,,,,,,,,,,,,,,,,,,,,,,,
extrakt.csv,extrakt,poj,2,"{""emb_type"": ""qid"", ""seed"": 42, ""dropout"": 0.1, ""d_model"": 64, ""d_ff"": 256, ""num_attn_heads"": 8, ""learning_rate"": 0.0001}",qid,0.0001,42,0.1,,,,,64.0,256.0,8.0,,,,,,,,,,,,,,,,,,,,,,,,,,,,,,,,,,,,,,,,,,,,,,,,,
extrakt.csv,extrakt,poj,3,"{""emb_type"": ""qid"", ""seed"": 3407, ""dropout"": 0.1, ""d_model"": 128, ""d_ff"": 128, ""num_attn_heads"": 8, ""learning_rate"": 0.0001}",qid,0.0001,3407,0.1,,,,,128.0,128.0,8.0,,,,,,,,,,,,,,,,,,,,,,,,,,,,,,,,,,,,,,,,,,,,,,,,,
extrakt.csv,extrakt,poj,4,"{""emb_type"": ""qid"", ""seed"": 42, ""dropout"": 0.3, ""d_model"": 64, ""d_ff"": 128, ""num_attn_heads"": 8, ""learning_rate"": 0.0001}",qid,0.0001,42,0.3,,,,,64.0,128.0,8.0,,,,,,,,,,,,,,,,,,,,,,,,,,,,,,,,,,,,,,,,,,,,,,,,,
extrakt.csv,extrakt,statics2011,0,"{""emb_type"": ""qid"", ""seed"": 3407, ""dropout"": 0.3, ""d_model"": 64, ""d_ff"": 256, ""num_attn_heads"": 4, ""learning_rate"": 0.001}",qid,0.001,3407,0.3,,,,,64.0,256.0,4.0,,,,,,,,,,,,,,,,,,,,,,,,,,,,,,,,,,,,,,,,,,,,,,,,,
extrakt.csv,extrakt,statics2011,1,"{""emb_type"": ""qid"", ""seed"": 42, ""dropout"": 0.3, ""d_model"": 64, ""d_ff"": 128, ""num_attn_heads"": 8, ""learning_rate"": 0.001}",qid,0.001,42,0.3,,,,,64.0,128.0,8.0,,,,,,,,,,,,,,,,,,,,,,,,,,,,,,,,,,,,,,,,,,,,,,,,,
extrakt.csv,extrakt,statics2011,2,"{""emb_type"": ""qid"", ""seed"": 3407, ""dropout"": 0.3, ""d_model"": 128, ""d_ff"": 128, ""num_attn_heads"": 8, ""learning_rate"": 0.001}",qid,0.001,3407,0.3,,,,,128.0,128.0,8.0,,,,,,,,,,,,,,,,,,,,,,,,,,,,,,,,,,,,,,,,,,,,,,,,,
extrakt.csv,extrakt,statics2011,3,"{""emb_type"": ""qid"", ""seed"": 3407, ""dropout"": 0.3, ""d_model"": 64, ""d_ff"": 256, ""num_attn_heads"": 8, ""learning_rate"": 0.001}",qid,0.001,3407,0.3,,,,,64.0,256.0,8.0,,,,,,,,,,,,,,,,,,,,,,,,,,,,,,,,,,,,,,,,,,,,,,,,,
extrakt.csv,extrakt,statics2011,4,"{""emb_type"": ""qid"", ""seed"": 3407, ""dropout"": 0.3, ""d_model"": 64, ""d_ff"": 256, ""num_attn_heads"": 8, ""learning_rate"": 0.001}",qid,0.001,3407,0.3,,,,,64.0,256.0,8.0,,,,,,,,,,,,,,,,,,,,,,,,,,,,,,,,,,,,,,,,,,,,,,,,,
fluckt.csv,fluckt,algebra2005,0,"{""d_ff"": 256, ""d_model"": 256, ""dropout"": 0.1, ""emb_type"": ""qid_conv_ker_noexp"", ""kernel_size"": 2, ""learning_rate"": 0.0001, ""n_blocks"": 4, ""num_attn_heads"": 8, ""seed"": ""3,407""}",qid_conv_ker_noexp,0.0001,"3,407",0.1,,,,,256.0,256.0,8.0,,4.0,,,,,,,,,,,,,,,,,,,,,,,,2.0,,,,,,,,,,,,,,,,,,,,,,,
fluckt.csv,fluckt,algebra2005,1,"{""d_ff"": 128, ""d_model"": 256, ""dropout"": 0.1, ""emb_type"": ""qid_conv_ker_noexp"", ""kernel_size"": 4, ""learning_rate"": 0.0001, ""n_blocks"": 4, ""num_attn_heads"": 8, ""seed"": ""3,407""}",qid_conv_ker_noexp,0.0001,"3,407",0.1,,,,,256.0,128.0,8.0,,4.0,,,,,,,,,,,,,,,,,,,,,,,,4.0,,,,,,,,,,,,,,,,,,,,,,,
fluckt.csv,fluckt,algebra2005,2,"{""d_ff"": 256, ""d_model"": 256, ""dropout"": 0.1, ""emb_type"": ""qid_conv_ker_noexp"", ""kernel_size"": 4, ""learning_rate"": 0.0001, ""n_blocks"": 2, ""num_attn_heads"": 8, ""seed"": ""3,407""}",qid_conv_ker_noexp,0.0001,"3,407",0.1,,,,,256.0,256.0,8.0,,2.0,,,,,,,,,,,,,,,,,,,,,,,,4.0,,,,,,,,,,,,,,,,,,,,,,,
fluckt.csv,fluckt,algebra2005,3,"{""d_ff"": 64, ""d_model"": 128, ""dropout"": 0.05, ""emb_type"": ""qid_conv_ker_noexp"", ""kernel_size"": 4, ""learning_rate"": 0.0001, ""n_blocks"": 4, ""num_attn_heads"": 8, ""seed"": ""3,407""}",qid_conv_ker_noexp,0.0001,"3,407",0.05,,,,,128.0,64.0,8.0,,4.0,,,,,,,,,,,,,,,,,,,,,,,,4.0,,,,,,,,,,,,,,,,,,,,,,,
fluckt.csv,fluckt,algebra2005,4,"{""d_ff"": 64, ""d_model"": 128, ""dropout"": 0.05, ""emb_type"": ""qid_conv_ker_noexp"", ""kernel_size"": 8, ""learning_rate"": 0.0001, ""n_blocks"": 4, ""num_attn_heads"": 8, ""seed"": ""3,407""}",qid_conv_ker_noexp,0.0001,"3,407",0.05,,,,,128.0,64.0,8.0,,4.0,,,,,,,,,,,,,,,,,,,,,,,,8.0,,,,,,,,,,,,,,,,,,,,,,,
fluckt.csv,fluckt,bridge2algebra2006,0,"{""d_ff"": 128, ""d_model"": 256, ""dropout"": 0.1, ""emb_type"": ""qid_conv_ker_noexp"", ""kernel_size"": 8, ""learning_rate"": 0.0001, ""n_blocks"": 4, ""num_attn_heads"": 8, ""seed"": ""3,407""}",qid_conv_ker_noexp,0.0001,"3,407",0.1,,,,,256.0,128.0,8.0,,4.0,,,,,,,,,,,,,,,,,,,,,,,,8.0,,,,,,,,,,,,,,,,,,,,,,,
fluckt.csv,fluckt,bridge2algebra2006,1,"{""d_ff"": 256, ""d_model"": 256, ""dropout"": 0.1, ""emb_type"": ""qid_conv_ker_noexp"", ""kernel_size"": 4, ""learning_rate"": 0.0001, ""n_blocks"": 4, ""num_attn_heads"": 4, ""seed"": ""42""}",qid_conv_ker_noexp,0.0001,42,0.1,,,,,256.0,256.0,4.0,,4.0,,,,,,,,,,,,,,,,,,,,,,,,4.0,,,,,,,,,,,,,,,,,,,,,,,
fluckt.csv,fluckt,bridge2algebra2006,2,"{""d_ff"": 256, ""d_model"": 256, ""dropout"": 0.1, ""emb_type"": ""qid_conv_ker_noexp"", ""kernel_size"": 4, ""learning_rate"": 0.0001, ""n_blocks"": 4, ""num_attn_heads"": 8, ""seed"": ""3,407""}",qid_conv_ker_noexp,0.0001,"3,407",0.1,,,,,256.0,256.0,8.0,,4.0,,,,,,,,,,,,,,,,,,,,,,,,4.0,,,,,,,,,,,,,,,,,,,,,,,
fluckt.csv,fluckt,bridge2algebra2006,3,"{""d_ff"": 256, ""d_model"": 256, ""dropout"": 0.1, ""emb_type"": ""qid_conv_ker_noexp"", ""kernel_size"": 8, ""learning_rate"": 0.0001, ""n_blocks"": 4, ""num_attn_heads"": 8, ""seed"": ""42""}",qid_conv_ker_noexp,0.0001,42,0.1,,,,,256.0,256.0,8.0,,4.0,,,,,,,,,,,,,,,,,,,,,,,,8.0,,,,,,,,,,,,,,,,,,,,,,,
fluckt.csv,fluckt,bridge2algebra2006,4,"{""d_ff"": 128, ""d_model"": 256, ""dropout"": 0.1, ""emb_type"": ""qid_conv_ker_noexp"", ""kernel_size"": 8, ""learning_rate"": 0.0001, ""n_blocks"": 1, ""num_attn_heads"": 8, ""seed"": ""3,407""}",qid_conv_ker_noexp,0.0001,"3,407",0.1,,,,,256.0,128.0,8.0,,1.0,,,,,,,,,,,,,,,,,,,,,,,,8.0,,,,,,,,,,,,,,,,,,,,,,,
fluckt.csv,fluckt,nips_task34,0,"{""d_ff"": 256, ""d_model"": 64, ""dropout"": 0.3, ""emb_type"": ""qid_conv_ker_noexp"", ""kernel_size"": 2, ""learning_rate"": 0.001, ""n_blocks"": 2, ""num_attn_heads"": 8, ""seed"": ""3,407""}",qid_conv_ker_noexp,0.001,"3,407",0.3,,,,,64.0,256.0,8.0,,2.0,,,,,,,,,,,,,,,,,,,,,,,,2.0,,,,,,,,,,,,,,,,,,,,,,,
fluckt.csv,fluckt,nips_task34,1,"{""d_ff"": 256, ""d_model"": 64, ""dropout"": 0.3, ""emb_type"": ""qid_conv_ker_noexp"", ""kernel_size"": 4, ""learning_rate"": 0.001, ""n_blocks"": 4, ""num_attn_heads"": 8, ""seed"": ""3,407""}",qid_conv_ker_noexp,0.001,"3,407",0.3,,,,,64.0,256.0,8.0,,4.0,,,,,,,,,,,,,,,,,,,,,,,,4.0,,,,,,,,,,,,,,,,,,,,,,,
fluckt.csv,fluckt,nips_task34,2,"{""d_ff"": 128, ""d_model"": 64, ""dropout"": 0.1, ""emb_type"": ""qid_conv_ker_noexp"", ""kernel_size"": 2, ""learning_rate"": 0.001, ""n_blocks"": 4, ""num_attn_heads"": 8, ""seed"": ""42""}",qid_conv_ker_noexp,0.001,42,0.1,,,,,64.0,128.0,8.0,,4.0,,,,,,,,,,,,,,,,,,,,,,,,2.0,,,,,,,,,,,,,,,,,,,,,,,
fluckt.csv,fluckt,nips_task34,3,"{""d_ff"": 256, ""d_model"": 64, ""dropout"": 0.3, ""emb_type"": ""qid_conv_ker_noexp"", ""kernel_size"": 8, ""learning_rate"": 0.001, ""n_blocks"": 4, ""num_attn_heads"": 4, ""seed"": ""3,407""}",qid_conv_ker_noexp,0.001,"3,407",0.3,,,,,64.0,256.0,4.0,,4.0,,,,,,,,,,,,,,,,,,,,,,,,8.0,,,,,,,,,,,,,,,,,,,,,,,
fluckt.csv,fluckt,nips_task34,4,"{""d_ff"": 64, ""d_model"": 64, ""dropout"": 0.3, ""emb_type"": ""qid_conv_ker_noexp"", ""kernel_size"": 4, ""learning_rate"": 0.001, ""n_blocks"": 4, ""num_attn_heads"": 8, ""seed"": ""3,407""}",qid_conv_ker_noexp,0.001,"3,407",0.3,,,,,64.0,64.0,8.0,,4.0,,,,,,,,,,,,,,,,,,,,,,,,4.0,,,,,,,,,,,,,,,,,,,,,,,
folibikt.csv,folibikt,algebra2005,0,"{""emb_type"": ""qid_alibi"", ""seed"": 42, ""dropout"": 0.05, ""d_model"": 256, ""d_ff"": 256, ""num_attn_heads"": 8, ""n_blocks"": 2, ""learning_rate"": 1e-05}",qid_alibi,1e-05,42,0.05,,,,,256.0,256.0,8.0,,2.0,,,,,,,,,,,,,,,,,,,,,,,,,,,,,,,,,,,,,,,,,,,,,,,
folibikt.csv,folibikt,algebra2005,1,"{""emb_type"": ""qid_alibi"", ""seed"": 42, ""dropout"": 0.05, ""d_model"": 256, ""d_ff"": 128, ""num_attn_heads"": 8, ""n_blocks"": 4, ""learning_rate"": 1e-05}",qid_alibi,1e-05,42,0.05,,,,,256.0,128.0,8.0,,4.0,,,,,,,,,,,,,,,,,,,,,,,,,,,,,,,,,,,,,,,,,,,,,,,
folibikt.csv,folibikt,algebra2005,2,"{""emb_type"": ""qid_alibi"", ""seed"": 42, ""dropout"": 0.05, ""d_model"": 256, ""d_ff"": 128, ""num_attn_heads"": 8, ""n_blocks"": 4, ""learning_rate"": 1e-05}",qid_alibi,1e-05,42,0.05,,,,,256.0,128.0,8.0,,4.0,,,,,,,,,,,,,,,,,,,,,,,,,,,,,,,,,,,,,,,,,,,,,,,
folibikt.csv,folibikt,algebra2005,3,"{""emb_type"": ""qid_alibi"", ""seed"": 42, ""dropout"": 0.05, ""d_model"": 256, ""d_ff"": 256, ""num_attn_heads"": 4, ""n_blocks"": 2, ""learning_rate"": 0.0001}",qid_alibi,0.0001,42,0.05,,,,,256.0,256.0,4.0,,2.0,,,,,,,,,,,,,,,,,,,,,,,,,,,,,,,,,,,,,,,,,,,,,,,
folibikt.csv,folibikt,algebra2005,4,"{""emb_type"": ""qid_alibi"", ""seed"": 42, ""dropout"": 0.05, ""d_model"": 256, ""d_ff"": 128, ""num_attn_heads"": 8, ""n_blocks"": 4, ""learning_rate"": 1e-05}",qid_alibi,1e-05,42,0.05,,,,,256.0,128.0,8.0,,4.0,,,,,,,,,,,,,,,,,,,,,,,,,,,,,,,,,,,,,,,,,,,,,,,
folibikt.csv,folibikt,assist2009,0,"{""emb_type"": ""qid_alibi"", ""seed"": 3407, ""dropout"": 0.1, ""d_model"": 64, ""d_ff"": 256, ""num_attn_heads"": 8, ""n_blocks"": 4, ""learning_rate"": 0.0001}",qid_alibi,0.0001,3407,0.1,,,,,64.0,256.0,8.0,,4.0,,,,,,,,,,,,,,,,,,,,,,,,,,,,,,,,,,,,,,,,,,,,,,,
folibikt.csv,folibikt,assist2009,1,"{""emb_type"": ""qid_alibi"", ""seed"": 3407, ""dropout"": 0.1, ""d_model"": 128, ""d_ff"": 64, ""num_attn_heads"": 4, ""n_blocks"": 4, ""learning_rate"": 0.001}",qid_alibi,0.001,3407,0.1,,,,,128.0,64.0,4.0,,4.0,,,,,,,,,,,,,,,,,,,,,,,,,,,,,,,,,,,,,,,,,,,,,,,
folibikt.csv,folibikt,assist2009,2,"{""emb_type"": ""qid_alibi"", ""seed"": 3407, ""dropout"": 0.05, ""d_model"": 64, ""d_ff"": 128, ""num_attn_heads"": 8, ""n_blocks"": 4, ""learning_rate"": 0.001}",qid_alibi,0.001,3407,0.05,,,,,64.0,128.0,8.0,,4.0,,,,,,,,,,,,,,,,,,,,,,,,,,,,,,,,,,,,,,,,,,,,,,,
folibikt.csv,folibikt,assist2009,3,"{""emb_type"": ""qid_alibi"", ""seed"": 3407, ""dropout"": 0.05, ""d_model"": 64, ""d_ff"": 256, ""num_attn_heads"": 4, ""n_blocks"": 4, ""learning_rate"": 0.0001}",qid_alibi,0.0001,3407,0.05,,,,,64.0,256.0,4.0,,4.0,,,,,,,,,,,,,,,,,,,,,,,,,,,,,,,,,,,,,,,,,,,,,,,
folibikt.csv,folibikt,assist2009,4,"{""emb_type"": ""qid_alibi"", ""seed"": 3407, ""dropout"": 0.3, ""d_model"": 128, ""d_ff"": 256, ""num_attn_heads"": 8, ""n_blocks"": 2, ""learning_rate"": 0.001}",qid_alibi,0.001,3407,0.3,,,,,128.0,256.0,8.0,,2.0,,,,,,,,,,,,,,,,,,,,,,,,,,,,,,,,,,,,,,,,,,,,,,,
folibikt.csv,folibikt,assist2015,0,"{""emb_type"": ""qid_alibi"", ""seed"": 42, ""dropout"": 0.05, ""d_model"": 256, ""d_ff"": 128, ""num_attn_heads"": 8, ""n_blocks"": 2, ""learning_rate"": 0.0001}",qid_alibi,0.0001,42,0.05,,,,,256.0,128.0,8.0,,2.0,,,,,,,,,,,,,,,,,,,,,,,,,,,,,,,,,,,,,,,,,,,,,,,
folibikt.csv,folibikt,assist2015,1,"{""emb_type"": ""qid_alibi"", ""seed"": 3407, ""dropout"": 0.05, ""d_model"": 128, ""d_ff"": 256, ""num_attn_heads"": 4, ""n_blocks"": 2, ""learning_rate"": 0.0001}",qid_alibi,0.0001,3407,0.05,,,,,128.0,256.0,4.0,,2.0,,,,,,,,,,,,,,,,,,,,,,,,,,,,,,,,,,,,,,,,,,,,,,,
folibikt.csv,folibikt,assist2015,2,"{""emb_type"": ""qid_alibi"", ""seed"": 3407, ""dropout"": 0.05, ""d_model"": 256, ""d_ff"": 128, ""num_attn_heads"": 8, ""n_blocks"": 4, ""learning_rate"": 1e-05}",qid_alibi,1e-05,3407,0.05,,,,,256.0,128.0,8.0,,4.0,,,,,,,,,,,,,,,,,,,,,,,,,,,,,,,,,,,,,,,,,,,,,,,
folibikt.csv,folibikt,assist2015,3,"{""emb_type"": ""qid_alibi"", ""seed"": 42, ""dropout"": 0.05, ""d_model"": 256, ""d_ff"": 64, ""num_attn_heads"": 4, ""n_blocks"": 4, ""learning_rate"": 1e-05}",qid_alibi,1e-05,42,0.05,,,,,256.0,64.0,4.0,,4.0,,,,,,,,,,,,,,,,,,,,,,,,,,,,,,,,,,,,,,,,,,,,,,,
folibikt.csv,folibikt,assist2015,4,"{""emb_type"": ""qid_alibi"", ""seed"": 3407, ""dropout"": 0.05, ""d_model"": 256, ""d_ff"": 128, ""num_attn_heads"": 8, ""n_blocks"": 4, ""learning_rate"": 1e-05}",qid_alibi,1e-05,3407,0.05,,,,,256.0,128.0,8.0,,4.0,,,,,,,,,,,,,,,,,,,,,,,,,,,,,,,,,,,,,,,,,,,,,,,
folibikt.csv,folibikt,bridge2algebra2006,0,"{""emb_type"": ""qid_alibi"", ""seed"": 3407, ""dropout"": 0.05, ""d_model"": 256, ""d_ff"": 128, ""num_attn_heads"": 8, ""n_blocks"": 4, ""learning_rate"": 0.0001}",qid_alibi,0.0001,3407,0.05,,,,,256.0,128.0,8.0,,4.0,,,,,,,,,,,,,,,,,,,,,,,,,,,,,,,,,,,,,,,,,,,,,,,
folibikt.csv,folibikt,bridge2algebra2006,1,"{""emb_type"": ""qid_alibi"", ""seed"": 3407, ""dropout"": 0.05, ""d_model"": 256, ""d_ff"": 128, ""num_attn_heads"": 8, ""n_blocks"": 4, ""learning_rate"": 0.0001}",qid_alibi,0.0001,3407,0.05,,,,,256.0,128.0,8.0,,4.0,,,,,,,,,,,,,,,,,,,,,,,,,,,,,,,,,,,,,,,,,,,,,,,
folibikt.csv,folibikt,bridge2algebra2006,2,"{""emb_type"": ""qid_alibi"", ""seed"": 3407, ""dropout"": 0.05, ""d_model"": 256, ""d_ff"": 128, ""num_attn_heads"": 8, ""n_blocks"": 4, ""learning_rate"": 0.0001}",qid_alibi,0.0001,3407,0.05,,,,,256.0,128.0,8.0,,4.0,,,,,,,,,,,,,,,,,,,,,,,,,,,,,,,,,,,,,,,,,,,,,,,
folibikt.csv,folibikt,bridge2algebra2006,3,"{""emb_type"": ""qid_alibi"", ""seed"": 42, ""dropout"": 0.05, ""d_model"": 256, ""d_ff"": 64, ""num_attn_heads"": 4, ""n_blocks"": 4, ""learning_rate"": 0.0001}",qid_alibi,0.0001,42,0.05,,,,,256.0,64.0,4.0,,4.0,,,,,,,,,,,,,,,,,,,,,,,,,,,,,,,,,,,,,,,,,,,,,,,
folibikt.csv,folibikt,bridge2algebra2006,4,"{""emb_type"": ""qid_alibi"", ""seed"": 42, ""dropout"": 0.1, ""d_model"": 256, ""d_ff"": 128, ""num_attn_heads"": 8, ""n_blocks"": 2, ""learning_rate"": 0.0001}",qid_alibi,0.0001,42,0.1,,,,,256.0,128.0,8.0,,2.0,,,,,,,,,,,,,,,,,,,,,,,,,,,,,,,,,,,,,,,,,,,,,,,
folibikt.csv,folibikt,ednet,0,"{""emb_type"": ""qid_alibi"", ""seed"": 42, ""dropout"": 0.1, ""d_model"": 128, ""d_ff"": 64, ""num_attn_heads"": 8, ""n_blocks"": 2, ""learning_rate"": 0.001}",qid_alibi,0.001,42,0.1,,,,,128.0,64.0,8.0,,2.0,,,,,,,,,,,,,,,,,,,,,,,,,,,,,,,,,,,,,,,,,,,,,,,
folibikt.csv,folibikt,ednet,1,"{""emb_type"": ""qid_alibi"", ""seed"": 42, ""dropout"": 0.1, ""d_model"": 64, ""d_ff"": 64, ""num_attn_heads"": 4, ""n_blocks"": 4, ""learning_rate"": 0.001}",qid_alibi,0.001,42,0.1,,,,,64.0,64.0,4.0,,4.0,,,,,,,,,,,,,,,,,,,,,,,,,,,,,,,,,,,,,,,,,,,,,,,
folibikt.csv,folibikt,ednet,2,"{""emb_type"": ""qid_alibi"", ""seed"": 42, ""dropout"": 0.1, ""d_model"": 64, ""d_ff"": 128, ""num_attn_heads"": 8, ""n_blocks"": 4, ""learning_rate"": 0.001}",qid_alibi,0.001,42,0.1,,,,,64.0,128.0,8.0,,4.0,,,,,,,,,,,,,,,,,,,,,,,,,,,,,,,,,,,,,,,,,,,,,,,
folibikt.csv,folibikt,ednet,3,"{""emb_type"": ""qid_alibi"", ""seed"": 3407, ""dropout"": 0.1, ""d_model"": 64, ""d_ff"": 256, ""num_attn_heads"": 4, ""n_blocks"": 4, ""learning_rate"": 0.001}",qid_alibi,0.001,3407,0.1,,,,,64.0,256.0,4.0,,4.0,,,,,,,,,,,,,,,,,,,,,,,,,,,,,,,,,,,,,,,,,,,,,,,
folibikt.csv,folibikt,ednet,4,"{""emb_type"": ""qid_alibi"", ""seed"": 3407, ""dropout"": 0.1, ""d_model"": 64, ""d_ff"": 256, ""num_attn_heads"": 8, ""n_blocks"": 4, ""learning_rate"": 0.001}",qid_alibi,0.001,3407,0.1,,,,,64.0,256.0,8.0,,4.0,,,,,,,,,,,,,,,,,,,,,,,,,,,,,,,,,,,,,,,,,,,,,,,
folibikt.csv,folibikt,ednet5w,0,"{""emb_type"": ""qid_alibi"", ""seed"": 3407, ""dropout"": 0.05, ""d_model"": 64, ""d_ff"": 64, ""num_attn_heads"": 4, ""n_blocks"": 4, ""learning_rate"": 0.001}",qid_alibi,0.001,3407,0.05,,,,,64.0,64.0,4.0,,4.0,,,,,,,,,,,,,,,,,,,,,,,,,,,,,,,,,,,,,,,,,,,,,,,
folibikt.csv,folibikt,ednet5w,1,"{""emb_type"": ""qid_alibi"", ""seed"": 42, ""dropout"": 0.05, ""d_model"": 128, ""d_ff"": 256, ""num_attn_heads"": 4, ""n_blocks"": 4, ""learning_rate"": 0.0001}",qid_alibi,0.0001,42,0.05,,,,,128.0,256.0,4.0,,4.0,,,,,,,,,,,,,,,,,,,,,,,,,,,,,,,,,,,,,,,,,,,,,,,
folibikt.csv,folibikt,ednet5w,2,"{""emb_type"": ""qid_alibi"", ""seed"": 3407, ""dropout"": 0.1, ""d_model"": 64, ""d_ff"": 64, ""num_attn_heads"": 4, ""n_blocks"": 4, ""learning_rate"": 0.001}",qid_alibi,0.001,3407,0.1,,,,,64.0,64.0,4.0,,4.0,,,,,,,,,,,,,,,,,,,,,,,,,,,,,,,,,,,,,,,,,,,,,,,
folibikt.csv,folibikt,ednet5w,3,"{""emb_type"": ""qid_alibi"", ""seed"": 3407, ""dropout"": 0.05, ""d_model"": 64, ""d_ff"": 64, ""num_attn_heads"": 4, ""n_blocks"": 2, ""learning_rate"": 0.001}",qid_alibi,0.001,3407,0.05,,,,,64.0,64.0,4.0,,2.0,,,,,,,,,,,,,,,,,,,,,,,,,,,,,,,,,,,,,,,,,,,,,,,
folibikt.csv,folibikt,ednet5w,4,"{""emb_type"": ""qid_alibi"", ""seed"": 42, ""dropout"": 0.05, ""d_model"": 128, ""d_ff"": 64, ""num_attn_heads"": 4, ""n_blocks"": 2, ""learning_rate"": 0.001}",qid_alibi,0.001,42,0.05,,,,,128.0,64.0,4.0,,2.0,,,,,,,,,,,,,,,,,,,,,,,,,,,,,,,,,,,,,,,,,,,,,,,
folibikt.csv,folibikt,nips_task34,0,"{""emb_type"": ""qid_alibi"", ""seed"": 3407, ""dropout"": 0.3, ""d_model"": 64, ""d_ff"": 128, ""num_attn_heads"": 8, ""n_blocks"": 4, ""learning_rate"": 0.001}",qid_alibi,0.001,3407,0.3,,,,,64.0,128.0,8.0,,4.0,,,,,,,,,,,,,,,,,,,,,,,,,,,,,,,,,,,,,,,,,,,,,,,
folibikt.csv,folibikt,nips_task34,1,"{""emb_type"": ""qid_alibi"", ""seed"": 3407, ""dropout"": 0.3, ""d_model"": 64, ""d_ff"": 64, ""num_attn_heads"": 8, ""n_blocks"": 4, ""learning_rate"": 0.001}",qid_alibi,0.001,3407,0.3,,,,,64.0,64.0,8.0,,4.0,,,,,,,,,,,,,,,,,,,,,,,,,,,,,,,,,,,,,,,,,,,,,,,
folibikt.csv,folibikt,nips_task34,2,"{""emb_type"": ""qid_alibi"", ""seed"": 3407, ""dropout"": 0.3, ""d_model"": 64, ""d_ff"": 256, ""num_attn_heads"": 8, ""n_blocks"": 4, ""learning_rate"": 0.001}",qid_alibi,0.001,3407,0.3,,,,,64.0,256.0,8.0,,4.0,,,,,,,,,,,,,,,,,,,,,,,,,,,,,,,,,,,,,,,,,,,,,,,
folibikt.csv,folibikt,nips_task34,3,"{""emb_type"": ""qid_alibi"", ""seed"": 42, ""dropout"": 0.1, ""d_model"": 128, ""d_ff"": 128, ""num_attn_heads"": 8, ""n_blocks"": 4, ""learning_rate"": 0.001}",qid_alibi,0.001,42,0.1,,,,,128.0,128.0,8.0,,4.0,,,,,,,,,,,,,,,,,,,,,,,,,,,,,,,,,,,,,,,,,,,,,,,
folibikt.csv,folibikt,nips_task34,4,"{""emb_type"": ""qid_alibi"", ""seed"": 3407, ""dropout"": 0.3, ""d_model"": 64, ""d_ff"": 128, ""num_attn_heads"": 8, ""n_blocks"": 4, ""learning_rate"": 0.001}",qid_alibi,0.001,3407,0.3,,,,,64.0,128.0,8.0,,4.0,,,,,,,,,,,,,,,,,,,,,,,,,,,,,,,,,,,,,,,,,,,,,,,
folibikt.csv,folibikt,peiyou,0,"{""emb_type"": ""qid_alibi"", ""seed"": 3407, ""dropout"": 0.1, ""d_model"": 128, ""d_ff"": 256, ""num_attn_heads"": 4, ""n_blocks"": 4, ""learning_rate"": 0.001}",qid_alibi,0.001,3407,0.1,,,,,128.0,256.0,4.0,,4.0,,,,,,,,,,,,,,,,,,,,,,,,,,,,,,,,,,,,,,,,,,,,,,,
folibikt.csv,folibikt,peiyou,1,"{""emb_type"": ""qid_alibi"", ""seed"": 3407, ""dropout"": 0.1, ""d_model"": 128, ""d_ff"": 128, ""num_attn_heads"": 8, ""n_blocks"": 4, ""learning_rate"": 0.001}",qid_alibi,0.001,3407,0.1,,,,,128.0,128.0,8.0,,4.0,,,,,,,,,,,,,,,,,,,,,,,,,,,,,,,,,,,,,,,,,,,,,,,
folibikt.csv,folibikt,peiyou,2,"{""emb_type"": ""qid_alibi"", ""seed"": 3407, ""dropout"": 0.1, ""d_model"": 128, ""d_ff"": 128, ""num_attn_heads"": 8, ""n_blocks"": 4, ""learning_rate"": 0.001}",qid_alibi,0.001,3407,0.1,,,,,128.0,128.0,8.0,,4.0,,,,,,,,,,,,,,,,,,,,,,,,,,,,,,,,,,,,,,,,,,,,,,,
folibikt.csv,folibikt,peiyou,3,"{""emb_type"": ""qid_alibi"", ""seed"": 42, ""dropout"": 0.1, ""d_model"": 64, ""d_ff"": 256, ""num_attn_heads"": 8, ""n_blocks"": 4, ""learning_rate"": 0.001}",qid_alibi,0.001,42,0.1,,,,,64.0,256.0,8.0,,4.0,,,,,,,,,,,,,,,,,,,,,,,,,,,,,,,,,,,,,,,,,,,,,,,
folibikt.csv,folibikt,peiyou,4,"{""emb_type"": ""qid_alibi"", ""seed"": 42, ""dropout"": 0.1, ""d_model"": 64, ""d_ff"": 128, ""num_attn_heads"": 8, ""n_blocks"": 4, ""learning_rate"": 0.001}",qid_alibi,0.001,42,0.1,,,,,64.0,128.0,8.0,,4.0,,,,,,,,,,,,,,,,,,,,,,,,,,,,,,,,,,,,,,,,,,,,,,,
folibikt.csv,folibikt,poj,0,"{""emb_type"": ""qid_alibi"", ""seed"": 42, ""dropout"": 0.05, ""d_model"": 256, ""d_ff"": 128, ""num_attn_heads"": 8, ""n_blocks"": 4, ""learning_rate"": 1e-05}",qid_alibi,1e-05,42,0.05,,,,,256.0,128.0,8.0,,4.0,,,,,,,,,,,,,,,,,,,,,,,,,,,,,,,,,,,,,,,,,,,,,,,
folibikt.csv,folibikt,poj,1,"{""emb_type"": ""qid_alibi"", ""seed"": 3407, ""dropout"": 0.1, ""d_model"": 256, ""d_ff"": 256, ""num_attn_heads"": 8, ""n_blocks"": 2, ""learning_rate"": 1e-05}",qid_alibi,1e-05,3407,0.1,,,,,256.0,256.0,8.0,,2.0,,,,,,,,,,,,,,,,,,,,,,,,,,,,,,,,,,,,,,,,,,,,,,,
folibikt.csv,folibikt,poj,2,"{""emb_type"": ""qid_alibi"", ""seed"": 3407, ""dropout"": 0.1, ""d_model"": 128, ""d_ff"": 256, ""num_attn_heads"": 8, ""n_blocks"": 2, ""learning_rate"": 0.0001}",qid_alibi,0.0001,3407,0.1,,,,,128.0,256.0,8.0,,2.0,,,,,,,,,,,,,,,,,,,,,,,,,,,,,,,,,,,,,,,,,,,,,,,
folibikt.csv,folibikt,poj,3,"{""emb_type"": ""qid_alibi"", ""seed"": 3407, ""dropout"": 0.1, ""d_model"": 128, ""d_ff"": 128, ""num_attn_heads"": 8, ""n_blocks"": 4, ""learning_rate"": 0.0001}",qid_alibi,0.0001,3407,0.1,,,,,128.0,128.0,8.0,,4.0,,,,,,,,,,,,,,,,,,,,,,,,,,,,,,,,,,,,,,,,,,,,,,,
folibikt.csv,folibikt,poj,4,"{""emb_type"": ""qid_alibi"", ""seed"": 3407, ""dropout"": 0.1, ""d_model"": 128, ""d_ff"": 128, ""num_attn_heads"": 8, ""n_blocks"": 2, ""learning_rate"": 0.0001}",qid_alibi,0.0001,3407,0.1,,,,,128.0,128.0,8.0,,2.0,,,,,,,,,,,,,,,,,,,,,,,,,,,,,,,,,,,,,,,,,,,,,,,
folibikt.csv,folibikt,statics2011,0,"{""emb_type"": ""qid_alibi"", ""seed"": 3407, ""dropout"": 0.3, ""d_model"": 64, ""d_ff"": 64, ""num_attn_heads"": 4, ""n_blocks"": 2, ""learning_rate"": 0.001}",qid_alibi,0.001,3407,0.3,,,,,64.0,64.0,4.0,,2.0,,,,,,,,,,,,,,,,,,,,,,,,,,,,,,,,,,,,,,,,,,,,,,,
folibikt.csv,folibikt,statics2011,1,"{""emb_type"": ""qid_alibi"", ""seed"": 42, ""dropout"": 0.3, ""d_model"": 64, ""d_ff"": 256, ""num_attn_heads"": 8, ""n_blocks"": 2, ""learning_rate"": 0.001}",qid_alibi,0.001,42,0.3,,,,,64.0,256.0,8.0,,2.0,,,,,,,,,,,,,,,,,,,,,,,,,,,,,,,,,,,,,,,,,,,,,,,
folibikt.csv,folibikt,statics2011,2,"{""emb_type"": ""qid_alibi"", ""seed"": 3407, ""dropout"": 0.3, ""d_model"": 128, ""d_ff"": 256, ""num_attn_heads"": 8, ""n_blocks"": 2, ""learning_rate"": 0.001}",qid_alibi,0.001,3407,0.3,,,,,128.0,256.0,8.0,,2.0,,,,,,,,,,,,,,,,,,,,,,,,,,,,,,,,,,,,,,,,,,,,,,,
folibikt.csv,folibikt,statics2011,3,"{""emb_type"": ""qid_alibi"", ""seed"": 3407, ""dropout"": 0.3, ""d_model"": 64, ""d_ff"": 128, ""num_attn_heads"": 8, ""n_blocks"": 2, ""learning_rate"": 0.001}",qid_alibi,0.001,3407,0.3,,,,,64.0,128.0,8.0,,2.0,,,,,,,,,,,,,,,,,,,,,,,,,,,,,,,,,,,,,,,,,,,,,,,
folibikt.csv,folibikt,statics2011,4,"{""emb_type"": ""qid_alibi"", ""seed"": 42, ""dropout"": 0.3, ""d_model"": 64, ""d_ff"": 256, ""num_attn_heads"": 8, ""n_blocks"": 2, ""learning_rate"": 0.001}",qid_alibi,0.001,42,0.3,,,,,64.0,256.0,8.0,,2.0,,,,,,,,,,,,,,,,,,,,,,,,,,,,,,,,,,,,,,,,,,,,,,,
gkt.csv,gkt,algebra2005,0,"{""emb_type"": ""qid"", ""emb_size"": 64, ""graph_type"": ""transition"", ""dropout"": 0.5, ""seed"": 42, ""hidden_dim"": 64, ""learning_rate"": 0.001}",qid,0.001,42,0.5,,,,64.0,,,,,,,64.0,,,,,,,,,,,,,,,,,,,,,,,transition,,,,,,,,,,,,,,,,,,,,,,
gkt.csv,gkt,algebra2005,1,"{""emb_type"": ""qid"", ""emb_size"": 64, ""graph_type"": ""transition"", ""dropout"": 0.3, ""seed"": 42, ""hidden_dim"": 64, ""learning_rate"": 0.001}",qid,0.001,42,0.3,,,,64.0,,,,,,,64.0,,,,,,,,,,,,,,,,,,,,,,,transition,,,,,,,,,,,,,,,,,,,,,,
gkt.csv,gkt,algebra2005,2,"{""emb_type"": ""qid"", ""emb_size"": 64, ""graph_type"": ""transition"", ""dropout"": 0.3, ""seed"": 3407, ""hidden_dim"": 64, ""learning_rate"": 0.001}",qid,0.001,3407,0.3,,,,64.0,,,,,,,64.0,,,,,,,,,,,,,,,,,,,,,,,transition,,,,,,,,,,,,,,,,,,,,,,
gkt.csv,gkt,algebra2005,3,"{""emb_type"": ""qid"", ""emb_size"": 64, ""graph_type"": ""transition"", ""dropout"": 0.3, ""seed"": 3407, ""hidden_dim"": 64, ""learning_rate"": 0.001}",qid,0.001,3407,0.3,,,,64.0,,,,,,,64.0,,,,,,,,,,,,,,,,,,,,,,,transition,,,,,,,,,,,,,,,,,,,,,,
gkt.csv,gkt,algebra2005,4,"{""emb_type"": ""qid"", ""emb_size"": 64, ""graph_type"": ""transition"", ""dropout"": 0.5, ""seed"": 42, ""hidden_dim"": 64, ""learning_rate"": 0.001}",qid,0.001,42,0.5,,,,64.0,,,,,,,64.0,,,,,,,,,,,,,,,,,,,,,,,transition,,,,,,,,,,,,,,,,,,,,,,
gkt.csv,gkt,assist2009,0,"{""emb_type"": ""qid"", ""emb_size"": 64, ""graph_type"": ""transition"", ""dropout"": 0.5, ""seed"": 42, ""hidden_dim"": 64, ""learning_rate"": 0.001}",qid,0.001,42,0.5,,,,64.0,,,,,,,64.0,,,,,,,,,,,,,,,,,,,,,,,transition,,,,,,,,,,,,,,,,,,,,,,
gkt.csv,gkt,assist2009,1,"{""emb_type"": ""qid"", ""emb_size"": 64, ""graph_type"": ""transition"", ""dropout"": 0.5, ""seed"": 42, ""hidden_dim"": 64, ""learning_rate"": 0.001}",qid,0.001,42,0.5,,,,64.0,,,,,,,64.0,,,,,,,,,,,,,,,,,,,,,,,transition,,,,,,,,,,,,,,,,,,,,,,
gkt.csv,gkt,assist2009,2,"{""emb_type"": ""qid"", ""emb_size"": 64, ""graph_type"": ""transition"", ""dropout"": 0.5, ""seed"": 42, ""hidden_dim"": 64, ""learning_rate"": 0.001}",qid,0.001,42,0.5,,,,64.0,,,,,,,64.0,,,,,,,,,,,,,,,,,,,,,,,transition,,,,,,,,,,,,,,,,,,,,,,
gkt.csv,gkt,assist2009,3,"{""emb_type"": ""qid"", ""emb_size"": 64, ""graph_type"": ""transition"", ""dropout"": 0.5, ""seed"": 42, ""hidden_dim"": 64, ""learning_rate"": 0.001}",qid,0.001,42,0.5,,,,64.0,,,,,,,64.0,,,,,,,,,,,,,,,,,,,,,,,transition,,,,,,,,,,,,,,,,,,,,,,
gkt.csv,gkt,assist2009,4,"{""emb_type"": ""qid"", ""emb_size"": 64, ""graph_type"": ""transition"", ""dropout"": 0.3, ""seed"": 3407, ""hidden_dim"": 64, ""learning_rate"": 0.001}",qid,0.001,3407,0.3,,,,64.0,,,,,,,64.0,,,,,,,,,,,,,,,,,,,,,,,transition,,,,,,,,,,,,,,,,,,,,,,
gkt.csv,gkt,assist2015,0,"{""emb_type"": ""qid"", ""emb_size"": 64, ""graph_type"": ""transition"", ""dropout"": 0.5, ""seed"": 42, ""hidden_dim"": 64, ""learning_rate"": 0.001}",qid,0.001,42,0.5,,,,64.0,,,,,,,64.0,,,,,,,,,,,,,,,,,,,,,,,transition,,,,,,,,,,,,,,,,,,,,,,
gkt.csv,gkt,assist2015,1,"{""emb_type"": ""qid"", ""emb_size"": 64, ""graph_type"": ""transition"", ""dropout"": 0.5, ""seed"": 3407, ""hidden_dim"": 64, ""learning_rate"": 0.001}",qid,0.001,3407,0.5,,,,64.0,,,,,,,64.0,,,,,,,,,,,,,,,,,,,,,,,transition,,,,,,,,,,,,,,,,,,,,,,
gkt.csv,gkt,assist2015,2,"{""emb_type"": ""qid"", ""emb_size"": 64, ""graph_type"": ""transition"", ""dropout"": 0.5, ""seed"": 3407, ""hidden_dim"": 64, ""learning_rate"": 0.0001}",qid,0.0001,3407,0.5,,,,64.0,,,,,,,64.0,,,,,,,,,,,,,,,,,,,,,,,transition,,,,,,,,,,,,,,,,,,,,,,
gkt.csv,gkt,assist2015,3,"{""emb_type"": ""qid"", ""emb_size"": 64, ""graph_type"": ""transition"", ""dropout"": 0.5, ""seed"": 42, ""hidden_dim"": 64, ""learning_rate"": 0.001}",qid,0.001,42,0.5,,,,64.0,,,,,,,64.0,,,,,,,,,,,,,,,,,,,,,,,transition,,,,,,,,,,,,,,,,,,,,,,
gkt.csv,gkt,assist2015,4,"{""emb_type"": ""qid"", ""emb_size"": 64, ""graph_type"": ""transition"", ""dropout"": 0.5, ""seed"": 3407, ""hidden_dim"": 64, ""learning_rate"": 0.001}",qid,0.001,3407,0.5,,,,64.0,,,,,,,64.0,,,,,,,,,,,,,,,,,,,,,,,transition,,,,,,,,,,,,,,,,,,,,,,
gkt.csv,gkt,bridge2algebra2006,0,"{""emb_type"": ""qid"", ""emb_size"": 64, ""graph_type"": ""transition"", ""dropout"": 0.5, ""seed"": 42, ""hidden_dim"": 64, ""learning_rate"": 0.001}",qid,0.001,42,0.5,,,,64.0,,,,,,,64.0,,,,,,,,,,,,,,,,,,,,,,,transition,,,,,,,,,,,,,,,,,,,,,,
gkt.csv,gkt,bridge2algebra2006,1,"{""emb_type"": ""qid"", ""emb_size"": 64, ""graph_type"": ""transition"", ""dropout"": 0.5, ""seed"": 42, ""hidden_dim"": 64, ""learning_rate"": 0.001}",qid,0.001,42,0.5,,,,64.0,,,,,,,64.0,,,,,,,,,,,,,,,,,,,,,,,transition,,,,,,,,,,,,,,,,,,,,,,
gkt.csv,gkt,bridge2algebra2006,2,"{""emb_type"": ""qid"", ""emb_size"": 64, ""graph_type"": ""transition"", ""dropout"": 0.5, ""seed"": 42, ""hidden_dim"": 64, ""learning_rate"": 0.001}",qid,0.001,42,0.5,,,,64.0,,,,,,,64.0,,,,,,,,,,,,,,,,,,,,,,,transition,,,,,,,,,,,,,,,,,,,,,,
gkt.csv,gkt,bridge2algebra2006,3,"{""emb_type"": ""qid"", ""emb_size"": 64, ""graph_type"": ""transition"", ""dropout"": 0.5, ""seed"": 42, ""hidden_dim"": 64, ""learning_rate"": 0.001}",qid,0.001,42,0.5,,,,64.0,,,,,,,64.0,,,,,,,,,,,,,,,,,,,,,,,transition,,,,,,,,,,,,,,,,,,,,,,
gkt.csv,gkt,bridge2algebra2006,4,"{""emb_type"": ""qid"", ""emb_size"": 64, ""graph_type"": ""transition"", ""dropout"": 0.5, ""seed"": 42, ""hidden_dim"": 64, ""learning_rate"": 0.001}",qid,0.001,42,0.5,,,,64.0,,,,,,,64.0,,,,,,,,,,,,,,,,,,,,,,,transition,,,,,,,,,,,,,,,,,,,,,,
gkt.csv,gkt,ednet,0,"{""emb_type"": ""qid"", ""emb_size"": 64, ""graph_type"": ""transition"", ""dropout"": 0.5, ""seed"": 42, ""hidden_dim"": 64, ""learning_rate"": 0.001}",qid,0.001,42,0.5,,,,64.0,,,,,,,64.0,,,,,,,,,,,,,,,,,,,,,,,transition,,,,,,,,,,,,,,,,,,,,,,
gkt.csv,gkt,ednet,1,"{""emb_type"": ""qid"", ""emb_size"": 64, ""graph_type"": ""transition"", ""dropout"": 0.5, ""seed"": 3407, ""hidden_dim"": 64, ""learning_rate"": 0.001}",qid,0.001,3407,0.5,,,,64.0,,,,,,,64.0,,,,,,,,,,,,,,,,,,,,,,,transition,,,,,,,,,,,,,,,,,,,,,,
gkt.csv,gkt,ednet,2,"{""emb_type"": ""qid"", ""emb_size"": 64, ""graph_type"": ""transition"", ""dropout"": 0.3, ""seed"": 3407, ""hidden_dim"": 64, ""learning_rate"": 0.001}",qid,0.001,3407,0.3,,,,64.0,,,,,,,64.0,,,,,,,,,,,,,,,,,,,,,,,transition,,,,,,,,,,,,,,,,,,,,,,
gkt.csv,gkt,ednet,3,"{""emb_type"": ""qid"", ""emb_size"": 64, ""graph_type"": ""transition"", ""dropout"": 0.3, ""seed"": 3407, ""hidden_dim"": 64, ""learning_rate"": 0.001}",qid,0.001,3407,0.3,,,,64.0,,,,,,,64.0,,,,,,,,,,,,,,,,,,,,,,,transition,,,,,,,,,,,,,,,,,,,,,,
gkt.csv,gkt,ednet,4,"{""emb_type"": ""qid"", ""emb_size"": 64, ""graph_type"": ""transition"", ""dropout"": 0.5, ""seed"": 3407, ""hidden_dim"": 64, ""learning_rate"": 0.001}",qid,0.001,3407,0.5,,,,64.0,,,,,,,64.0,,,,,,,,,,,,,,,,,,,,,,,transition,,,,,,,,,,,,,,,,,,,,,,
gkt.csv,gkt,nips_task34,0,"{""emb_type"": ""qid"", ""emb_size"": 64, ""graph_type"": ""transition"", ""dropout"": 0.5, ""seed"": 3407, ""hidden_dim"": 64, ""learning_rate"": 0.001}",qid,0.001,3407,0.5,,,,64.0,,,,,,,64.0,,,,,,,,,,,,,,,,,,,,,,,transition,,,,,,,,,,,,,,,,,,,,,,
gkt.csv,gkt,nips_task34,1,"{""emb_type"": ""qid"", ""emb_size"": 64, ""graph_type"": ""transition"", ""dropout"": 0.5, ""seed"": 3407, ""hidden_dim"": 64, ""learning_rate"": 0.001}",qid,0.001,3407,0.5,,,,64.0,,,,,,,64.0,,,,,,,,,,,,,,,,,,,,,,,transition,,,,,,,,,,,,,,,,,,,,,,
gkt.csv,gkt,nips_task34,2,"{""emb_type"": ""qid"", ""emb_size"": 64, ""graph_type"": ""transition"", ""dropout"": 0.5, ""seed"": 3407, ""hidden_dim"": 64, ""learning_rate"": 0.001}",qid,0.001,3407,0.5,,,,64.0,,,,,,,64.0,,,,,,,,,,,,,,,,,,,,,,,transition,,,,,,,,,,,,,,,,,,,,,,
gkt.csv,gkt,nips_task34,3,"{""emb_type"": ""qid"", ""emb_size"": 64, ""graph_type"": ""transition"", ""dropout"": 0.5, ""seed"": 3407, ""hidden_dim"": 64, ""learning_rate"": 0.001}",qid,0.001,3407,0.5,,,,64.0,,,,,,,64.0,,,,,,,,,,,,,,,,,,,,,,,transition,,,,,,,,,,,,,,,,,,,,,,
gkt.csv,gkt,nips_task34,4,"{""emb_type"": ""qid"", ""emb_size"": 64, ""graph_type"": ""transition"", ""dropout"": 0.5, ""seed"": 42, ""hidden_dim"": 64, ""learning_rate"": 0.001}",qid,0.001,42,0.5,,,,64.0,,,,,,,64.0,,,,,,,,,,,,,,,,,,,,,,,transition,,,,,,,,,,,,,,,,,,,,,,
gkt.csv,gkt,poj,0,"{""emb_type"": ""qid"", ""emb_size"": 16, ""graph_type"": ""transition"", ""dropout"": 0.5, ""seed"": 42, ""hidden_dim"": 16, ""learning_rate"": 0.001}",qid,0.001,42,0.5,,,,16.0,,,,,,,16.0,,,,,,,,,,,,,,,,,,,,,,,transition,,,,,,,,,,,,,,,,,,,,,,
gkt.csv,gkt,poj,1,"{""emb_type"": ""qid"", ""emb_size"": 16, ""graph_type"": ""transition"", ""dropout"": 0.5, ""seed"": 42, ""hidden_dim"": 16, ""learning_rate"": 0.001}",qid,0.001,42,0.5,,,,16.0,,,,,,,16.0,,,,,,,,,,,,,,,,,,,,,,,transition,,,,,,,,,,,,,,,,,,,,,,
gkt.csv,gkt,poj,2,"{""emb_type"": ""qid"", ""emb_size"": 16, ""graph_type"": ""transition"", ""dropout"": 0.5, ""seed"": 42, ""hidden_dim"": 16, ""learning_rate"": 0.001}",qid,0.001,42,0.5,,,,16.0,,,,,,,16.0,,,,,,,,,,,,,,,,,,,,,,,transition,,,,,,,,,,,,,,,,,,,,,,
gkt.csv,gkt,poj,3,"{""emb_type"": ""qid"", ""emb_size"": 16, ""graph_type"": ""transition"", ""dropout"": 0.3, ""seed"": 42, ""hidden_dim"": 16, ""learning_rate"": 0.001}",qid,0.001,42,0.3,,,,16.0,,,,,,,16.0,,,,,,,,,,,,,,,,,,,,,,,transition,,,,,,,,,,,,,,,,,,,,,,
gkt.csv,gkt,poj,4,"{""emb_type"": ""qid"", ""emb_size"": 16, ""graph_type"": ""transition"", ""dropout"": 0.5, ""seed"": 42, ""hidden_dim"": 16, ""learning_rate"": 0.001}",qid,0.001,42,0.5,,,,16.0,,,,,,,16.0,,,,,,,,,,,,,,,,,,,,,,,transition,,,,,,,,,,,,,,,,,,,,,,
gkt.csv,gkt,statics2011,0,"{""emb_type"": ""qid"", ""emb_size"": 16, ""graph_type"": ""transition"", ""dropout"": 0.05, ""seed"": 3407, ""hidden_dim"": 16, ""learning_rate"": 0.001}",qid,0.001,3407,0.05,,,,16.0,,,,,,,16.0,,,,,,,,,,,,,,,,,,,,,,,transition,,,,,,,,,,,,,,,,,,,,,,
gkt.csv,gkt,statics2011,1,"{""emb_type"": ""qid"", ""emb_size"": 16, ""graph_type"": ""transition"", ""dropout"": 0.05, ""seed"": 3407, ""hidden_dim"": 16, ""learning_rate"": 0.001}",qid,0.001,3407,0.05,,,,16.0,,,,,,,16.0,,,,,,,,,,,,,,,,,,,,,,,transition,,,,,,,,,,,,,,,,,,,,,,
gkt.csv,gkt,statics2011,2,"{""emb_type"": ""qid"", ""emb_size"": 16, ""graph_type"": ""transition"", ""dropout"": 0.1, ""seed"": 3407, ""hidden_dim"": 16, ""learning_rate"": 0.001}",qid,0.001,3407,0.1,,,,16.0,,,,,,,16.0,,,,,,,,,,,,,,,,,,,,,,,transition,,,,,,,,,,,,,,,,,,,,,,
gkt.csv,gkt,statics2011,3,"{""emb_type"": ""qid"", ""emb_size"": 16, ""graph_type"": ""transition"", ""dropout"": 0.3, ""seed"": 3407, ""hidden_dim"": 16, ""learning_rate"": 0.001}",qid,0.001,3407,0.3,,,,16.0,,,,,,,16.0,,,,,,,,,,,,,,,,,,,,,,,transition,,,,,,,,,,,,,,,,,,,,,,
gkt.csv,gkt,statics2011,4,"{""emb_type"": ""qid"", ""emb_size"": 16, ""graph_type"": ""transition"", ""dropout"": 0.05, ""seed"": 3407, ""hidden_dim"": 16, ""learning_rate"": 0.001}",qid,0.001,3407,0.05,,,,16.0,,,,,,,16.0,,,,,,,,,,,,,,,,,,,,,,,transition,,,,,,,,,,,,,,,,,,,,,,
hawkes.csv,hawkes,algebra2005,0,"{""emb_type"": ""qid"", ""emb_size"": 256, ""seed"": 42, ""l2"": 1e-06, ""time_log"": 10, ""learning_rate"": 0.001}",qid,0.001,42,,,,,256.0,,,,,,,,,,,,1e-06,,,,,,,,,,,,,,,,,,,10.0,,,,,,,,,,,,,,,,,,,,,
hawkes.csv,hawkes,algebra2005,1,"{""emb_type"": ""qid"", ""emb_size"": 64, ""seed"": 42, ""l2"": 0.0, ""time_log"": 10, ""learning_rate"": 0.001}",qid,0.001,42,,,,,64.0,,,,,,,,,,,,0.0,,,,,,,,,,,,,,,,,,,10.0,,,,,,,,,,,,,,,,,,,,,
hawkes.csv,hawkes,algebra2005,2,"{""emb_type"": ""qid"", ""emb_size"": 256, ""seed"": 42, ""l2"": 1e-06, ""time_log"": 10, ""learning_rate"": 0.001}",qid,0.001,42,,,,,256.0,,,,,,,,,,,,1e-06,,,,,,,,,,,,,,,,,,,10.0,,,,,,,,,,,,,,,,,,,,,
hawkes.csv,hawkes,algebra2005,3,"{""emb_type"": ""qid"", ""emb_size"": 64, ""seed"": 42, ""l2"": 0.0, ""time_log"": 10, ""learning_rate"": 0.001}",qid,0.001,42,,,,,64.0,,,,,,,,,,,,0.0,,,,,,,,,,,,,,,,,,,10.0,,,,,,,,,,,,,,,,,,,,,
hawkes.csv,hawkes,algebra2005,4,"{""emb_type"": ""qid"", ""emb_size"": 256, ""seed"": 3407, ""l2"": 0.0, ""time_log"": 10, ""learning_rate"": 0.001}",qid,0.001,3407,,,,,256.0,,,,,,,,,,,,0.0,,,,,,,,,,,,,,,,,,,10.0,,,,,,,,,,,,,,,,,,,,,
hawkes.csv,hawkes,assist2009,0,"{""emb_type"": ""qid"", ""emb_size"": 64, ""seed"": 42, ""l2"": 0.0, ""time_log"": 5, ""learning_rate"": 0.001}",qid,0.001,42,,,,,64.0,,,,,,,,,,,,0.0,,,,,,,,,,,,,,,,,,,5.0,,,,,,,,,,,,,,,,,,,,,
hawkes.csv,hawkes,assist2009,1,"{""emb_type"": ""qid"", ""emb_size"": 64, ""seed"": 3407, ""l2"": 0.0, ""time_log"": 2, ""learning_rate"": 0.001}",qid,0.001,3407,,,,,64.0,,,,,,,,,,,,0.0,,,,,,,,,,,,,,,,,,,2.0,,,,,,,,,,,,,,,,,,,,,
hawkes.csv,hawkes,assist2009,2,"{""emb_type"": ""qid"", ""emb_size"": 64, ""seed"": 42, ""l2"": 0.0, ""time_log"": 5, ""learning_rate"": 0.001}",qid,0.001,42,,,,,64.0,,,,,,,,,,,,0.0,,,,,,,,,,,,,,,,,,,5.0,,,,,,,,,,,,,,,,,,,,,
hawkes.csv,hawkes,assist2009,3,"{""emb_type"": ""qid"", ""emb_size"": 64, ""seed"": 42, ""l2"": 1e-06, ""time_log"": 10, ""learning_rate"": 0.001}",qid,0.001,42,,,,,64.0,,,,,,,,,,,,1e-06,,,,,,,,,,,,,,,,,,,10.0,,,,,,,,,,,,,,,,,,,,,
hawkes.csv,hawkes,assist2009,4,"{""emb_type"": ""qid"", ""emb_size"": 64, ""seed"": 42, ""l2"": 0.0, ""time_log"": 5, ""learning_rate"": 0.001}",qid,0.001,42,,,,,64.0,,,,,,,,,,,,0.0,,,,,,,,,,,,,,,,,,,5.0,,,,,,,,,,,,,,,,,,,,,
hawkes.csv,hawkes,bridge2algebra2006,0,"{""emb_type"": ""qid"", ""emb_size"": 64, ""seed"": 42, ""l2"": 1e-06, ""time_log"": 10, ""learning_rate"": 0.001}",qid,0.001,42,,,,,64.0,,,,,,,,,,,,1e-06,,,,,,,,,,,,,,,,,,,10.0,,,,,,,,,,,,,,,,,,,,,
hawkes.csv,hawkes,bridge2algebra2006,1,"{""emb_type"": ""qid"", ""emb_size"": 256, ""seed"": 3407, ""l2"": 1e-06, ""time_log"": 10, ""learning_rate"": 0.001}",qid,0.001,3407,,,,,256.0,,,,,,,,,,,,1e-06,,,,,,,,,,,,,,,,,,,10.0,,,,,,,,,,,,,,,,,,,,,
hawkes.csv,hawkes,bridge2algebra2006,2,"{""emb_type"": ""qid"", ""emb_size"": 64, ""seed"": 42, ""l2"": 1e-06, ""time_log"": 10, ""learning_rate"": 0.001}",qid,0.001,42,,,,,64.0,,,,,,,,,,,,1e-06,,,,,,,,,,,,,,,,,,,10.0,,,,,,,,,,,,,,,,,,,,,
hawkes.csv,hawkes,bridge2algebra2006,3,"{""emb_type"": ""qid"", ""emb_size"": 64, ""seed"": 3407, ""l2"": 1e-06, ""time_log"": 10, ""learning_rate"": 0.001}",qid,0.001,3407,,,,,64.0,,,,,,,,,,,,1e-06,,,,,,,,,,,,,,,,,,,10.0,,,,,,,,,,,,,,,,,,,,,
hawkes.csv,hawkes,bridge2algebra2006,4,"{""emb_type"": ""qid"", ""emb_size"": 64, ""seed"": 3407, ""l2"": 1e-06, ""time_log"": 10, ""learning_rate"": 0.001}",qid,0.001,3407,,,,,64.0,,,,,,,,,,,,1e-06,,,,,,,,,,,,,,,,,,,10.0,,,,,,,,,,,,,,,,,,,,,
hawkes.csv,hawkes,ednet,0,"{""emb_type"": ""qid"", ""emb_size"": 64, ""seed"": 3407, ""l2"": 0.0, ""time_log"": 10, ""learning_rate"": 0.001}",qid,0.001,3407,,,,,64.0,,,,,,,,,,,,0.0,,,,,,,,,,,,,,,,,,,10.0,,,,,,,,,,,,,,,,,,,,,
hawkes.csv,hawkes,ednet,1,"{""emb_type"": ""qid"", ""emb_size"": 64, ""seed"": 3407, ""l2"": 1e-06, ""time_log"": 10, ""learning_rate"": 0.001}",qid,0.001,3407,,,,,64.0,,,,,,,,,,,,1e-06,,,,,,,,,,,,,,,,,,,10.0,,,,,,,,,,,,,,,,,,,,,
hawkes.csv,hawkes,ednet,2,"{""emb_type"": ""qid"", ""emb_size"": 64, ""seed"": 3407, ""l2"": 0.0, ""time_log"": 10, ""learning_rate"": 0.001}",qid,0.001,3407,,,,,64.0,,,,,,,,,,,,0.0,,,,,,,,,,,,,,,,,,,10.0,,,,,,,,,,,,,,,,,,,,,
hawkes.csv,hawkes,ednet,3,"{""emb_type"": ""qid"", ""emb_size"": 64, ""seed"": 3407, ""l2"": 0.0, ""time_log"": 10, ""learning_rate"": 0.001}",qid,0.001,3407,,,,,64.0,,,,,,,,,,,,0.0,,,,,,,,,,,,,,,,,,,10.0,,,,,,,,,,,,,,,,,,,,,
hawkes.csv,hawkes,ednet,4,"{""emb_type"": ""qid"", ""emb_size"": 64, ""seed"": 3407, ""l2"": 1e-06, ""time_log"": 10, ""learning_rate"": 0.001}",qid,0.001,3407,,,,,64.0,,,,,,,,,,,,1e-06,,,,,,,,,,,,,,,,,,,10.0,,,,,,,,,,,,,,,,,,,,,
hawkes.csv,hawkes,nips_task34,0,"{""emb_type"": ""qid"", ""emb_size"": 256, ""seed"": 3407, ""l2"": 1e-05, ""time_log"": 10, ""learning_rate"": 0.001}",qid,0.001,3407,,,,,256.0,,,,,,,,,,,,1e-05,,,,,,,,,,,,,,,,,,,10.0,,,,,,,,,,,,,,,,,,,,,
hawkes.csv,hawkes,nips_task34,1,"{""emb_type"": ""qid"", ""emb_size"": 256, ""seed"": 3407, ""l2"": 1e-06, ""time_log"": 10, ""learning_rate"": 0.001}",qid,0.001,3407,,,,,256.0,,,,,,,,,,,,1e-06,,,,,,,,,,,,,,,,,,,10.0,,,,,,,,,,,,,,,,,,,,,
hawkes.csv,hawkes,nips_task34,2,"{""emb_type"": ""qid"", ""emb_size"": 256, ""seed"": 42, ""l2"": 0.0, ""time_log"": 10, ""learning_rate"": 0.001}",qid,0.001,42,,,,,256.0,,,,,,,,,,,,0.0,,,,,,,,,,,,,,,,,,,10.0,,,,,,,,,,,,,,,,,,,,,
hawkes.csv,hawkes,nips_task34,3,"{""emb_type"": ""qid"", ""emb_size"": 256, ""seed"": 3407, ""l2"": 0.0, ""time_log"": 10, ""learning_rate"": 0.001}",qid,0.001,3407,,,,,256.0,,,,,,,,,,,,0.0,,,,,,,,,,,,,,,,,,,10.0,,,,,,,,,,,,,,,,,,,,,
hawkes.csv,hawkes,nips_task34,4,"{""emb_type"": ""qid"", ""emb_size"": 256, ""seed"": 42, ""l2"": 1e-05, ""time_log"": 10, ""learning_rate"": 0.001}",qid,0.001,42,,,,,256.0,,,,,,,,,,,,1e-05,,,,,,,,,,,,,,,,,,,10.0,,,,,,,,,,,,,,,,,,,,,
iekt.csv,iekt,algebra2005,0,"{""emb_type"": ""qid"", ""emb_size"": 256, ""dropout"": 0.5, ""n_layer"": 1, ""cog_levels"": 20, ""gamma"": 0.8, ""lamb"": 30, ""seed"": 3407, ""acq_levels"": 20, ""learning_rate"": 0.001}",qid,0.001,3407,0.5,,,,256.0,,,,,,,,,,,,,,,,,,,,,,,,,,,,,,,,1.0,20.0,0.8,30.0,20.0,,,,,,,,,,,,,,,,
iekt.csv,iekt,algebra2005,1,"{""emb_type"": ""qid"", ""emb_size"": 256, ""dropout"": 0.3, ""n_layer"": 1, ""cog_levels"": 20, ""gamma"": 0.8, ""lamb"": 50, ""seed"": 3407, ""acq_levels"": 10, ""learning_rate"": 0.001}",qid,0.001,3407,0.3,,,,256.0,,,,,,,,,,,,,,,,,,,,,,,,,,,,,,,,1.0,20.0,0.8,50.0,10.0,,,,,,,,,,,,,,,,
iekt.csv,iekt,algebra2005,2,"{""emb_type"": ""qid"", ""emb_size"": 256, ""dropout"": 0.1, ""n_layer"": 1, ""cog_levels"": 10, ""gamma"": 0.4, ""lamb"": 30, ""seed"": 3407, ""acq_levels"": 30, ""learning_rate"": 0.001}",qid,0.001,3407,0.1,,,,256.0,,,,,,,,,,,,,,,,,,,,,,,,,,,,,,,,1.0,10.0,0.4,30.0,30.0,,,,,,,,,,,,,,,,
iekt.csv,iekt,algebra2005,3,"{""emb_type"": ""qid"", ""emb_size"": 256, ""dropout"": 0.1, ""n_layer"": 1, ""cog_levels"": 20, ""gamma"": 0.6, ""lamb"": 30, ""seed"": 3407, ""acq_levels"": 10, ""learning_rate"": 0.001}",qid,0.001,3407,0.1,,,,256.0,,,,,,,,,,,,,,,,,,,,,,,,,,,,,,,,1.0,20.0,0.6,30.0,10.0,,,,,,,,,,,,,,,,
iekt.csv,iekt,algebra2005,4,"{""emb_type"": ""qid"", ""emb_size"": 256, ""dropout"": 0.3, ""n_layer"": 1, ""cog_levels"": 10, ""gamma"": 0.8, ""lamb"": 50, ""seed"": 42, ""acq_levels"": 30, ""learning_rate"": 0.001}",qid,0.001,42,0.3,,,,256.0,,,,,,,,,,,,,,,,,,,,,,,,,,,,,,,,1.0,10.0,0.8,50.0,30.0,,,,,,,,,,,,,,,,
iekt.csv,iekt,assist2009,0,"{""emb_type"": ""qid"", ""emb_size"": 256, ""dropout"": 0.3, ""n_layer"": 1, ""cog_levels"": 30, ""gamma"": 0.6, ""lamb"": 50, ""seed"": 3407, ""acq_levels"": 20, ""learning_rate"": 0.001}",qid,0.001,3407,0.3,,,,256.0,,,,,,,,,,,,,,,,,,,,,,,,,,,,,,,,1.0,30.0,0.6,50.0,20.0,,,,,,,,,,,,,,,,
iekt.csv,iekt,assist2009,1,"{""emb_type"": ""qid"", ""emb_size"": 256, ""dropout"": 0.05, ""n_layer"": 1, ""cog_levels"": 10, ""gamma"": 0.4, ""lamb"": 40, ""seed"": 3407, ""acq_levels"": 20, ""learning_rate"": 0.001}",qid,0.001,3407,0.05,,,,256.0,,,,,,,,,,,,,,,,,,,,,,,,,,,,,,,,1.0,10.0,0.4,40.0,20.0,,,,,,,,,,,,,,,,
iekt.csv,iekt,assist2009,2,"{""emb_type"": ""qid"", ""emb_size"": 256, ""dropout"": 0.05, ""n_layer"": 1, ""cog_levels"": 10, ""gamma"": 0.6, ""lamb"": 50, ""seed"": 42, ""acq_levels"": 20, ""learning_rate"": 0.001}",qid,0.001,42,0.05,,,,256.0,,,,,,,,,,,,,,,,,,,,,,,,,,,,,,,,1.0,10.0,0.6,50.0,20.0,,,,,,,,,,,,,,,,
iekt.csv,iekt,assist2009,3,"{""emb_type"": ""qid"", ""emb_size"": 256, ""dropout"": 0.05, ""n_layer"": 1, ""cog_levels"": 30, ""gamma"": 0.4, ""lamb"": 30, ""seed"": 3407, ""acq_levels"": 20, ""learning_rate"": 0.001}",qid,0.001,3407,0.05,,,,256.0,,,,,,,,,,,,,,,,,,,,,,,,,,,,,,,,1.0,30.0,0.4,30.0,20.0,,,,,,,,,,,,,,,,
iekt.csv,iekt,assist2009,4,"{""emb_type"": ""qid"", ""emb_size"": 256, ""dropout"": 0.1, ""n_layer"": 1, ""cog_levels"": 30, ""gamma"": 0.4, ""lamb"": 40, ""seed"": 3407, ""acq_levels"": 10, ""learning_rate"": 0.001}",qid,0.001,3407,0.1,,,,256.0,,,,,,,,,,,,,,,,,,,,,,,,,,,,,,,,1.0,30.0,0.4,40.0,10.0,,,,,,,,,,,,,,,,
iekt.csv,iekt,bridge2algebra2006,0,"{""emb_type"": ""qid"", ""emb_size"": 256, ""dropout"": 0.1, ""n_layer"": 1, ""cog_levels"": 20, ""gamma"": 0.8, ""lamb"": 50, ""seed"": 3407, ""acq_levels"": 10, ""learning_rate"": 0.001}",qid,0.001,3407,0.1,,,,256.0,,,,,,,,,,,,,,,,,,,,,,,,,,,,,,,,1.0,20.0,0.8,50.0,10.0,,,,,,,,,,,,,,,,
iekt.csv,iekt,bridge2algebra2006,1,"{""emb_type"": ""qid"", ""emb_size"": 256, ""dropout"": 0.05, ""n_layer"": 1, ""cog_levels"": 10, ""gamma"": 0.4, ""lamb"": 40, ""seed"": 3407, ""acq_levels"": 20, ""learning_rate"": 0.001}",qid,0.001,3407,0.05,,,,256.0,,,,,,,,,,,,,,,,,,,,,,,,,,,,,,,,1.0,10.0,0.4,40.0,20.0,,,,,,,,,,,,,,,,
iekt.csv,iekt,bridge2algebra2006,2,"{""emb_type"": ""qid"", ""emb_size"": 256, ""dropout"": 0.05, ""n_layer"": 1, ""cog_levels"": 30, ""gamma"": 0.6, ""lamb"": 40, ""seed"": 42, ""acq_levels"": 30, ""learning_rate"": 0.001}",qid,0.001,42,0.05,,,,256.0,,,,,,,,,,,,,,,,,,,,,,,,,,,,,,,,1.0,30.0,0.6,40.0,30.0,,,,,,,,,,,,,,,,
iekt.csv,iekt,bridge2algebra2006,3,"{""emb_type"": ""qid"", ""emb_size"": 256, ""dropout"": 0.3, ""n_layer"": 1, ""cog_levels"": 20, ""gamma"": 0.8, ""lamb"": 50, ""seed"": 3407, ""acq_levels"": 20, ""learning_rate"": 0.001}",qid,0.001,3407,0.3,,,,256.0,,,,,,,,,,,,,,,,,,,,,,,,,,,,,,,,1.0,20.0,0.8,50.0,20.0,,,,,,,,,,,,,,,,
iekt.csv,iekt,bridge2algebra2006,4,"{""emb_type"": ""qid"", ""emb_size"": 256, ""dropout"": 0.05, ""n_layer"": 1, ""cog_levels"": 20, ""gamma"": 0.6, ""lamb"": 50, ""seed"": 3407, ""acq_levels"": 30, ""learning_rate"": 0.001}",qid,0.001,3407,0.05,,,,256.0,,,,,,,,,,,,,,,,,,,,,,,,,,,,,,,,1.0,20.0,0.6,50.0,30.0,,,,,,,,,,,,,,,,
iekt.csv,iekt,ednet,0,"{""emb_type"": ""qid"", ""emb_size"": 64, ""dropout"": 0.5, ""n_layer"": 1, ""cog_levels"": 30, ""gamma"": 0.4, ""lamb"": 50, ""seed"": 3407, ""acq_levels"": 30, ""learning_rate"": 0.001}",qid,0.001,3407,0.5,,,,64.0,,,,,,,,,,,,,,,,,,,,,,,,,,,,,,,,1.0,30.0,0.4,50.0,30.0,,,,,,,,,,,,,,,,
iekt.csv,iekt,ednet,1,"{""emb_type"": ""qid"", ""emb_size"": 256, ""dropout"": 0.05, ""n_layer"": 2, ""cog_levels"": 10, ""gamma"": 0.4, ""lamb"": 50, ""seed"": 3407, ""acq_levels"": 20, ""learning_rate"": 0.001}",qid,0.001,3407,0.05,,,,256.0,,,,,,,,,,,,,,,,,,,,,,,,,,,,,,,,2.0,10.0,0.4,50.0,20.0,,,,,,,,,,,,,,,,
iekt.csv,iekt,ednet,2,"{""emb_type"": ""qid"", ""emb_size"": 64, ""dropout"": 0.5, ""n_layer"": 1, ""cog_levels"": 10, ""gamma"": 0.6, ""lamb"": 40, ""seed"": 3407, ""acq_levels"": 10, ""learning_rate"": 0.001}",qid,0.001,3407,0.5,,,,64.0,,,,,,,,,,,,,,,,,,,,,,,,,,,,,,,,1.0,10.0,0.6,40.0,10.0,,,,,,,,,,,,,,,,
iekt.csv,iekt,ednet,3,"{""emb_type"": ""qid"", ""emb_size"": 64, ""dropout"": 0.3, ""n_layer"": 1, ""cog_levels"": 30, ""gamma"": 0.2, ""lamb"": 50, ""seed"": 42, ""acq_levels"": 20, ""learning_rate"": 0.001}",qid,0.001,42,0.3,,,,64.0,,,,,,,,,,,,,,,,,,,,,,,,,,,,,,,,1.0,30.0,0.2,50.0,20.0,,,,,,,,,,,,,,,,
iekt.csv,iekt,ednet,4,"{""emb_type"": ""qid"", ""emb_size"": 64, ""dropout"": 0.5, ""n_layer"": 1, ""cog_levels"": 10, ""gamma"": 0.6, ""lamb"": 50, ""seed"": 3407, ""acq_levels"": 10, ""learning_rate"": 0.001}",qid,0.001,3407,0.5,,,,64.0,,,,,,,,,,,,,,,,,,,,,,,,,,,,,,,,1.0,10.0,0.6,50.0,10.0,,,,,,,,,,,,,,,,
iekt.csv,iekt,nips_task34,0,"{""emb_type"": ""qid"", ""emb_size"": 256, ""dropout"": 0.3, ""n_layer"": 1, ""cog_levels"": 10, ""gamma"": 0.2, ""lamb"": 40, ""seed"": 3407, ""acq_levels"": 30, ""learning_rate"": 0.001}",qid,0.001,3407,0.3,,,,256.0,,,,,,,,,,,,,,,,,,,,,,,,,,,,,,,,1.0,10.0,0.2,40.0,30.0,,,,,,,,,,,,,,,,
iekt.csv,iekt,nips_task34,1,"{""emb_type"": ""qid"", ""emb_size"": 64, ""dropout"": 0.5, ""n_layer"": 2, ""cog_levels"": 30, ""gamma"": 0.4, ""lamb"": 50, ""seed"": 42, ""acq_levels"": 10, ""learning_rate"": 0.001}",qid,0.001,42,0.5,,,,64.0,,,,,,,,,,,,,,,,,,,,,,,,,,,,,,,,2.0,30.0,0.4,50.0,10.0,,,,,,,,,,,,,,,,
iekt.csv,iekt,nips_task34,2,"{""emb_type"": ""qid"", ""emb_size"": 256, ""dropout"": 0.5, ""n_layer"": 1, ""cog_levels"": 10, ""gamma"": 0.8, ""lamb"": 40, ""seed"": 3407, ""acq_levels"": 30, ""learning_rate"": 0.001}",qid,0.001,3407,0.5,,,,256.0,,,,,,,,,,,,,,,,,,,,,,,,,,,,,,,,1.0,10.0,0.8,40.0,30.0,,,,,,,,,,,,,,,,
iekt.csv,iekt,nips_task34,3,"{""emb_type"": ""qid"", ""emb_size"": 256, ""dropout"": 0.5, ""n_layer"": 2, ""cog_levels"": 20, ""gamma"": 0.8, ""lamb"": 50, ""seed"": 42, ""acq_levels"": 20, ""learning_rate"": 0.001}",qid,0.001,42,0.5,,,,256.0,,,,,,,,,,,,,,,,,,,,,,,,,,,,,,,,2.0,20.0,0.8,50.0,20.0,,,,,,,,,,,,,,,,
iekt.csv,iekt,nips_task34,4,"{""emb_type"": ""qid"", ""emb_size"": 64, ""dropout"": 0.05, ""n_layer"": 2, ""cog_levels"": 20, ""gamma"": 0.2, ""lamb"": 50, ""seed"": 42, ""acq_levels"": 10, ""learning_rate"": 0.001}",qid,0.001,42,0.05,,,,64.0,,,,,,,,,,,,,,,,,,,,,,,,,,,,,,,,2.0,20.0,0.2,50.0,10.0,,,,,,,,,,,,,,,,
kqn.csv,kqn,algebra2005,0,"{""emb_type"": ""qid"", ""n_mlp_hidden"": 256, ""dropout"": 0.05, ""n_rnn_hidden"": 256, ""n_hidden"": 256, ""n_rnn_layers"": 2, ""seed"": 3407, ""learning_rate"": 0.001}",qid,0.001,3407,0.05,,,,,,,,,,,,,,,,,,,,,,,,,,,,,,,,,,,,,,,,,256.0,256.0,256.0,2.0,,,,,,,,,,,,
kqn.csv,kqn,algebra2005,1,"{""emb_type"": ""qid"", ""n_mlp_hidden"": 64, ""dropout"": 0.1, ""n_rnn_hidden"": 256, ""n_hidden"": 256, ""n_rnn_layers"": 1, ""seed"": 3407, ""learning_rate"": 0.001}",qid,0.001,3407,0.1,,,,,,,,,,,,,,,,,,,,,,,,,,,,,,,,,,,,,,,,,64.0,256.0,256.0,1.0,,,,,,,,,,,,
kqn.csv,kqn,algebra2005,2,"{""emb_type"": ""qid"", ""n_mlp_hidden"": 64, ""dropout"": 0.05, ""n_rnn_hidden"": 256, ""n_hidden"": 256, ""n_rnn_layers"": 1, ""seed"": 3407, ""learning_rate"": 0.001}",qid,0.001,3407,0.05,,,,,,,,,,,,,,,,,,,,,,,,,,,,,,,,,,,,,,,,,64.0,256.0,256.0,1.0,,,,,,,,,,,,
kqn.csv,kqn,algebra2005,3,"{""emb_type"": ""qid"", ""n_mlp_hidden"": 256, ""dropout"": 0.3, ""n_rnn_hidden"": 256, ""n_hidden"": 256, ""n_rnn_layers"": 2, ""seed"": 42, ""learning_rate"": 0.001}",qid,0.001,42,0.3,,,,,,,,,,,,,,,,,,,,,,,,,,,,,,,,,,,,,,,,,256.0,256.0,256.0,2.0,,,,,,,,,,,,
kqn.csv,kqn,algebra2005,4,"{""emb_type"": ""qid"", ""n_mlp_hidden"": 256, ""dropout"": 0.3, ""n_rnn_hidden"": 256, ""n_hidden"": 256, ""n_rnn_layers"": 2, ""seed"": 42, ""learning_rate"": 0.001}",qid,0.001,42,0.3,,,,,,,,,,,,,,,,,,,,,,,,,,,,,,,,,,,,,,,,,256.0,256.0,256.0,2.0,,,,,,,,,,,,
kqn.csv,kqn,assist2009,0,"{""emb_type"": ""qid"", ""n_mlp_hidden"": 256, ""dropout"": 0.05, ""n_rnn_hidden"": 256, ""n_hidden"": 256, ""n_rnn_layers"": 1, ""seed"": 3407, ""learning_rate"": 0.001}",qid,0.001,3407,0.05,,,,,,,,,,,,,,,,,,,,,,,,,,,,,,,,,,,,,,,,,256.0,256.0,256.0,1.0,,,,,,,,,,,,
kqn.csv,kqn,assist2009,1,"{""emb_type"": ""qid"", ""n_mlp_hidden"": 256, ""dropout"": 0.3, ""n_rnn_hidden"": 64, ""n_hidden"": 256, ""n_rnn_layers"": 1, ""seed"": 3407, ""learning_rate"": 0.001}",qid,0.001,3407,0.3,,,,,,,,,,,,,,,,,,,,,,,,,,,,,,,,,,,,,,,,,256.0,64.0,256.0,1.0,,,,,,,,,,,,
kqn.csv,kqn,assist2009,2,"{""emb_type"": ""qid"", ""n_mlp_hidden"": 256, ""dropout"": 0.3, ""n_rnn_hidden"": 64, ""n_hidden"": 256, ""n_rnn_layers"": 1, ""seed"": 42, ""learning_rate"": 0.001}",qid,0.001,42,0.3,,,,,,,,,,,,,,,,,,,,,,,,,,,,,,,,,,,,,,,,,256.0,64.0,256.0,1.0,,,,,,,,,,,,
kqn.csv,kqn,assist2009,3,"{""emb_type"": ""qid"", ""n_mlp_hidden"": 256, ""dropout"": 0.1, ""n_rnn_hidden"": 64, ""n_hidden"": 256, ""n_rnn_layers"": 1, ""seed"": 3407, ""learning_rate"": 0.001}",qid,0.001,3407,0.1,,,,,,,,,,,,,,,,,,,,,,,,,,,,,,,,,,,,,,,,,256.0,64.0,256.0,1.0,,,,,,,,,,,,
kqn.csv,kqn,assist2009,4,"{""emb_type"": ""qid"", ""n_mlp_hidden"": 256, ""dropout"": 0.3, ""n_rnn_hidden"": 256, ""n_hidden"": 256, ""n_rnn_layers"": 1, ""seed"": 42, ""learning_rate"": 0.001}",qid,0.001,42,0.3,,,,,,,,,,,,,,,,,,,,,,,,,,,,,,,,,,,,,,,,,256.0,256.0,256.0,1.0,,,,,,,,,,,,
kqn.csv,kqn,assist2015,0,"{""emb_type"": ""qid"", ""n_mlp_hidden"": 64, ""dropout"": 0.05, ""n_rnn_hidden"": 64, ""n_hidden"": 256, ""n_rnn_layers"": 1, ""seed"": 42, ""learning_rate"": 0.001}",qid,0.001,42,0.05,,,,,,,,,,,,,,,,,,,,,,,,,,,,,,,,,,,,,,,,,64.0,64.0,256.0,1.0,,,,,,,,,,,,
kqn.csv,kqn,assist2015,1,"{""emb_type"": ""qid"", ""n_mlp_hidden"": 256, ""dropout"": 0.3, ""n_rnn_hidden"": 64, ""n_hidden"": 256, ""n_rnn_layers"": 1, ""seed"": 3407, ""learning_rate"": 0.001}",qid,0.001,3407,0.3,,,,,,,,,,,,,,,,,,,,,,,,,,,,,,,,,,,,,,,,,256.0,64.0,256.0,1.0,,,,,,,,,,,,
kqn.csv,kqn,assist2015,2,"{""emb_type"": ""qid"", ""n_mlp_hidden"": 64, ""dropout"": 0.1, ""n_rnn_hidden"": 64, ""n_hidden"": 256, ""n_rnn_layers"": 1, ""seed"": 3407, ""learning_rate"": 0.001}",qid,0.001,3407,0.1,,,,,,,,,,,,,,,,,,,,,,,,,,,,,,,,,,,,,,,,,64.0,64.0,256.0,1.0,,,,,,,,,,,,
kqn.csv,kqn,assist2015,3,"{""emb_type"": ""qid"", ""n_mlp_hidden"": 64, ""dropout"": 0.05, ""n_rnn_hidden"": 64, ""n_hidden"": 256, ""n_rnn_layers"": 1, ""seed"": 42, ""learning_rate"": 0.001}",qid,0.001,42,0.05,,,,,,,,,,,,,,,,,,,,,,,,,,,,,,,,,,,,,,,,,64.0,64.0,256.0,1.0,,,,,,,,,,,,
kqn.csv,kqn,assist2015,4,"{""emb_type"": ""qid"", ""n_mlp_hidden"": 256, ""dropout"": 0.05, ""n_rnn_hidden"": 64, ""n_hidden"": 256, ""n_rnn_layers"": 1, ""seed"": 42, ""learning_rate"": 0.001}",qid,0.001,42,0.05,,,,,,,,,,,,,,,,,,,,,,,,,,,,,,,,,,,,,,,,,256.0,64.0,256.0,1.0,,,,,,,,,,,,
kqn.csv,kqn,bridge2algebra2006,0,"{""emb_type"": ""qid"", ""n_mlp_hidden"": 256, ""dropout"": 0.3, ""n_rnn_hidden"": 256, ""n_hidden"": 256, ""n_rnn_layers"": 1, ""seed"": 3407, ""learning_rate"": 0.001}",qid,0.001,3407,0.3,,,,,,,,,,,,,,,,,,,,,,,,,,,,,,,,,,,,,,,,,256.0,256.0,256.0,1.0,,,,,,,,,,,,
kqn.csv,kqn,bridge2algebra2006,1,"{""emb_type"": ""qid"", ""n_mlp_hidden"": 256, ""dropout"": 0.3, ""n_rnn_hidden"": 64, ""n_hidden"": 256, ""n_rnn_layers"": 1, ""seed"": 42, ""learning_rate"": 0.001}",qid,0.001,42,0.3,,,,,,,,,,,,,,,,,,,,,,,,,,,,,,,,,,,,,,,,,256.0,64.0,256.0,1.0,,,,,,,,,,,,
kqn.csv,kqn,bridge2algebra2006,2,"{""emb_type"": ""qid"", ""n_mlp_hidden"": 256, ""dropout"": 0.3, ""n_rnn_hidden"": 64, ""n_hidden"": 256, ""n_rnn_layers"": 1, ""seed"": 42, ""learning_rate"": 0.001}",qid,0.001,42,0.3,,,,,,,,,,,,,,,,,,,,,,,,,,,,,,,,,,,,,,,,,256.0,64.0,256.0,1.0,,,,,,,,,,,,
kqn.csv,kqn,bridge2algebra2006,3,"{""emb_type"": ""qid"", ""n_mlp_hidden"": 256, ""dropout"": 0.1, ""n_rnn_hidden"": 256, ""n_hidden"": 256, ""n_rnn_layers"": 1, ""seed"": 42, ""learning_rate"": 0.001}",qid,0.001,42,0.1,,,,,,,,,,,,,,,,,,,,,,,,,,,,,,,,,,,,,,,,,256.0,256.0,256.0,1.0,,,,,,,,,,,,
kqn.csv,kqn,bridge2algebra2006,4,"{""emb_type"": ""qid"", ""n_mlp_hidden"": 64, ""dropout"": 0.3, ""n_rnn_hidden"": 64, ""n_hidden"": 256, ""n_rnn_layers"": 1, ""seed"": 3407, ""learning_rate"": 0.001}",qid,0.001,3407,0.3,,,,,,,,,,,,,,,,,,,,,,,,,,,,,,,,,,,,,,,,,64.0,64.0,256.0,1.0,,,,,,,,,,,,
kqn.csv,kqn,ednet,0,"{""emb_type"": ""qid"", ""n_mlp_hidden"": 64, ""dropout"": 0.1, ""n_rnn_hidden"": 256, ""n_hidden"": 256, ""n_rnn_layers"": 1, ""seed"": 3407, ""learning_rate"": 0.001}",qid,0.001,3407,0.1,,,,,,,,,,,,,,,,,,,,,,,,,,,,,,,,,,,,,,,,,64.0,256.0,256.0,1.0,,,,,,,,,,,,
kqn.csv,kqn,ednet,1,"{""emb_type"": ""qid"", ""n_mlp_hidden"": 64, ""dropout"": 0.05, ""n_rnn_hidden"": 64, ""n_hidden"": 64, ""n_rnn_layers"": 2, ""seed"": 42, ""learning_rate"": 0.001}",qid,0.001,42,0.05,,,,,,,,,,,,,,,,,,,,,,,,,,,,,,,,,,,,,,,,,64.0,64.0,64.0,2.0,,,,,,,,,,,,
kqn.csv,kqn,ednet,2,"{""emb_type"": ""qid"", ""n_mlp_hidden"": 256, ""dropout"": 0.3, ""n_rnn_hidden"": 64, ""n_hidden"": 256, ""n_rnn_layers"": 2, ""seed"": 42, ""learning_rate"": 0.001}",qid,0.001,42,0.3,,,,,,,,,,,,,,,,,,,,,,,,,,,,,,,,,,,,,,,,,256.0,64.0,256.0,2.0,,,,,,,,,,,,
kqn.csv,kqn,ednet,3,"{""emb_type"": ""qid"", ""n_mlp_hidden"": 256, ""dropout"": 0.3, ""n_rnn_hidden"": 256, ""n_hidden"": 256, ""n_rnn_layers"": 2, ""seed"": 3407, ""learning_rate"": 0.001}",qid,0.001,3407,0.3,,,,,,,,,,,,,,,,,,,,,,,,,,,,,,,,,,,,,,,,,256.0,256.0,256.0,2.0,,,,,,,,,,,,
kqn.csv,kqn,ednet,4,"{""emb_type"": ""qid"", ""n_mlp_hidden"": 256, ""dropout"": 0.05, ""n_rnn_hidden"": 64, ""n_hidden"": 256, ""n_rnn_layers"": 1, ""seed"": 42, ""learning_rate"": 0.001}",qid,0.001,42,0.05,,,,,,,,,,,,,,,,,,,,,,,,,,,,,,,,,,,,,,,,,256.0,64.0,256.0,1.0,,,,,,,,,,,,
kqn.csv,kqn,nips_task34,0,"{""emb_type"": ""qid"", ""n_mlp_hidden"": 64, ""dropout"": 0.1, ""n_rnn_hidden"": 256, ""n_hidden"": 256, ""n_rnn_layers"": 1, ""seed"": 3407, ""learning_rate"": 0.001}",qid,0.001,3407,0.1,,,,,,,,,,,,,,,,,,,,,,,,,,,,,,,,,,,,,,,,,64.0,256.0,256.0,1.0,,,,,,,,,,,,
kqn.csv,kqn,nips_task34,1,"{""emb_type"": ""qid"", ""n_mlp_hidden"": 256, ""dropout"": 0.05, ""n_rnn_hidden"": 256, ""n_hidden"": 256, ""n_rnn_layers"": 1, ""seed"": 3407, ""learning_rate"": 0.001}",qid,0.001,3407,0.05,,,,,,,,,,,,,,,,,,,,,,,,,,,,,,,,,,,,,,,,,256.0,256.0,256.0,1.0,,,,,,,,,,,,
kqn.csv,kqn,nips_task34,2,"{""emb_type"": ""qid"", ""n_mlp_hidden"": 64, ""dropout"": 0.05, ""n_rnn_hidden"": 256, ""n_hidden"": 256, ""n_rnn_layers"": 1, ""seed"": 3407, ""learning_rate"": 0.001}",qid,0.001,3407,0.05,,,,,,,,,,,,,,,,,,,,,,,,,,,,,,,,,,,,,,,,,64.0,256.0,256.0,1.0,,,,,,,,,,,,
kqn.csv,kqn,nips_task34,3,"{""emb_type"": ""qid"", ""n_mlp_hidden"": 64, ""dropout"": 0.05, ""n_rnn_hidden"": 256, ""n_hidden"": 256, ""n_rnn_layers"": 1, ""seed"": 3407, ""learning_rate"": 0.001}",qid,0.001,3407,0.05,,,,,,,,,,,,,,,,,,,,,,,,,,,,,,,,,,,,,,,,,64.0,256.0,256.0,1.0,,,,,,,,,,,,
kqn.csv,kqn,nips_task34,4,"{""emb_type"": ""qid"", ""n_mlp_hidden"": 256, ""dropout"": 0.05, ""n_rnn_hidden"": 256, ""n_hidden"": 256, ""n_rnn_layers"": 2, ""seed"": 3407, ""learning_rate"": 0.001}",qid,0.001,3407,0.05,,,,,,,,,,,,,,,,,,,,,,,,,,,,,,,,,,,,,,,,,256.0,256.0,256.0,2.0,,,,,,,,,,,,
kqn.csv,kqn,poj,0,"{""emb_type"": ""qid"", ""n_mlp_hidden"": 256, ""dropout"": 0.3, ""n_rnn_hidden"": 64, ""n_hidden"": 256, ""n_rnn_layers"": 2, ""seed"": 3407, ""learning_rate"": 0.001}",qid,0.001,3407,0.3,,,,,,,,,,,,,,,,,,,,,,,,,,,,,,,,,,,,,,,,,256.0,64.0,256.0,2.0,,,,,,,,,,,,
kqn.csv,kqn,poj,1,"{""emb_type"": ""qid"", ""n_mlp_hidden"": 256, ""dropout"": 0.05, ""n_rnn_hidden"": 64, ""n_hidden"": 256, ""n_rnn_layers"": 2, ""seed"": 3407, ""learning_rate"": 0.001}",qid,0.001,3407,0.05,,,,,,,,,,,,,,,,,,,,,,,,,,,,,,,,,,,,,,,,,256.0,64.0,256.0,2.0,,,,,,,,,,,,
kqn.csv,kqn,poj,2,"{""emb_type"": ""qid"", ""n_mlp_hidden"": 256, ""dropout"": 0.05, ""n_rnn_hidden"": 64, ""n_hidden"": 256, ""n_rnn_layers"": 2, ""seed"": 42, ""learning_rate"": 0.001}",qid,0.001,42,0.05,,,,,,,,,,,,,,,,,,,,,,,,,,,,,,,,,,,,,,,,,256.0,64.0,256.0,2.0,,,,,,,,,,,,
kqn.csv,kqn,poj,3,"{""emb_type"": ""qid"", ""n_mlp_hidden"": 256, ""dropout"": 0.3, ""n_rnn_hidden"": 64, ""n_hidden"": 256, ""n_rnn_layers"": 1, ""seed"": 42, ""learning_rate"": 0.001}",qid,0.001,42,0.3,,,,,,,,,,,,,,,,,,,,,,,,,,,,,,,,,,,,,,,,,256.0,64.0,256.0,1.0,,,,,,,,,,,,
kqn.csv,kqn,poj,4,"{""emb_type"": ""qid"", ""n_mlp_hidden"": 256, ""dropout"": 0.05, ""n_rnn_hidden"": 64, ""n_hidden"": 256, ""n_rnn_layers"": 2, ""seed"": 3407, ""learning_rate"": 0.001}",qid,0.001,3407,0.05,,,,,,,,,,,,,,,,,,,,,,,,,,,,,,,,,,,,,,,,,256.0,64.0,256.0,2.0,,,,,,,,,,,,
kqn.csv,kqn,statics2011,0,"{""emb_type"": ""qid"", ""n_mlp_hidden"": 256, ""dropout"": 0.5, ""n_rnn_hidden"": 256, ""n_hidden"": 256, ""n_rnn_layers"": 1, ""seed"": 3407, ""learning_rate"": 0.001}",qid,0.001,3407,0.5,,,,,,,,,,,,,,,,,,,,,,,,,,,,,,,,,,,,,,,,,256.0,256.0,256.0,1.0,,,,,,,,,,,,
kqn.csv,kqn,statics2011,1,"{""emb_type"": ""qid"", ""n_mlp_hidden"": 64, ""dropout"": 0.1, ""n_rnn_hidden"": 64, ""n_hidden"": 64, ""n_rnn_layers"": 1, ""seed"": 3407, ""learning_rate"": 0.001}",qid,0.001,3407,0.1,,,,,,,,,,,,,,,,,,,,,,,,,,,,,,,,,,,,,,,,,64.0,64.0,64.0,1.0,,,,,,,,,,,,
kqn.csv,kqn,statics2011,2,"{""emb_type"": ""qid"", ""n_mlp_hidden"": 256, ""dropout"": 0.05, ""n_rnn_hidden"": 256, ""n_hidden"": 256, ""n_rnn_layers"": 1, ""seed"": 3407, ""learning_rate"": 0.001}",qid,0.001,3407,0.05,,,,,,,,,,,,,,,,,,,,,,,,,,,,,,,,,,,,,,,,,256.0,256.0,256.0,1.0,,,,,,,,,,,,
kqn.csv,kqn,statics2011,3,"{""emb_type"": ""qid"", ""n_mlp_hidden"": 256, ""dropout"": 0.3, ""n_rnn_hidden"": 256, ""n_hidden"": 256, ""n_rnn_layers"": 1, ""seed"": 3407, ""learning_rate"": 0.001}",qid,0.001,3407,0.3,,,,,,,,,,,,,,,,,,,,,,,,,,,,,,,,,,,,,,,,,256.0,256.0,256.0,1.0,,,,,,,,,,,,
kqn.csv,kqn,statics2011,4,"{""emb_type"": ""qid"", ""n_mlp_hidden"": 256, ""dropout"": 0.5, ""n_rnn_hidden"": 256, ""n_hidden"": 256, ""n_rnn_layers"": 1, ""seed"": 3407, ""learning_rate"": 0.001}",qid,0.001,3407,0.5,,,,,,,,,,,,,,,,,,,,,,,,,,,,,,,,,,,,,,,,,256.0,256.0,256.0,1.0,,,,,,,,,,,,
lpkt.csv,lpkt,algebra2005,0,"{""emb_type"": ""qid"", ""d_a"": 64, ""dropout"": 0.5, ""gamma"": 0.03, ""d_e"": 16, ""seed"": 42, ""learning_rate"": 0.001, ""d_k"": 64}",qid,0.001,42,0.5,,,,,,,,,,,,,,,,,,,,,,,,,,,,,,,,,,,,,,0.03,,,,,,,64.0,16.0,64.0,,,,,,,,,
lpkt.csv,lpkt,algebra2005,0,"{""emb_type"": ""qid"", ""d_a"": 64, ""dropout"": 0.05, ""gamma"": 0.03, ""d_e"": 16, ""seed"": 3407, ""learning_rate"": 0.001, ""d_k"": 64}",qid,0.001,3407,0.05,,,,,,,,,,,,,,,,,,,,,,,,,,,,,,,,,,,,,,0.03,,,,,,,64.0,16.0,64.0,,,,,,,,,
lpkt.csv,lpkt,algebra2005,1,"{""emb_type"": ""qid"", ""d_a"": 64, ""dropout"": 0.05, ""gamma"": 0.01, ""d_e"": 64, ""seed"": 42, ""learning_rate"": 0.001, ""d_k"": 64}",qid,0.001,42,0.05,,,,,,,,,,,,,,,,,,,,,,,,,,,,,,,,,,,,,,0.01,,,,,,,64.0,64.0,64.0,,,,,,,,,
lpkt.csv,lpkt,algebra2005,1,"{""emb_type"": ""qid"", ""d_a"": 64, ""dropout"": 0.1, ""gamma"": 0.03, ""d_e"": 16, ""seed"": 3407, ""learning_rate"": 0.001, ""d_k"": 64}",qid,0.001,3407,0.1,,,,,,,,,,,,,,,,,,,,,,,,,,,,,,,,,,,,,,0.03,,,,,,,64.0,16.0,64.0,,,,,,,,,
lpkt.csv,lpkt,algebra2005,2,"{""emb_type"": ""qid"", ""d_a"": 64, ""dropout"": 0.3, ""gamma"": 0.03, ""d_e"": 16, ""seed"": 42, ""learning_rate"": 0.001, ""d_k"": 64}",qid,0.001,42,0.3,,,,,,,,,,,,,,,,,,,,,,,,,,,,,,,,,,,,,,0.03,,,,,,,64.0,16.0,64.0,,,,,,,,,
lpkt.csv,lpkt,algebra2005,2,"{""emb_type"": ""qid"", ""d_a"": 16, ""dropout"": 0.5, ""gamma"": 0.05, ""d_e"": 16, ""seed"": 3407, ""learning_rate"": 0.001, ""d_k"": 64}",qid,0.001,3407,0.5,,,,,,,,,,,,,,,,,,,,,,,,,,,,,,,,,,,,,,0.05,,,,,,,16.0,16.0,64.0,,,,,,,,,
lpkt.csv,lpkt,algebra2005,3,"{""emb_type"": ""qid"", ""d_a"": 16, ""dropout"": 0.1, ""gamma"": 0.1, ""d_e"": 16, ""seed"": 3407, ""learning_rate"": 0.001, ""d_k"": 64}",qid,0.001,3407,0.1,,,,,,,,,,,,,,,,,,,,,,,,,,,,,,,,,,,,,,0.1,,,,,,,16.0,16.0,64.0,,,,,,,,,
lpkt.csv,lpkt,algebra2005,3,"{""emb_type"": ""qid"", ""d_a"": 16, ""dropout"": 0.05, ""gamma"": 0.05, ""d_e"": 16, ""seed"": 42, ""learning_rate"": 0.001, ""d_k"": 64}",qid,0.001,42,0.05,,,,,,,,,,,,,,,,,,,,,,,,,,,,,,,,,,,,,,0.05,,,,,,,16.0,16.0,64.0,,,,,,,,,
lpkt.csv,lpkt,algebra2005,4,"{""emb_type"": ""qid"", ""d_a"": 16, ""dropout"": 0.1, ""gamma"": 0.03, ""d_e"": 64, ""seed"": 3407, ""learning_rate"": 0.001, ""d_k"": 64}",qid,0.001,3407,0.1,,,,,,,,,,,,,,,,,,,,,,,,,,,,,,,,,,,,,,0.03,,,,,,,16.0,64.0,64.0,,,,,,,,,
lpkt.csv,lpkt,algebra2005,4,"{""emb_type"": ""qid"", ""d_a"": 16, ""dropout"": 0.1, ""gamma"": 0.03, ""d_e"": 64, ""seed"": 3407, ""learning_rate"": 0.001, ""d_k"": 64}",qid,0.001,3407,0.1,,,,,,,,,,,,,,,,,,,,,,,,,,,,,,,,,,,,,,0.03,,,,,,,16.0,64.0,64.0,,,,,,,,,
lpkt.csv,lpkt,assist2009,0,"{""emb_type"": ""qid"", ""d_a"": 64, ""dropout"": 0.5, ""gamma"": 0.07, ""d_e"": 16, ""seed"": 42, ""learning_rate"": 0.001, ""d_k"": 64}",qid,0.001,42,0.5,,,,,,,,,,,,,,,,,,,,,,,,,,,,,,,,,,,,,,0.07,,,,,,,64.0,16.0,64.0,,,,,,,,,
lpkt.csv,lpkt,assist2009,0,"{""emb_type"": ""qid"", ""d_a"": 64, ""dropout"": 0.3, ""gamma"": 0.07, ""d_e"": 16, ""seed"": 42, ""learning_rate"": 0.001, ""d_k"": 64}",qid,0.001,42,0.3,,,,,,,,,,,,,,,,,,,,,,,,,,,,,,,,,,,,,,0.07,,,,,,,64.0,16.0,64.0,,,,,,,,,
lpkt.csv,lpkt,assist2009,1,"{""emb_type"": ""qid"", ""d_a"": 16, ""dropout"": 0.1, ""gamma"": 0.05, ""d_e"": 16, ""seed"": 3407, ""learning_rate"": 0.001, ""d_k"": 64}",qid,0.001,3407,0.1,,,,,,,,,,,,,,,,,,,,,,,,,,,,,,,,,,,,,,0.05,,,,,,,16.0,16.0,64.0,,,,,,,,,
lpkt.csv,lpkt,assist2009,1,"{""emb_type"": ""qid"", ""d_a"": 16, ""dropout"": 0.05, ""gamma"": 0.05, ""d_e"": 16, ""seed"": 3407, ""learning_rate"": 0.001, ""d_k"": 64}",qid,0.001,3407,0.05,,,,,,,,,,,,,,,,,,,,,,,,,,,,,,,,,,,,,,0.05,,,,,,,16.0,16.0,64.0,,,,,,,,,
lpkt.csv,lpkt,assist2009,2,"{""emb_type"": ""qid"", ""d_a"": 64, ""dropout"": 0.05, ""gamma"": 0.1, ""d_e"": 16, ""seed"": 42, ""learning_rate"": 0.001, ""d_k"": 64}",qid,0.001,42,0.05,,,,,,,,,,,,,,,,,,,,,,,,,,,,,,,,,,,,,,0.1,,,,,,,64.0,16.0,64.0,,,,,,,,,
lpkt.csv,lpkt,assist2009,2,"{""emb_type"": ""qid"", ""d_a"": 64, ""dropout"": 0.3, ""gamma"": 0.07, ""d_e"": 16, ""seed"": 42, ""learning_rate"": 0.001, ""d_k"": 64}",qid,0.001,42,0.3,,,,,,,,,,,,,,,,,,,,,,,,,,,,,,,,,,,,,,0.07,,,,,,,64.0,16.0,64.0,,,,,,,,,
lpkt.csv,lpkt,assist2009,3,"{""emb_type"": ""qid"", ""d_a"": 16, ""dropout"": 0.1, ""gamma"": 0.07, ""d_e"": 16, ""seed"": 3407, ""learning_rate"": 0.001, ""d_k"": 64}",qid,0.001,3407,0.1,,,,,,,,,,,,,,,,,,,,,,,,,,,,,,,,,,,,,,0.07,,,,,,,16.0,16.0,64.0,,,,,,,,,
lpkt.csv,lpkt,assist2009,3,"{""emb_type"": ""qid"", ""d_a"": 16, ""dropout"": 0.05, ""gamma"": 0.1, ""d_e"": 16, ""seed"": 3407, ""learning_rate"": 0.001, ""d_k"": 64}",qid,0.001,3407,0.05,,,,,,,,,,,,,,,,,,,,,,,,,,,,,,,,,,,,,,0.1,,,,,,,16.0,16.0,64.0,,,,,,,,,
lpkt.csv,lpkt,assist2009,4,"{""emb_type"": ""qid"", ""d_a"": 16, ""dropout"": 0.1, ""gamma"": 0.05, ""d_e"": 16, ""seed"": 3407, ""learning_rate"": 0.001, ""d_k"": 64}",qid,0.001,3407,0.1,,,,,,,,,,,,,,,,,,,,,,,,,,,,,,,,,,,,,,0.05,,,,,,,16.0,16.0,64.0,,,,,,,,,
lpkt.csv,lpkt,assist2009,4,"{""emb_type"": ""qid"", ""d_a"": 16, ""dropout"": 0.1, ""gamma"": 0.05, ""d_e"": 16, ""seed"": 3407, ""learning_rate"": 0.001, ""d_k"": 64}",qid,0.001,3407,0.1,,,,,,,,,,,,,,,,,,,,,,,,,,,,,,,,,,,,,,0.05,,,,,,,16.0,16.0,64.0,,,,,,,,,
lpkt.csv,lpkt,bridge2algebra2006,0,"{""emb_type"": ""qid"", ""d_a"": 64, ""dropout"": 0.1, ""gamma"": 0.01, ""d_e"": 16, ""seed"": 42, ""learning_rate"": 0.001, ""d_k"": 64}",qid,0.001,42,0.1,,,,,,,,,,,,,,,,,,,,,,,,,,,,,,,,,,,,,,0.01,,,,,,,64.0,16.0,64.0,,,,,,,,,
lpkt.csv,lpkt,bridge2algebra2006,0,"{""emb_type"": ""qid"", ""d_a"": 64, ""dropout"": 0.05, ""gamma"": 0.01, ""d_e"": 16, ""seed"": 42, ""learning_rate"": 0.001, ""d_k"": 64}",qid,0.001,42,0.05,,,,,,,,,,,,,,,,,,,,,,,,,,,,,,,,,,,,,,0.01,,,,,,,64.0,16.0,64.0,,,,,,,,,
lpkt.csv,lpkt,bridge2algebra2006,1,"{""emb_type"": ""qid"", ""d_a"": 64, ""dropout"": 0.3, ""gamma"": 0.01, ""d_e"": 16, ""seed"": 42, ""learning_rate"": 0.001, ""d_k"": 64}",qid,0.001,42,0.3,,,,,,,,,,,,,,,,,,,,,,,,,,,,,,,,,,,,,,0.01,,,,,,,64.0,16.0,64.0,,,,,,,,,
lpkt.csv,lpkt,bridge2algebra2006,1,"{""emb_type"": ""qid"", ""d_a"": 64, ""dropout"": 0.05, ""gamma"": 0.01, ""d_e"": 16, ""seed"": 42, ""learning_rate"": 0.001, ""d_k"": 64}",qid,0.001,42,0.05,,,,,,,,,,,,,,,,,,,,,,,,,,,,,,,,,,,,,,0.01,,,,,,,64.0,16.0,64.0,,,,,,,,,
lpkt.csv,lpkt,bridge2algebra2006,2,"{""emb_type"": ""qid"", ""d_a"": 64, ""dropout"": 0.1, ""gamma"": 0.01, ""d_e"": 16, ""seed"": 42, ""learning_rate"": 0.001, ""d_k"": 64}",qid,0.001,42,0.1,,,,,,,,,,,,,,,,,,,,,,,,,,,,,,,,,,,,,,0.01,,,,,,,64.0,16.0,64.0,,,,,,,,,
lpkt.csv,lpkt,bridge2algebra2006,2,"{""emb_type"": ""qid"", ""d_a"": 64, ""dropout"": 0.3, ""gamma"": 0.01, ""d_e"": 16, ""seed"": 3407, ""learning_rate"": 0.001, ""d_k"": 64}",qid,0.001,3407,0.3,,,,,,,,,,,,,,,,,,,,,,,,,,,,,,,,,,,,,,0.01,,,,,,,64.0,16.0,64.0,,,,,,,,,
lpkt.csv,lpkt,bridge2algebra2006,3,"{""emb_type"": ""qid"", ""d_a"": 64, ""dropout"": 0.5, ""gamma"": 0.01, ""d_e"": 16, ""seed"": 3407, ""learning_rate"": 0.001, ""d_k"": 64}",qid,0.001,3407,0.5,,,,,,,,,,,,,,,,,,,,,,,,,,,,,,,,,,,,,,0.01,,,,,,,64.0,16.0,64.0,,,,,,,,,
lpkt.csv,lpkt,bridge2algebra2006,3,"{""emb_type"": ""qid"", ""d_a"": 64, ""dropout"": 0.5, ""gamma"": 0.01, ""d_e"": 16, ""seed"": 3407, ""learning_rate"": 0.001, ""d_k"": 64}",qid,0.001,3407,0.5,,,,,,,,,,,,,,,,,,,,,,,,,,,,,,,,,,,,,,0.01,,,,,,,64.0,16.0,64.0,,,,,,,,,
lpkt.csv,lpkt,bridge2algebra2006,4,"{""emb_type"": ""qid"", ""d_a"": 64, ""dropout"": 0.3, ""gamma"": 0.01, ""d_e"": 16, ""seed"": 42, ""learning_rate"": 0.001, ""d_k"": 64}",qid,0.001,42,0.3,,,,,,,,,,,,,,,,,,,,,,,,,,,,,,,,,,,,,,0.01,,,,,,,64.0,16.0,64.0,,,,,,,,,
lpkt.csv,lpkt,bridge2algebra2006,4,"{""emb_type"": ""qid"", ""d_a"": 64, ""dropout"": 0.3, ""gamma"": 0.01, ""d_e"": 16, ""seed"": 3407, ""learning_rate"": 0.001, ""d_k"": 64}",qid,0.001,3407,0.3,,,,,,,,,,,,,,,,,,,,,,,,,,,,,,,,,,,,,,0.01,,,,,,,64.0,16.0,64.0,,,,,,,,,
lpkt.csv,lpkt,ednet,0,"{""emb_type"": ""qid"", ""d_a"": 16, ""dropout"": 0.5, ""gamma"": 0.1, ""d_e"": 64, ""seed"": 42, ""learning_rate"": 0.001, ""d_k"": 64}",qid,0.001,42,0.5,,,,,,,,,,,,,,,,,,,,,,,,,,,,,,,,,,,,,,0.1,,,,,,,16.0,64.0,64.0,,,,,,,,,
lpkt.csv,lpkt,ednet,0,"{""emb_type"": ""qid"", ""d_a"": 16, ""dropout"": 0.5, ""gamma"": 0.07, ""d_e"": 16, ""seed"": 3407, ""learning_rate"": 0.001, ""d_k"": 64}",qid,0.001,3407,0.5,,,,,,,,,,,,,,,,,,,,,,,,,,,,,,,,,,,,,,0.07,,,,,,,16.0,16.0,64.0,,,,,,,,,
lpkt.csv,lpkt,ednet,1,"{""emb_type"": ""qid"", ""d_a"": 64, ""dropout"": 0.5, ""gamma"": 0.1, ""d_e"": 64, ""seed"": 3407, ""learning_rate"": 0.001, ""d_k"": 64}",qid,0.001,3407,0.5,,,,,,,,,,,,,,,,,,,,,,,,,,,,,,,,,,,,,,0.1,,,,,,,64.0,64.0,64.0,,,,,,,,,
lpkt.csv,lpkt,ednet,1,"{""emb_type"": ""qid"", ""d_a"": 64, ""dropout"": 0.3, ""gamma"": 0.1, ""d_e"": 16, ""seed"": 42, ""learning_rate"": 0.001, ""d_k"": 64}",qid,0.001,42,0.3,,,,,,,,,,,,,,,,,,,,,,,,,,,,,,,,,,,,,,0.1,,,,,,,64.0,16.0,64.0,,,,,,,,,
lpkt.csv,lpkt,ednet,2,"{""emb_type"": ""qid"", ""d_a"": 16, ""dropout"": 0.1, ""gamma"": 0.1, ""d_e"": 64, ""seed"": 42, ""learning_rate"": 0.001, ""d_k"": 64}",qid,0.001,42,0.1,,,,,,,,,,,,,,,,,,,,,,,,,,,,,,,,,,,,,,0.1,,,,,,,16.0,64.0,64.0,,,,,,,,,
lpkt.csv,lpkt,ednet,2,"{""emb_type"": ""qid"", ""d_a"": 16, ""dropout"": 0.5, ""gamma"": 0.07, ""d_e"": 16, ""seed"": 3407, ""learning_rate"": 0.001, ""d_k"": 64}",qid,0.001,3407,0.5,,,,,,,,,,,,,,,,,,,,,,,,,,,,,,,,,,,,,,0.07,,,,,,,16.0,16.0,64.0,,,,,,,,,
lpkt.csv,lpkt,ednet,3,"{""emb_type"": ""qid"", ""d_a"": 16, ""dropout"": 0.1, ""gamma"": 0.1, ""d_e"": 64, ""seed"": 42, ""learning_rate"": 0.001, ""d_k"": 64}",qid,0.001,42,0.1,,,,,,,,,,,,,,,,,,,,,,,,,,,,,,,,,,,,,,0.1,,,,,,,16.0,64.0,64.0,,,,,,,,,
lpkt.csv,lpkt,ednet,3,"{""emb_type"": ""qid"", ""d_a"": 16, ""dropout"": 0.1, ""gamma"": 0.07, ""d_e"": 16, ""seed"": 3407, ""learning_rate"": 0.001, ""d_k"": 64}",qid,0.001,3407,0.1,,,,,,,,,,,,,,,,,,,,,,,,,,,,,,,,,,,,,,0.07,,,,,,,16.0,16.0,64.0,,,,,,,,,
lpkt.csv,lpkt,ednet,4,"{""emb_type"": ""qid"", ""d_a"": 64, ""dropout"": 0.05, ""gamma"": 0.1, ""d_e"": 64, ""seed"": 42, ""learning_rate"": 0.001, ""d_k"": 16}",qid,0.001,42,0.05,,,,,,,,,,,,,,,,,,,,,,,,,,,,,,,,,,,,,,0.1,,,,,,,64.0,64.0,16.0,,,,,,,,,
lpkt.csv,lpkt,ednet,4,"{""emb_type"": ""qid"", ""d_a"": 16, ""dropout"": 0.5, ""gamma"": 0.1, ""d_e"": 16, ""seed"": 3407, ""learning_rate"": 0.001, ""d_k"": 64}",qid,0.001,3407,0.5,,,,,,,,,,,,,,,,,,,,,,,,,,,,,,,,,,,,,,0.1,,,,,,,16.0,16.0,64.0,,,,,,,,,
lpkt.csv,lpkt,nips_task34,0,"{""emb_type"": ""qid"", ""d_a"": 64, ""dropout"": 0.1, ""gamma"": 0.1, ""d_e"": 64, ""seed"": 3407, ""learning_rate"": 0.001, ""d_k"": 64}",qid,0.001,3407,0.1,,,,,,,,,,,,,,,,,,,,,,,,,,,,,,,,,,,,,,0.1,,,,,,,64.0,64.0,64.0,,,,,,,,,
lpkt.csv,lpkt,nips_task34,0,"{""emb_type"": ""qid"", ""d_a"": 16, ""dropout"": 0.3, ""gamma"": 0.1, ""d_e"": 64, ""seed"": 3407, ""learning_rate"": 0.001, ""d_k"": 64}",qid,0.001,3407,0.3,,,,,,,,,,,,,,,,,,,,,,,,,,,,,,,,,,,,,,0.1,,,,,,,16.0,64.0,64.0,,,,,,,,,
lpkt.csv,lpkt,nips_task34,1,"{""emb_type"": ""qid"", ""d_a"": 64, ""dropout"": 0.1, ""gamma"": 0.1, ""d_e"": 64, ""seed"": 42, ""learning_rate"": 0.001, ""d_k"": 64}",qid,0.001,42,0.1,,,,,,,,,,,,,,,,,,,,,,,,,,,,,,,,,,,,,,0.1,,,,,,,64.0,64.0,64.0,,,,,,,,,
lpkt.csv,lpkt,nips_task34,1,"{""emb_type"": ""qid"", ""d_a"": 64, ""dropout"": 0.05, ""gamma"": 0.1, ""d_e"": 64, ""seed"": 3407, ""learning_rate"": 0.001, ""d_k"": 64}",qid,0.001,3407,0.05,,,,,,,,,,,,,,,,,,,,,,,,,,,,,,,,,,,,,,0.1,,,,,,,64.0,64.0,64.0,,,,,,,,,
lpkt.csv,lpkt,nips_task34,2,"{""emb_type"": ""qid"", ""d_a"": 16, ""dropout"": 0.1, ""gamma"": 0.1, ""d_e"": 64, ""seed"": 42, ""learning_rate"": 0.001, ""d_k"": 64}",qid,0.001,42,0.1,,,,,,,,,,,,,,,,,,,,,,,,,,,,,,,,,,,,,,0.1,,,,,,,16.0,64.0,64.0,,,,,,,,,
lpkt.csv,lpkt,nips_task34,2,"{""emb_type"": ""qid"", ""d_a"": 16, ""dropout"": 0.3, ""gamma"": 0.1, ""d_e"": 64, ""seed"": 3407, ""learning_rate"": 0.001, ""d_k"": 64}",qid,0.001,3407,0.3,,,,,,,,,,,,,,,,,,,,,,,,,,,,,,,,,,,,,,0.1,,,,,,,16.0,64.0,64.0,,,,,,,,,
lpkt.csv,lpkt,nips_task34,3,"{""emb_type"": ""qid"", ""d_a"": 16, ""dropout"": 0.5, ""gamma"": 0.07, ""d_e"": 64, ""seed"": 42, ""learning_rate"": 0.001, ""d_k"": 64}",qid,0.001,42,0.5,,,,,,,,,,,,,,,,,,,,,,,,,,,,,,,,,,,,,,0.07,,,,,,,16.0,64.0,64.0,,,,,,,,,
lpkt.csv,lpkt,nips_task34,3,"{""emb_type"": ""qid"", ""d_a"": 64, ""dropout"": 0.3, ""gamma"": 0.1, ""d_e"": 64, ""seed"": 3407, ""learning_rate"": 0.001, ""d_k"": 64}",qid,0.001,3407,0.3,,,,,,,,,,,,,,,,,,,,,,,,,,,,,,,,,,,,,,0.1,,,,,,,64.0,64.0,64.0,,,,,,,,,
lpkt.csv,lpkt,nips_task34,4,"{""emb_type"": ""qid"", ""d_a"": 64, ""dropout"": 0.05, ""gamma"": 0.1, ""d_e"": 64, ""seed"": 42, ""learning_rate"": 0.001, ""d_k"": 64}",qid,0.001,42,0.05,,,,,,,,,,,,,,,,,,,,,,,,,,,,,,,,,,,,,,0.1,,,,,,,64.0,64.0,64.0,,,,,,,,,
lpkt.csv,lpkt,nips_task34,4,"{""emb_type"": ""qid"", ""d_a"": 16, ""dropout"": 0.1, ""gamma"": 0.1, ""d_e"": 64, ""seed"": 3407, ""learning_rate"": 0.001, ""d_k"": 64}",qid,0.001,3407,0.1,,,,,,,,,,,,,,,,,,,,,,,,,,,,,,,,,,,,,,0.1,,,,,,,16.0,64.0,64.0,,,,,,,,,
qdkt.csv,qdkt,algebra2005,0,"{""emb_type"": ""qid"", ""emb_size"": 256, ""dropout"": 0.5, ""seed"": 42, ""num_epochs"": 200, ""batch_size"": 32, ""learning_rate"": 0.001}",qid,0.001,42,0.5,,32.0,200.0,256.0,,,,,,,,,,,,,,,,,,,,,,,,,,,,,,,,,,,,,,,,,,,,,,,,,,,,
qdkt.csv,qdkt,algebra2005,1,"{""emb_type"": ""qid"", ""emb_size"": 256, ""dropout"": 0.5, ""seed"": 3407, ""num_epochs"": 200, ""batch_size"": 32, ""learning_rate"": 0.001}",qid,0.001,3407,0.5,,32.0,200.0,256.0,,,,,,,,,,,,,,,,,,,,,,,,,,,,,,,,,,,,,,,,,,,,,,,,,,,,
qdkt.csv,qdkt,algebra2005,2,"{""emb_type"": ""qid"", ""emb_size"": 64, ""dropout"": 0.5, ""seed"": 3407, ""num_epochs"": 200, ""batch_size"": 32, ""learning_rate"": 0.001}",qid,0.001,3407,0.5,,32.0,200.0,64.0,,,,,,,,,,,,,,,,,,,,,,,,,,,,,,,,,,,,,,,,,,,,,,,,,,,,
qdkt.csv,qdkt,algebra2005,3,"{""emb_type"": ""qid"", ""emb_size"": 256, ""dropout"": 0.5, ""seed"": 3407, ""num_epochs"": 200, ""batch_size"": 32, ""learning_rate"": 0.001}",qid,0.001,3407,0.5,,32.0,200.0,256.0,,,,,,,,,,,,,,,,,,,,,,,,,,,,,,,,,,,,,,,,,,,,,,,,,,,,
qdkt.csv,qdkt,algebra2005,4,"{""emb_type"": ""qid"", ""emb_size"": 64, ""dropout"": 0.5, ""seed"": 42, ""num_epochs"": 200, ""batch_size"": 32, ""learning_rate"": 0.001}",qid,0.001,42,0.5,,32.0,200.0,64.0,,,,,,,,,,,,,,,,,,,,,,,,,,,,,,,,,,,,,,,,,,,,,,,,,,,,
qdkt.csv,qdkt,assist2009,0,"{""emb_type"": ""qid"", ""emb_size"": 256, ""dropout"": 0.5, ""seed"": 42, ""num_epochs"": 200, ""batch_size"": 64, ""learning_rate"": 0.001}",qid,0.001,42,0.5,,64.0,200.0,256.0,,,,,,,,,,,,,,,,,,,,,,,,,,,,,,,,,,,,,,,,,,,,,,,,,,,,
qdkt.csv,qdkt,assist2009,1,"{""emb_type"": ""qid"", ""emb_size"": 256, ""dropout"": 0.05, ""seed"": 3407, ""num_epochs"": 200, ""batch_size"": 64, ""learning_rate"": 0.001}",qid,0.001,3407,0.05,,64.0,200.0,256.0,,,,,,,,,,,,,,,,,,,,,,,,,,,,,,,,,,,,,,,,,,,,,,,,,,,,
qdkt.csv,qdkt,assist2009,2,"{""emb_type"": ""qid"", ""emb_size"": 256, ""dropout"": 0.5, ""seed"": 42, ""num_epochs"": 200, ""batch_size"": 64, ""learning_rate"": 0.001}",qid,0.001,42,0.5,,64.0,200.0,256.0,,,,,,,,,,,,,,,,,,,,,,,,,,,,,,,,,,,,,,,,,,,,,,,,,,,,
qdkt.csv,qdkt,assist2009,3,"{""emb_type"": ""qid"", ""emb_size"": 256, ""dropout"": 0.05, ""seed"": 42, ""num_epochs"": 200, ""batch_size"": 64, ""learning_rate"": 0.001}",qid,0.001,42,0.05,,64.0,200.0,256.0,,,,,,,,,,,,,,,,,,,,,,,,,,,,,,,,,,,,,,,,,,,,,,,,,,,,
qdkt.csv,qdkt,assist2009,4,"{""emb_type"": ""qid"", ""emb_size"": 256, ""dropout"": 0.1, ""seed"": 42, ""num_epochs"": 200, ""batch_size"": 64, ""learning_rate"": 0.001}",qid,0.001,42,0.1,,64.0,200.0,256.0,,,,,,,,,,,,,,,,,,,,,,,,,,,,,,,,,,,,,,,,,,,,,,,,,,,,
qdkt.csv,qdkt,bridge2algebra2006,0,"{""emb_type"": ""qid"", ""emb_size"": 256, ""dropout"": 0.5, ""seed"": 42, ""num_epochs"": 200, ""batch_size"": 32, ""learning_rate"": 0.001}",qid,0.001,42,0.5,,32.0,200.0,256.0,,,,,,,,,,,,,,,,,,,,,,,,,,,,,,,,,,,,,,,,,,,,,,,,,,,,
qdkt.csv,qdkt,bridge2algebra2006,1,"{""emb_type"": ""qid"", ""emb_size"": 256, ""dropout"": 0.5, ""seed"": 3407, ""num_epochs"": 200, ""batch_size"": 32, ""learning_rate"": 0.001}",qid,0.001,3407,0.5,,32.0,200.0,256.0,,,,,,,,,,,,,,,,,,,,,,,,,,,,,,,,,,,,,,,,,,,,,,,,,,,,
qdkt.csv,qdkt,bridge2algebra2006,2,"{""emb_type"": ""qid"", ""emb_size"": 64, ""dropout"": 0.5, ""seed"": 3407, ""num_epochs"": 200, ""batch_size"": 32, ""learning_rate"": 0.001}",qid,0.001,3407,0.5,,32.0,200.0,64.0,,,,,,,,,,,,,,,,,,,,,,,,,,,,,,,,,,,,,,,,,,,,,,,,,,,,
qdkt.csv,qdkt,bridge2algebra2006,3,"{""emb_type"": ""qid"", ""emb_size"": 64, ""dropout"": 0.5, ""seed"": 3407, ""num_epochs"": 200, ""batch_size"": 32, ""learning_rate"": 0.001}",qid,0.001,3407,0.5,,32.0,200.0,64.0,,,,,,,,,,,,,,,,,,,,,,,,,,,,,,,,,,,,,,,,,,,,,,,,,,,,
qdkt.csv,qdkt,bridge2algebra2006,4,"{""emb_type"": ""qid"", ""emb_size"": 64, ""dropout"": 0.5, ""seed"": 3407, ""num_epochs"": 200, ""batch_size"": 32, ""learning_rate"": 0.001}",qid,0.001,3407,0.5,,32.0,200.0,64.0,,,,,,,,,,,,,,,,,,,,,,,,,,,,,,,,,,,,,,,,,,,,,,,,,,,,
qdkt.csv,qdkt,ednet,0,"{""emb_type"": ""qid"", ""emb_size"": 64, ""dropout"": 0.05, ""seed"": 42, ""num_epochs"": 200, ""batch_size"": 32, ""learning_rate"": 0.0001}",qid,0.0001,42,0.05,,32.0,200.0,64.0,,,,,,,,,,,,,,,,,,,,,,,,,,,,,,,,,,,,,,,,,,,,,,,,,,,,
qdkt.csv,qdkt,ednet,1,"{""emb_type"": ""qid"", ""emb_size"": 64, ""dropout"": 0.1, ""seed"": 42, ""num_epochs"": 200, ""batch_size"": 32, ""learning_rate"": 0.0001}",qid,0.0001,42,0.1,,32.0,200.0,64.0,,,,,,,,,,,,,,,,,,,,,,,,,,,,,,,,,,,,,,,,,,,,,,,,,,,,
qdkt.csv,qdkt,ednet,2,"{""emb_type"": ""qid"", ""emb_size"": 64, ""dropout"": 0.05, ""seed"": 42, ""num_epochs"": 200, ""batch_size"": 32, ""learning_rate"": 0.0001}",qid,0.0001,42,0.05,,32.0,200.0,64.0,,,,,,,,,,,,,,,,,,,,,,,,,,,,,,,,,,,,,,,,,,,,,,,,,,,,
qdkt.csv,qdkt,ednet,3,"{""emb_type"": ""qid"", ""emb_size"": 64, ""dropout"": 0.05, ""seed"": 42, ""num_epochs"": 200, ""batch_size"": 32, ""learning_rate"": 0.0001}",qid,0.0001,42,0.05,,32.0,200.0,64.0,,,,,,,,,,,,,,,,,,,,,,,,,,,,,,,,,,,,,,,,,,,,,,,,,,,,
qdkt.csv,qdkt,ednet,4,"{""emb_type"": ""qid"", ""emb_size"": 64, ""dropout"": 0.05, ""seed"": 3407, ""num_epochs"": 200, ""batch_size"": 32, ""learning_rate"": 0.0001}",qid,0.0001,3407,0.05,,32.0,200.0,64.0,,,,,,,,,,,,,,,,,,,,,,,,,,,,,,,,,,,,,,,,,,,,,,,,,,,,
qdkt.csv,qdkt,nips_task34,0,"{""emb_type"": ""qid"", ""emb_size"": 64, ""dropout"": 0.5, ""seed"": 3407, ""num_epochs"": 200, ""batch_size"": 64, ""learning_rate"": 0.001}",qid,0.001,3407,0.5,,64.0,200.0,64.0,,,,,,,,,,,,,,,,,,,,,,,,,,,,,,,,,,,,,,,,,,,,,,,,,,,,
qdkt.csv,qdkt,nips_task34,1,"{""emb_type"": ""qid"", ""emb_size"": 64, ""dropout"": 0.5, ""seed"": 3407, ""num_epochs"": 200, ""batch_size"": 64, ""learning_rate"": 0.001}",qid,0.001,3407,0.5,,64.0,200.0,64.0,,,,,,,,,,,,,,,,,,,,,,,,,,,,,,,,,,,,,,,,,,,,,,,,,,,,
qdkt.csv,qdkt,nips_task34,2,"{""emb_type"": ""qid"", ""emb_size"": 64, ""dropout"": 0.5, ""seed"": 3407, ""num_epochs"": 200, ""batch_size"": 64, ""learning_rate"": 0.001}",qid,0.001,3407,0.5,,64.0,200.0,64.0,,,,,,,,,,,,,,,,,,,,,,,,,,,,,,,,,,,,,,,,,,,,,,,,,,,,
qdkt.csv,qdkt,nips_task34,3,"{""emb_type"": ""qid"", ""emb_size"": 64, ""dropout"": 0.5, ""seed"": 3407, ""num_epochs"": 200, ""batch_size"": 64, ""learning_rate"": 0.001}",qid,0.001,3407,0.5,,64.0,200.0,64.0,,,,,,,,,,,,,,,,,,,,,,,,,,,,,,,,,,,,,,,,,,,,,,,,,,,,
qdkt.csv,qdkt,nips_task34,4,"{""emb_type"": ""qid"", ""emb_size"": 64, ""dropout"": 0.5, ""seed"": 3407, ""num_epochs"": 200, ""batch_size"": 64, ""learning_rate"": 0.001}",qid,0.001,3407,0.5,,64.0,200.0,64.0,,,,,,,,,,,,,,,,,,,,,,,,,,,,,,,,,,,,,,,,,,,,,,,,,,,,
qikt.csv,qikt,algebra2005,0,"{""emb_type"": ""iekt"", ""emb_size"": 256, ""other_config"": ""{'ab_mode': 'a+b+c+irt', 'output_mode': 'an_irt', 'loss_q_all_lambda': 0.0, 'loss_c_all_lambda': 0.5, 'loss_c_next_lambda': 1.5, 'output_q_all_lambda': 1, 'output_c_all_lambda': 1, 'output_c_next_lambda': 1}"", ""dropout"": 0.5, ""mlp_layer_num"": 1, ""seed"": 42, ""num_epochs"": 200, ""batch_size"": 32, ""learning_rate"": 0.001}",iekt,0.001,42,0.5,,32.0,200.0,256.0,,,,,,,,,,,,,,,,,,,,,,,,,,,,,,,,,,,,,,,,,,,,"{'ab_mode': 'a+b+c+irt', 'output_mode': 'an_irt', 'loss_q_all_lambda': 0.0, 'loss_c_all_lambda': 0.5, 'loss_c_next_lambda': 1.5, 'output_q_all_lambda': 1, 'output_c_all_lambda': 1, 'output_c_next_lambda': 1}",1.0,,,,,,,
qikt.csv,qikt,algebra2005,1,"{""emb_type"": ""iekt"", ""emb_size"": 256, ""other_config"": ""{'ab_mode': 'a+b+c+irt', 'output_mode': 'an_irt', 'loss_q_all_lambda': 0.0, 'loss_c_all_lambda': 0.5, 'loss_c_next_lambda': 2.0, 'output_q_all_lambda': 1, 'output_c_all_lambda': 1, 'output_c_next_lambda': 1}"", ""dropout"": 0.5, ""mlp_layer_num"": 1, ""seed"": 3407, ""num_epochs"": 200, ""batch_size"": 32, ""learning_rate"": 0.001}",iekt,0.001,3407,0.5,,32.0,200.0,256.0,,,,,,,,,,,,,,,,,,,,,,,,,,,,,,,,,,,,,,,,,,,,"{'ab_mode': 'a+b+c+irt', 'output_mode': 'an_irt', 'loss_q_all_lambda': 0.0, 'loss_c_all_lambda': 0.5, 'loss_c_next_lambda': 2.0, 'output_q_all_lambda': 1, 'output_c_all_lambda': 1, 'output_c_next_lambda': 1}",1.0,,,,,,,
qikt.csv,qikt,algebra2005,2,"{""emb_type"": ""iekt"", ""emb_size"": 256, ""other_config"": ""{'ab_mode': 'a+b+c+irt', 'output_mode': 'an_irt', 'loss_q_all_lambda': 0.0, 'loss_c_all_lambda': 1.0, 'loss_c_next_lambda': 2.0, 'output_q_all_lambda': 1, 'output_c_all_lambda': 1, 'output_c_next_lambda': 1}"", ""dropout"": 0.5, ""mlp_layer_num"": 1, ""seed"": 42, ""num_epochs"": 200, ""batch_size"": 32, ""learning_rate"": 0.001}",iekt,0.001,42,0.5,,32.0,200.0,256.0,,,,,,,,,,,,,,,,,,,,,,,,,,,,,,,,,,,,,,,,,,,,"{'ab_mode': 'a+b+c+irt', 'output_mode': 'an_irt', 'loss_q_all_lambda': 0.0, 'loss_c_all_lambda': 1.0, 'loss_c_next_lambda': 2.0, 'output_q_all_lambda': 1, 'output_c_all_lambda': 1, 'output_c_next_lambda': 1}",1.0,,,,,,,
qikt.csv,qikt,algebra2005,3,"{""emb_type"": ""iekt"", ""emb_size"": 256, ""other_config"": ""{'ab_mode': 'a+b+c+irt', 'output_mode': 'an_irt', 'loss_q_all_lambda': 0.0, 'loss_c_all_lambda': 0.5, 'loss_c_next_lambda': 1.0, 'output_q_all_lambda': 1, 'output_c_all_lambda': 1, 'output_c_next_lambda': 1}"", ""dropout"": 0.5, ""mlp_layer_num"": 1, ""seed"": 42, ""num_epochs"": 200, ""batch_size"": 32, ""learning_rate"": 0.001}",iekt,0.001,42,0.5,,32.0,200.0,256.0,,,,,,,,,,,,,,,,,,,,,,,,,,,,,,,,,,,,,,,,,,,,"{'ab_mode': 'a+b+c+irt', 'output_mode': 'an_irt', 'loss_q_all_lambda': 0.0, 'loss_c_all_lambda': 0.5, 'loss_c_next_lambda': 1.0, 'output_q_all_lambda': 1, 'output_c_all_lambda': 1, 'output_c_next_lambda': 1}",1.0,,,,,,,
qikt.csv,qikt,algebra2005,4,"{""emb_type"": ""iekt"", ""emb_size"": 256, ""other_config"": ""{'ab_mode': 'a+b+c+irt', 'output_mode': 'an_irt', 'loss_q_all_lambda': 0.0, 'loss_c_all_lambda': 1.0, 'loss_c_next_lambda': 1.5, 'output_q_all_lambda': 1, 'output_c_all_lambda': 1, 'output_c_next_lambda': 1}"", ""dropout"": 0.5, ""mlp_layer_num"": 1, ""seed"": 42, ""num_epochs"": 200, ""batch_size"": 32, ""learning_rate"": 0.001}",iekt,0.001,42,0.5,,32.0,200.0,256.0,,,,,,,,,,,,,,,,,,,,,,,,,,,,,,,,,,,,,,,,,,,,"{'ab_mode': 'a+b+c+irt', 'output_mode': 'an_irt', 'loss_q_all_lambda': 0.0, 'loss_c_all_lambda': 1.0, 'loss_c_next_lambda': 1.5, 'output_q_all_lambda': 1, 'output_c_all_lambda': 1, 'output_c_next_lambda': 1}",1.0,,,,,,,
qikt.csv,qikt,assist2009,0,"{""emb_type"": ""iekt"", ""emb_size"": 256, ""other_config"": ""{'ab_mode': 'a+b+c+irt', 'output_mode': 'an_irt', 'loss_q_all_lambda': 2.0, 'loss_c_all_lambda': 2.0, 'loss_c_next_lambda': 2.0, 'output_q_all_lambda': 1, 'output_c_all_lambda': 1, 'output_c_next_lambda': 1}"", ""dropout"": 0.5, ""mlp_layer_num"": 1, ""seed"": 3407, ""num_epochs"": 200, ""batch_size"": 32, ""learning_rate"": 0.0001}",iekt,0.0001,3407,0.5,,32.0,200.0,256.0,,,,,,,,,,,,,,,,,,,,,,,,,,,,,,,,,,,,,,,,,,,,"{'ab_mode': 'a+b+c+irt', 'output_mode': 'an_irt', 'loss_q_all_lambda': 2.0, 'loss_c_all_lambda': 2.0, 'loss_c_next_lambda': 2.0, 'output_q_all_lambda': 1, 'output_c_all_lambda': 1, 'output_c_next_lambda': 1}",1.0,,,,,,,
qikt.csv,qikt,assist2009,1,"{""emb_type"": ""iekt"", ""emb_size"": 256, ""other_config"": ""{'ab_mode': 'a+b+c+irt', 'output_mode': 'an_irt', 'loss_q_all_lambda': 2.0, 'loss_c_all_lambda': 2.0, 'loss_c_next_lambda': 2.0, 'output_q_all_lambda': 1, 'output_c_all_lambda': 1, 'output_c_next_lambda': 1}"", ""dropout"": 0.5, ""mlp_layer_num"": 1, ""seed"": 42, ""num_epochs"": 200, ""batch_size"": 32, ""learning_rate"": 0.0001}",iekt,0.0001,42,0.5,,32.0,200.0,256.0,,,,,,,,,,,,,,,,,,,,,,,,,,,,,,,,,,,,,,,,,,,,"{'ab_mode': 'a+b+c+irt', 'output_mode': 'an_irt', 'loss_q_all_lambda': 2.0, 'loss_c_all_lambda': 2.0, 'loss_c_next_lambda': 2.0, 'output_q_all_lambda': 1, 'output_c_all_lambda': 1, 'output_c_next_lambda': 1}",1.0,,,,,,,
qikt.csv,qikt,assist2009,2,"{""emb_type"": ""iekt"", ""emb_size"": 256, ""other_config"": ""{'ab_mode': 'a+b+c+irt', 'output_mode': 'an_irt', 'loss_q_all_lambda': 2.0, 'loss_c_all_lambda': 2.0, 'loss_c_next_lambda': 2.0, 'output_q_all_lambda': 1, 'output_c_all_lambda': 1, 'output_c_next_lambda': 1}"", ""dropout"": 0.5, ""mlp_layer_num"": 1, ""seed"": 42, ""num_epochs"": 200, ""batch_size"": 32, ""learning_rate"": 0.0001}",iekt,0.0001,42,0.5,,32.0,200.0,256.0,,,,,,,,,,,,,,,,,,,,,,,,,,,,,,,,,,,,,,,,,,,,"{'ab_mode': 'a+b+c+irt', 'output_mode': 'an_irt', 'loss_q_all_lambda': 2.0, 'loss_c_all_lambda': 2.0, 'loss_c_next_lambda': 2.0, 'output_q_all_lambda': 1, 'output_c_all_lambda': 1, 'output_c_next_lambda': 1}",1.0,,,,,,,
qikt.csv,qikt,assist2009,3,"{""emb_type"": ""iekt"", ""emb_size"": 256, ""other_config"": ""{'ab_mode': 'a+b+c+irt', 'output_mode': 'an_irt', 'loss_q_all_lambda': 1.5, 'loss_c_all_lambda': 1.5, 'loss_c_next_lambda': 1.0, 'output_q_all_lambda': 1, 'output_c_all_lambda': 1, 'output_c_next_lambda': 1}"", ""dropout"": 0.5, ""mlp_layer_num"": 1, ""seed"": 3407, ""num_epochs"": 200, ""batch_size"": 32, ""learning_rate"": 0.0001}",iekt,0.0001,3407,0.5,,32.0,200.0,256.0,,,,,,,,,,,,,,,,,,,,,,,,,,,,,,,,,,,,,,,,,,,,"{'ab_mode': 'a+b+c+irt', 'output_mode': 'an_irt', 'loss_q_all_lambda': 1.5, 'loss_c_all_lambda': 1.5, 'loss_c_next_lambda': 1.0, 'output_q_all_lambda': 1, 'output_c_all_lambda': 1, 'output_c_next_lambda': 1}",1.0,,,,,,,
qikt.csv,qikt,assist2009,4,"{""emb_type"": ""iekt"", ""emb_size"": 256, ""other_config"": ""{'ab_mode': 'a+b+c+irt', 'output_mode': 'an_irt', 'loss_q_all_lambda': 2.0, 'loss_c_all_lambda': 2.0, 'loss_c_next_lambda': 1.5, 'output_q_all_lambda': 1, 'output_c_all_lambda': 1, 'output_c_next_lambda': 1}"", ""dropout"": 0.5, ""mlp_layer_num"": 1, ""seed"": 42, ""num_epochs"": 200, ""batch_size"": 32, ""learning_rate"": 0.0001}",iekt,0.0001,42,0.5,,32.0,200.0,256.0,,,,,,,,,,,,,,,,,,,,,,,,,,,,,,,,,,,,,,,,,,,,"{'ab_mode': 'a+b+c+irt', 'output_mode': 'an_irt', 'loss_q_all_lambda': 2.0, 'loss_c_all_lambda': 2.0, 'loss_c_next_lambda': 1.5, 'output_q_all_lambda': 1, 'output_c_all_lambda': 1, 'output_c_next_lambda': 1}",1.0,,,,,,,
qikt.csv,qikt,bridge2algebra2006,0,"{""emb_type"": ""iekt"", ""emb_size"": 256, ""other_config"": ""{'ab_mode': 'a+b+c+irt', 'output_mode': 'an_irt', 'loss_q_all_lambda': 2.0, 'loss_c_all_lambda': 1.5, 'loss_c_next_lambda': 1.0, 'output_q_all_lambda': 1, 'output_c_all_lambda': 1, 'output_c_next_lambda': 1}"", ""dropout"": 0.5, ""mlp_layer_num"": 1, ""seed"": 42, ""num_epochs"": 200, ""batch_size"": 32, ""learning_rate"": 0.001}",iekt,0.001,42,0.5,,32.0,200.0,256.0,,,,,,,,,,,,,,,,,,,,,,,,,,,,,,,,,,,,,,,,,,,,"{'ab_mode': 'a+b+c+irt', 'output_mode': 'an_irt', 'loss_q_all_lambda': 2.0, 'loss_c_all_lambda': 1.5, 'loss_c_next_lambda': 1.0, 'output_q_all_lambda': 1, 'output_c_all_lambda': 1, 'output_c_next_lambda': 1}",1.0,,,,,,,
qikt.csv,qikt,bridge2algebra2006,1,"{""emb_type"": ""iekt"", ""emb_size"": 256, ""other_config"": ""{'ab_mode': 'a+b+c+irt', 'output_mode': 'an_irt', 'loss_q_all_lambda': 1.0, 'loss_c_all_lambda': 2.0, 'loss_c_next_lambda': 2.0, 'output_q_all_lambda': 1, 'output_c_all_lambda': 1, 'output_c_next_lambda': 1}"", ""dropout"": 0.5, ""mlp_layer_num"": 1, ""seed"": 3407, ""num_epochs"": 200, ""batch_size"": 32, ""learning_rate"": 0.001}",iekt,0.001,3407,0.5,,32.0,200.0,256.0,,,,,,,,,,,,,,,,,,,,,,,,,,,,,,,,,,,,,,,,,,,,"{'ab_mode': 'a+b+c+irt', 'output_mode': 'an_irt', 'loss_q_all_lambda': 1.0, 'loss_c_all_lambda': 2.0, 'loss_c_next_lambda': 2.0, 'output_q_all_lambda': 1, 'output_c_all_lambda': 1, 'output_c_next_lambda': 1}",1.0,,,,,,,
qikt.csv,qikt,bridge2algebra2006,2,"{""emb_type"": ""iekt"", ""emb_size"": 256, ""other_config"": ""{'ab_mode': 'a+b+c+irt', 'output_mode': 'an_irt', 'loss_q_all_lambda': 1.5, 'loss_c_all_lambda': 2.0, 'loss_c_next_lambda': 2.0, 'output_q_all_lambda': 1, 'output_c_all_lambda': 1, 'output_c_next_lambda': 1}"", ""dropout"": 0.5, ""mlp_layer_num"": 1, ""seed"": 3407, ""num_epochs"": 200, ""batch_size"": 32, ""learning_rate"": 0.001}",iekt,0.001,3407,0.5,,32.0,200.0,256.0,,,,,,,,,,,,,,,,,,,,,,,,,,,,,,,,,,,,,,,,,,,,"{'ab_mode': 'a+b+c+irt', 'output_mode': 'an_irt', 'loss_q_all_lambda': 1.5, 'loss_c_all_lambda': 2.0, 'loss_c_next_lambda': 2.0, 'output_q_all_lambda': 1, 'output_c_all_lambda': 1, 'output_c_next_lambda': 1}",1.0,,,,,,,
qikt.csv,qikt,bridge2algebra2006,3,"{""emb_type"": ""iekt"", ""emb_size"": 256, ""other_config"": ""{'ab_mode': 'a+b+c+irt', 'output_mode': 'an_irt', 'loss_q_all_lambda': 2.0, 'loss_c_all_lambda': 2.0, 'loss_c_next_lambda': 1.5, 'output_q_all_lambda': 1, 'output_c_all_lambda': 1, 'output_c_next_lambda': 1}"", ""dropout"": 0.5, ""mlp_layer_num"": 1, ""seed"": 42, ""num_epochs"": 200, ""batch_size"": 32, ""learning_rate"": 0.001}",iekt,0.001,42,0.5,,32.0,200.0,256.0,,,,,,,,,,,,,,,,,,,,,,,,,,,,,,,,,,,,,,,,,,,,"{'ab_mode': 'a+b+c+irt', 'output_mode': 'an_irt', 'loss_q_all_lambda': 2.0, 'loss_c_all_lambda': 2.0, 'loss_c_next_lambda': 1.5, 'output_q_all_lambda': 1, 'output_c_all_lambda': 1, 'output_c_next_lambda': 1}",1.0,,,,,,,
qikt.csv,qikt,bridge2algebra2006,4,"{""emb_type"": ""iekt"", ""emb_size"": 256, ""other_config"": ""{'ab_mode': 'a+b+c+irt', 'output_mode': 'an_irt', 'loss_q_all_lambda': 0.0, 'loss_c_all_lambda': 0.5, 'loss_c_next_lambda': 2.0, 'output_q_all_lambda': 1, 'output_c_all_lambda': 1, 'output_c_next_lambda': 1}"", ""dropout"": 0.5, ""mlp_layer_num"": 1, ""seed"": 3407, ""num_epochs"": 200, ""batch_size"": 32, ""learning_rate"": 0.001}",iekt,0.001,3407,0.5,,32.0,200.0,256.0,,,,,,,,,,,,,,,,,,,,,,,,,,,,,,,,,,,,,,,,,,,,"{'ab_mode': 'a+b+c+irt', 'output_mode': 'an_irt', 'loss_q_all_lambda': 0.0, 'loss_c_all_lambda': 0.5, 'loss_c_next_lambda': 2.0, 'output_q_all_lambda': 1, 'output_c_all_lambda': 1, 'output_c_next_lambda': 1}",1.0,,,,,,,
qikt.csv,qikt,ednet,0,"{""emb_type"": ""iekt"", ""emb_size"": 256, ""other_config"": ""{'output_mode': 'OUTPUT_MODEL', 'loss_q_all_lambda': 0.0, 'loss_c_all_lambda': 0.0, 'loss_q_next_lambda': 0, 'loss_c_next_lambda': 0.5, 'output_q_all_lambda': 1, 'output_c_all_lambda': 1, 'output_q_next_lambda': 0, 'output_c_next_lambda': 1}"", ""dropout"": 0.3, ""mlp_layer_num"": 1, ""seed"": 3407, ""num_epochs"": 200, ""batch_size"": 32, ""learning_rate"": 0.0001}",iekt,0.0001,3407,0.3,,32.0,200.0,256.0,,,,,,,,,,,,,,,,,,,,,,,,,,,,,,,,,,,,,,,,,,,,"{'output_mode': 'OUTPUT_MODEL', 'loss_q_all_lambda': 0.0, 'loss_c_all_lambda': 0.0, 'loss_q_next_lambda': 0, 'loss_c_next_lambda': 0.5, 'output_q_all_lambda': 1, 'output_c_all_lambda': 1, 'output_q_next_lambda': 0, 'output_c_next_lambda': 1}",1.0,,,,,,,
qikt.csv,qikt,ednet,1,"{""emb_type"": ""iekt"", ""emb_size"": 64, ""other_config"": ""{'output_mode': 'OUTPUT_MODEL', 'loss_q_all_lambda': 0.5, 'loss_c_all_lambda': 2.0, 'loss_q_next_lambda': 0, 'loss_c_next_lambda': 2.0, 'output_q_all_lambda': 1, 'output_c_all_lambda': 1, 'output_q_next_lambda': 0, 'output_c_next_lambda': 1}"", ""dropout"": 0.5, ""mlp_layer_num"": 1, ""seed"": 3407, ""num_epochs"": 200, ""batch_size"": 32, ""learning_rate"": 0.001}",iekt,0.001,3407,0.5,,32.0,200.0,64.0,,,,,,,,,,,,,,,,,,,,,,,,,,,,,,,,,,,,,,,,,,,,"{'output_mode': 'OUTPUT_MODEL', 'loss_q_all_lambda': 0.5, 'loss_c_all_lambda': 2.0, 'loss_q_next_lambda': 0, 'loss_c_next_lambda': 2.0, 'output_q_all_lambda': 1, 'output_c_all_lambda': 1, 'output_q_next_lambda': 0, 'output_c_next_lambda': 1}",1.0,,,,,,,
qikt.csv,qikt,ednet,2,"{""emb_type"": ""iekt"", ""emb_size"": 256, ""other_config"": ""{'output_mode': 'OUTPUT_MODEL', 'loss_q_all_lambda': 0.0, 'loss_c_all_lambda': 0.0, 'loss_q_next_lambda': 0, 'loss_c_next_lambda': 0.0, 'output_q_all_lambda': 1, 'output_c_all_lambda': 1, 'output_q_next_lambda': 0, 'output_c_next_lambda': 1}"", ""dropout"": 0.5, ""mlp_layer_num"": 1, ""seed"": 3407, ""num_epochs"": 200, ""batch_size"": 32, ""learning_rate"": 0.0001}",iekt,0.0001,3407,0.5,,32.0,200.0,256.0,,,,,,,,,,,,,,,,,,,,,,,,,,,,,,,,,,,,,,,,,,,,"{'output_mode': 'OUTPUT_MODEL', 'loss_q_all_lambda': 0.0, 'loss_c_all_lambda': 0.0, 'loss_q_next_lambda': 0, 'loss_c_next_lambda': 0.0, 'output_q_all_lambda': 1, 'output_c_all_lambda': 1, 'output_q_next_lambda': 0, 'output_c_next_lambda': 1}",1.0,,,,,,,
qikt.csv,qikt,ednet,3,"{""emb_type"": ""iekt"", ""emb_size"": 256, ""other_config"": ""{'output_mode': 'OUTPUT_MODEL', 'loss_q_all_lambda': 1.5, 'loss_c_all_lambda': 1.0, 'loss_q_next_lambda': 0, 'loss_c_next_lambda': 2.0, 'output_q_all_lambda': 1, 'output_c_all_lambda': 1, 'output_q_next_lambda': 0, 'output_c_next_lambda': 1}"", ""dropout"": 0.5, ""mlp_layer_num"": 1, ""seed"": 3407, ""num_epochs"": 200, ""batch_size"": 32, ""learning_rate"": 0.0001}",iekt,0.0001,3407,0.5,,32.0,200.0,256.0,,,,,,,,,,,,,,,,,,,,,,,,,,,,,,,,,,,,,,,,,,,,"{'output_mode': 'OUTPUT_MODEL', 'loss_q_all_lambda': 1.5, 'loss_c_all_lambda': 1.0, 'loss_q_next_lambda': 0, 'loss_c_next_lambda': 2.0, 'output_q_all_lambda': 1, 'output_c_all_lambda': 1, 'output_q_next_lambda': 0, 'output_c_next_lambda': 1}",1.0,,,,,,,
qikt.csv,qikt,ednet,4,"{""emb_type"": ""iekt"", ""emb_size"": 256, ""other_config"": ""{'output_mode': 'OUTPUT_MODEL', 'loss_q_all_lambda': 1.0, 'loss_c_all_lambda': 1.5, 'loss_q_next_lambda': 0, 'loss_c_next_lambda': 0.5, 'output_q_all_lambda': 1, 'output_c_all_lambda': 1, 'output_q_next_lambda': 0, 'output_c_next_lambda': 1}"", ""dropout"": 0.3, ""mlp_layer_num"": 1, ""seed"": 3407, ""num_epochs"": 200, ""batch_size"": 32, ""learning_rate"": 0.0001}",iekt,0.0001,3407,0.3,,32.0,200.0,256.0,,,,,,,,,,,,,,,,,,,,,,,,,,,,,,,,,,,,,,,,,,,,"{'output_mode': 'OUTPUT_MODEL', 'loss_q_all_lambda': 1.0, 'loss_c_all_lambda': 1.5, 'loss_q_next_lambda': 0, 'loss_c_next_lambda': 0.5, 'output_q_all_lambda': 1, 'output_c_all_lambda': 1, 'output_q_next_lambda': 0, 'output_c_next_lambda': 1}",1.0,,,,,,,
qikt.csv,qikt,nips_task34,0,"{""emb_type"": ""iekt"", ""emb_size"": 256, ""other_config"": ""{'ab_mode': 'a+b+c+irt', 'output_mode': 'an_irt', 'loss_q_all_lambda': 1.0, 'loss_c_all_lambda': 0.5, 'loss_c_next_lambda': 1.5, 'output_q_all_lambda': 1, 'output_c_all_lambda': 1, 'output_c_next_lambda': 1}"", ""dropout"": 0.3, ""mlp_layer_num"": 1, ""seed"": 42, ""num_epochs"": 200, ""batch_size"": 32, ""learning_rate"": 0.0001}",iekt,0.0001,42,0.3,,32.0,200.0,256.0,,,,,,,,,,,,,,,,,,,,,,,,,,,,,,,,,,,,,,,,,,,,"{'ab_mode': 'a+b+c+irt', 'output_mode': 'an_irt', 'loss_q_all_lambda': 1.0, 'loss_c_all_lambda': 0.5, 'loss_c_next_lambda': 1.5, 'output_q_all_lambda': 1, 'output_c_all_lambda': 1, 'output_c_next_lambda': 1}",1.0,,,,,,,
qikt.csv,qikt,nips_task34,1,"{""emb_type"": ""iekt"", ""emb_size"": 256, ""other_config"": ""{'ab_mode': 'a+b+c+irt', 'output_mode': 'an_irt', 'loss_q_all_lambda': 0.0, 'loss_c_all_lambda': 0.5, 'loss_c_next_lambda': 0.0, 'output_q_all_lambda': 1, 'output_c_all_lambda': 1, 'output_c_next_lambda': 1}"", ""dropout"": 0.3, ""mlp_layer_num"": 2, ""seed"": 3407, ""num_epochs"": 200, ""batch_size"": 32, ""learning_rate"": 0.0001}",iekt,0.0001,3407,0.3,,32.0,200.0,256.0,,,,,,,,,,,,,,,,,,,,,,,,,,,,,,,,,,,,,,,,,,,,"{'ab_mode': 'a+b+c+irt', 'output_mode': 'an_irt', 'loss_q_all_lambda': 0.0, 'loss_c_all_lambda': 0.5, 'loss_c_next_lambda': 0.0, 'output_q_all_lambda': 1, 'output_c_all_lambda': 1, 'output_c_next_lambda': 1}",2.0,,,,,,,
qikt.csv,qikt,nips_task34,2,"{""emb_type"": ""iekt"", ""emb_size"": 256, ""other_config"": ""{'ab_mode': 'a+b+c+irt', 'output_mode': 'an_irt', 'loss_q_all_lambda': 0.5, 'loss_c_all_lambda': 0.5, 'loss_c_next_lambda': 1.0, 'output_q_all_lambda': 1, 'output_c_all_lambda': 1, 'output_c_next_lambda': 1}"", ""dropout"": 0.5, ""mlp_layer_num"": 2, ""seed"": 42, ""num_epochs"": 200, ""batch_size"": 32, ""learning_rate"": 0.0001}",iekt,0.0001,42,0.5,,32.0,200.0,256.0,,,,,,,,,,,,,,,,,,,,,,,,,,,,,,,,,,,,,,,,,,,,"{'ab_mode': 'a+b+c+irt', 'output_mode': 'an_irt', 'loss_q_all_lambda': 0.5, 'loss_c_all_lambda': 0.5, 'loss_c_next_lambda': 1.0, 'output_q_all_lambda': 1, 'output_c_all_lambda': 1, 'output_c_next_lambda': 1}",2.0,,,,,,,
qikt.csv,qikt,nips_task34,3,"{""emb_type"": ""iekt"", ""emb_size"": 256, ""other_config"": ""{'ab_mode': 'a+b+c+irt', 'output_mode': 'an_irt', 'loss_q_all_lambda': 2.0, 'loss_c_all_lambda': 0.5, 'loss_c_next_lambda': 1.0, 'output_q_all_lambda': 1, 'output_c_all_lambda': 1, 'output_c_next_lambda': 1}"", ""dropout"": 0.5, ""mlp_layer_num"": 1, ""seed"": 42, ""num_epochs"": 200, ""batch_size"": 32, ""learning_rate"": 0.0001}",iekt,0.0001,42,0.5,,32.0,200.0,256.0,,,,,,,,,,,,,,,,,,,,,,,,,,,,,,,,,,,,,,,,,,,,"{'ab_mode': 'a+b+c+irt', 'output_mode': 'an_irt', 'loss_q_all_lambda': 2.0, 'loss_c_all_lambda': 0.5, 'loss_c_next_lambda': 1.0, 'output_q_all_lambda': 1, 'output_c_all_lambda': 1, 'output_c_next_lambda': 1}",1.0,,,,,,,
qikt.csv,qikt,nips_task34,4,"{""emb_type"": ""iekt"", ""emb_size"": 256, ""other_config"": ""{'ab_mode': 'a+b+c+irt', 'output_mode': 'an_irt', 'loss_q_all_lambda': 1.5, 'loss_c_all_lambda': 1.0, 'loss_c_next_lambda': 2.0, 'output_q_all_lambda': 1, 'output_c_all_lambda': 1, 'output_c_next_lambda': 1}"", ""dropout"": 0.5, ""mlp_layer_num"": 1, ""seed"": 42, ""num_epochs"": 200, ""batch_size"": 32, ""learning_rate"": 0.0001}",iekt,0.0001,42,0.5,,32.0,200.0,256.0,,,,,,,,,,,,,,,,,,,,,,,,,,,,,,,,,,,,,,,,,,,,"{'ab_mode': 'a+b+c+irt', 'output_mode': 'an_irt', 'loss_q_all_lambda': 1.5, 'loss_c_all_lambda': 1.0, 'loss_c_next_lambda': 2.0, 'output_q_all_lambda': 1, 'output_c_all_lambda': 1, 'output_c_next_lambda': 1}",1.0,,,,,,,
saint.csv,saint,algebra2005,0,"{""emb_type"": ""qid"", ""emb_size"": 256, ""dropout"": 0.5, ""num_attn_heads"": 4, ""seed"": 3407, ""n_blocks"": 4, ""learning_rate"": 0.0001}",qid,0.0001,3407,0.5,,,,256.0,,,4.0,,4.0,,,,,,,,,,,,,,,,,,,,,,,,,,,,,,,,,,,,,,,,,,,,,,,
saint.csv,saint,algebra2005,1,"{""emb_type"": ""qid"", ""emb_size"": 256, ""dropout"": 0.3, ""num_attn_heads"": 4, ""seed"": 3407, ""n_blocks"": 2, ""learning_rate"": 0.001}",qid,0.001,3407,0.3,,,,256.0,,,4.0,,2.0,,,,,,,,,,,,,,,,,,,,,,,,,,,,,,,,,,,,,,,,,,,,,,,
saint.csv,saint,algebra2005,2,"{""emb_type"": ""qid"", ""emb_size"": 256, ""dropout"": 0.3, ""num_attn_heads"": 4, ""seed"": 3407, ""n_blocks"": 2, ""learning_rate"": 0.001}",qid,0.001,3407,0.3,,,,256.0,,,4.0,,2.0,,,,,,,,,,,,,,,,,,,,,,,,,,,,,,,,,,,,,,,,,,,,,,,
saint.csv,saint,algebra2005,3,"{""emb_type"": ""qid"", ""emb_size"": 256, ""dropout"": 0.3, ""num_attn_heads"": 4, ""seed"": 3407, ""n_blocks"": 2, ""learning_rate"": 0.001}",qid,0.001,3407,0.3,,,,256.0,,,4.0,,2.0,,,,,,,,,,,,,,,,,,,,,,,,,,,,,,,,,,,,,,,,,,,,,,,
saint.csv,saint,algebra2005,4,"{""emb_type"": ""qid"", ""emb_size"": 256, ""dropout"": 0.3, ""num_attn_heads"": 8, ""seed"": 3407, ""n_blocks"": 4, ""learning_rate"": 0.0001}",qid,0.0001,3407,0.3,,,,256.0,,,8.0,,4.0,,,,,,,,,,,,,,,,,,,,,,,,,,,,,,,,,,,,,,,,,,,,,,,
saint.csv,saint,assist2009,0,"{""emb_type"": ""qid"", ""emb_size"": 256, ""dropout"": 0.3, ""num_attn_heads"": 8, ""seed"": 3407, ""n_blocks"": 4, ""learning_rate"": 0.001}",qid,0.001,3407,0.3,,,,256.0,,,8.0,,4.0,,,,,,,,,,,,,,,,,,,,,,,,,,,,,,,,,,,,,,,,,,,,,,,
saint.csv,saint,assist2009,1,"{""emb_type"": ""qid"", ""emb_size"": 256, ""dropout"": 0.3, ""num_attn_heads"": 8, ""seed"": 42, ""n_blocks"": 4, ""learning_rate"": 0.001}",qid,0.001,42,0.3,,,,256.0,,,8.0,,4.0,,,,,,,,,,,,,,,,,,,,,,,,,,,,,,,,,,,,,,,,,,,,,,,
saint.csv,saint,assist2009,2,"{""emb_type"": ""qid"", ""emb_size"": 256, ""dropout"": 0.3, ""num_attn_heads"": 8, ""seed"": 3407, ""n_blocks"": 4, ""learning_rate"": 0.001}",qid,0.001,3407,0.3,,,,256.0,,,8.0,,4.0,,,,,,,,,,,,,,,,,,,,,,,,,,,,,,,,,,,,,,,,,,,,,,,
saint.csv,saint,assist2009,3,"{""emb_type"": ""qid"", ""emb_size"": 256, ""dropout"": 0.3, ""num_attn_heads"": 8, ""seed"": 3407, ""n_blocks"": 4, ""learning_rate"": 0.001}",qid,0.001,3407,0.3,,,,256.0,,,8.0,,4.0,,,,,,,,,,,,,,,,,,,,,,,,,,,,,,,,,,,,,,,,,,,,,,,
saint.csv,saint,assist2009,4,"{""emb_type"": ""qid"", ""emb_size"": 256, ""dropout"": 0.1, ""num_attn_heads"": 8, ""seed"": 3407, ""n_blocks"": 4, ""learning_rate"": 0.001}",qid,0.001,3407,0.1,,,,256.0,,,8.0,,4.0,,,,,,,,,,,,,,,,,,,,,,,,,,,,,,,,,,,,,,,,,,,,,,,
saint.csv,saint,assist2015,0,"{""emb_type"": ""qid"", ""emb_size"": 64, ""dropout"": 0.5, ""num_attn_heads"": 4, ""seed"": 42, ""n_blocks"": 4, ""learning_rate"": 0.001}",qid,0.001,42,0.5,,,,64.0,,,4.0,,4.0,,,,,,,,,,,,,,,,,,,,,,,,,,,,,,,,,,,,,,,,,,,,,,,
saint.csv,saint,assist2015,1,"{""emb_type"": ""qid"", ""emb_size"": 64, ""dropout"": 0.5, ""num_attn_heads"": 4, ""seed"": 3407, ""n_blocks"": 4, ""learning_rate"": 0.001}",qid,0.001,3407,0.5,,,,64.0,,,4.0,,4.0,,,,,,,,,,,,,,,,,,,,,,,,,,,,,,,,,,,,,,,,,,,,,,,
saint.csv,saint,assist2015,2,"{""emb_type"": ""qid"", ""emb_size"": 64, ""dropout"": 0.5, ""num_attn_heads"": 4, ""seed"": 3407, ""n_blocks"": 2, ""learning_rate"": 0.001}",qid,0.001,3407,0.5,,,,64.0,,,4.0,,2.0,,,,,,,,,,,,,,,,,,,,,,,,,,,,,,,,,,,,,,,,,,,,,,,
saint.csv,saint,assist2015,3,"{""emb_type"": ""qid"", ""emb_size"": 64, ""dropout"": 0.5, ""num_attn_heads"": 4, ""seed"": 42, ""n_blocks"": 4, ""learning_rate"": 0.001}",qid,0.001,42,0.5,,,,64.0,,,4.0,,4.0,,,,,,,,,,,,,,,,,,,,,,,,,,,,,,,,,,,,,,,,,,,,,,,
saint.csv,saint,assist2015,4,"{""emb_type"": ""qid"", ""emb_size"": 64, ""dropout"": 0.3, ""num_attn_heads"": 8, ""seed"": 42, ""n_blocks"": 4, ""learning_rate"": 0.001}",qid,0.001,42,0.3,,,,64.0,,,8.0,,4.0,,,,,,,,,,,,,,,,,,,,,,,,,,,,,,,,,,,,,,,,,,,,,,,
saint.csv,saint,bridge2algebra2006,0,"{""emb_type"": ""qid"", ""emb_size"": 256, ""dropout"": 0.3, ""num_attn_heads"": 4, ""seed"": 3407, ""n_blocks"": 2, ""learning_rate"": 0.001}",qid,0.001,3407,0.3,,,,256.0,,,4.0,,2.0,,,,,,,,,,,,,,,,,,,,,,,,,,,,,,,,,,,,,,,,,,,,,,,
saint.csv,saint,bridge2algebra2006,1,"{""emb_type"": ""qid"", ""emb_size"": 256, ""dropout"": 0.3, ""num_attn_heads"": 8, ""seed"": 3407, ""n_blocks"": 2, ""learning_rate"": 0.001}",qid,0.001,3407,0.3,,,,256.0,,,8.0,,2.0,,,,,,,,,,,,,,,,,,,,,,,,,,,,,,,,,,,,,,,,,,,,,,,
saint.csv,saint,bridge2algebra2006,2,"{""emb_type"": ""qid"", ""emb_size"": 256, ""dropout"": 0.5, ""num_attn_heads"": 4, ""seed"": 3407, ""n_blocks"": 2, ""learning_rate"": 0.001}",qid,0.001,3407,0.5,,,,256.0,,,4.0,,2.0,,,,,,,,,,,,,,,,,,,,,,,,,,,,,,,,,,,,,,,,,,,,,,,
saint.csv,saint,bridge2algebra2006,3,"{""emb_type"": ""qid"", ""emb_size"": 256, ""dropout"": 0.3, ""num_attn_heads"": 4, ""seed"": 3407, ""n_blocks"": 2, ""learning_rate"": 0.001}",qid,0.001,3407,0.3,,,,256.0,,,4.0,,2.0,,,,,,,,,,,,,,,,,,,,,,,,,,,,,,,,,,,,,,,,,,,,,,,
saint.csv,saint,bridge2algebra2006,4,"{""emb_type"": ""qid"", ""emb_size"": 256, ""dropout"": 0.3, ""num_attn_heads"": 4, ""seed"": 3407, ""n_blocks"": 2, ""learning_rate"": 0.001}",qid,0.001,3407,0.3,,,,256.0,,,4.0,,2.0,,,,,,,,,,,,,,,,,,,,,,,,,,,,,,,,,,,,,,,,,,,,,,,
saint.csv,saint,ednet,0,"{""emb_type"": ""qid"", ""emb_size"": 64, ""dropout"": 0.3, ""num_attn_heads"": 4, ""seed"": 3407, ""n_blocks"": 4, ""learning_rate"": 0.001}",qid,0.001,3407,0.3,,,,64.0,,,4.0,,4.0,,,,,,,,,,,,,,,,,,,,,,,,,,,,,,,,,,,,,,,,,,,,,,,
saint.csv,saint,ednet,1,"{""emb_type"": ""qid"", ""emb_size"": 64, ""dropout"": 0.5, ""num_attn_heads"": 4, ""seed"": 42, ""n_blocks"": 4, ""learning_rate"": 0.001}",qid,0.001,42,0.5,,,,64.0,,,4.0,,4.0,,,,,,,,,,,,,,,,,,,,,,,,,,,,,,,,,,,,,,,,,,,,,,,
saint.csv,saint,ednet,2,"{""emb_type"": ""qid"", ""emb_size"": 64, ""dropout"": 0.5, ""num_attn_heads"": 8, ""seed"": 3407, ""n_blocks"": 2, ""learning_rate"": 0.001}",qid,0.001,3407,0.5,,,,64.0,,,8.0,,2.0,,,,,,,,,,,,,,,,,,,,,,,,,,,,,,,,,,,,,,,,,,,,,,,
saint.csv,saint,ednet,3,"{""emb_type"": ""qid"", ""emb_size"": 64, ""dropout"": 0.3, ""num_attn_heads"": 8, ""seed"": 3407, ""n_blocks"": 4, ""learning_rate"": 0.001}",qid,0.001,3407,0.3,,,,64.0,,,8.0,,4.0,,,,,,,,,,,,,,,,,,,,,,,,,,,,,,,,,,,,,,,,,,,,,,,
saint.csv,saint,ednet,4,"{""emb_type"": ""qid"", ""emb_size"": 256, ""dropout"": 0.5, ""num_attn_heads"": 8, ""seed"": 42, ""n_blocks"": 2, ""learning_rate"": 0.001}",qid,0.001,42,0.5,,,,256.0,,,8.0,,2.0,,,,,,,,,,,,,,,,,,,,,,,,,,,,,,,,,,,,,,,,,,,,,,,
saint.csv,saint,nips_task34,0,"{""emb_type"": ""qid"", ""emb_size"": 64, ""dropout"": 0.5, ""num_attn_heads"": 4, ""seed"": 42, ""n_blocks"": 1, ""learning_rate"": 0.001}",qid,0.001,42,0.5,,,,64.0,,,4.0,,1.0,,,,,,,,,,,,,,,,,,,,,,,,,,,,,,,,,,,,,,,,,,,,,,,
saint.csv,saint,nips_task34,1,"{""emb_type"": ""qid"", ""emb_size"": 64, ""dropout"": 0.3, ""num_attn_heads"": 4, ""seed"": 3407, ""n_blocks"": 2, ""learning_rate"": 0.001}",qid,0.001,3407,0.3,,,,64.0,,,4.0,,2.0,,,,,,,,,,,,,,,,,,,,,,,,,,,,,,,,,,,,,,,,,,,,,,,
saint.csv,saint,nips_task34,2,"{""emb_type"": ""qid"", ""emb_size"": 64, ""dropout"": 0.5, ""num_attn_heads"": 4, ""seed"": 3407, ""n_blocks"": 4, ""learning_rate"": 0.001}",qid,0.001,3407,0.5,,,,64.0,,,4.0,,4.0,,,,,,,,,,,,,,,,,,,,,,,,,,,,,,,,,,,,,,,,,,,,,,,
saint.csv,saint,nips_task34,3,"{""emb_type"": ""qid"", ""emb_size"": 256, ""dropout"": 0.5, ""num_attn_heads"": 4, ""seed"": 42, ""n_blocks"": 2, ""learning_rate"": 0.001}",qid,0.001,42,0.5,,,,256.0,,,4.0,,2.0,,,,,,,,,,,,,,,,,,,,,,,,,,,,,,,,,,,,,,,,,,,,,,,
saint.csv,saint,nips_task34,4,"{""emb_type"": ""qid"", ""emb_size"": 64, ""dropout"": 0.3, ""num_attn_heads"": 8, ""seed"": 42, ""n_blocks"": 2, ""learning_rate"": 0.001}",qid,0.001,42,0.3,,,,64.0,,,8.0,,2.0,,,,,,,,,,,,,,,,,,,,,,,,,,,,,,,,,,,,,,,,,,,,,,,
saint.csv,saint,poj,0,"{""emb_type"": ""qid"", ""emb_size"": 256, ""dropout"": 0.05, ""num_attn_heads"": 4, ""seed"": 3407, ""n_blocks"": 2, ""learning_rate"": 0.0001}",qid,0.0001,3407,0.05,,,,256.0,,,4.0,,2.0,,,,,,,,,,,,,,,,,,,,,,,,,,,,,,,,,,,,,,,,,,,,,,,
saint.csv,saint,poj,1,"{""emb_type"": ""qid"", ""emb_size"": 64, ""dropout"": 0.3, ""num_attn_heads"": 8, ""seed"": 3407, ""n_blocks"": 4, ""learning_rate"": 0.0001}",qid,0.0001,3407,0.3,,,,64.0,,,8.0,,4.0,,,,,,,,,,,,,,,,,,,,,,,,,,,,,,,,,,,,,,,,,,,,,,,
saint.csv,saint,poj,2,"{""emb_type"": ""qid"", ""emb_size"": 256, ""dropout"": 0.3, ""num_attn_heads"": 8, ""seed"": 42, ""n_blocks"": 4, ""learning_rate"": 0.0001}",qid,0.0001,42,0.3,,,,256.0,,,8.0,,4.0,,,,,,,,,,,,,,,,,,,,,,,,,,,,,,,,,,,,,,,,,,,,,,,
saint.csv,saint,poj,3,"{""emb_type"": ""qid"", ""emb_size"": 256, ""dropout"": 0.05, ""num_attn_heads"": 4, ""seed"": 3407, ""n_blocks"": 4, ""learning_rate"": 0.0001}",qid,0.0001,3407,0.05,,,,256.0,,,4.0,,4.0,,,,,,,,,,,,,,,,,,,,,,,,,,,,,,,,,,,,,,,,,,,,,,,
saint.csv,saint,poj,4,"{""emb_type"": ""qid"", ""emb_size"": 64, ""dropout"": 0.3, ""num_attn_heads"": 8, ""seed"": 3407, ""n_blocks"": 4, ""learning_rate"": 0.0001}",qid,0.0001,3407,0.3,,,,64.0,,,8.0,,4.0,,,,,,,,,,,,,,,,,,,,,,,,,,,,,,,,,,,,,,,,,,,,,,,
saint.csv,saint,statics2011,0,"{""emb_type"": ""qid"", ""emb_size"": 256, ""dropout"": 0.5, ""num_attn_heads"": 8, ""seed"": 42, ""n_blocks"": 2, ""learning_rate"": 0.001}",qid,0.001,42,0.5,,,,256.0,,,8.0,,2.0,,,,,,,,,,,,,,,,,,,,,,,,,,,,,,,,,,,,,,,,,,,,,,,
saint.csv,saint,statics2011,1,"{""emb_type"": ""qid"", ""emb_size"": 64, ""dropout"": 0.5, ""num_attn_heads"": 4, ""seed"": 42, ""n_blocks"": 4, ""learning_rate"": 0.001}",qid,0.001,42,0.5,,,,64.0,,,4.0,,4.0,,,,,,,,,,,,,,,,,,,,,,,,,,,,,,,,,,,,,,,,,,,,,,,
saint.csv,saint,statics2011,2,"{""emb_type"": ""qid"", ""emb_size"": 64, ""dropout"": 0.5, ""num_attn_heads"": 4, ""seed"": 42, ""n_blocks"": 4, ""learning_rate"": 0.001}",qid,0.001,42,0.5,,,,64.0,,,4.0,,4.0,,,,,,,,,,,,,,,,,,,,,,,,,,,,,,,,,,,,,,,,,,,,,,,
saint.csv,saint,statics2011,3,"{""emb_type"": ""qid"", ""emb_size"": 256, ""dropout"": 0.5, ""num_attn_heads"": 8, ""seed"": 3407, ""n_blocks"": 2, ""learning_rate"": 0.001}",qid,0.001,3407,0.5,,,,256.0,,,8.0,,2.0,,,,,,,,,,,,,,,,,,,,,,,,,,,,,,,,,,,,,,,,,,,,,,,
saint.csv,saint,statics2011,4,"{""emb_type"": ""qid"", ""emb_size"": 64, ""dropout"": 0.5, ""num_attn_heads"": 4, ""seed"": 42, ""n_blocks"": 4, ""learning_rate"": 0.001}",qid,0.001,42,0.5,,,,64.0,,,4.0,,4.0,,,,,,,,,,,,,,,,,,,,,,,,,,,,,,,,,,,,,,,,,,,,,,,
sakt.csv,sakt,algebra2005,0,"{""emb_type"": ""qid"", ""emb_size"": 64, ""dropout"": 0.1, ""num_attn_heads"": 4, ""seed"": 42, ""num_en"": 1, ""learning_rate"": 0.001}",qid,0.001,42,0.1,,,,64.0,,,4.0,,,,,,,,,,,,,,,,,,,,,,,,,,,,,,,,,,,,,,,,,,,1.0,,,,,,
sakt.csv,sakt,algebra2005,1,"{""emb_type"": ""qid"", ""emb_size"": 64, ""dropout"": 0.3, ""num_attn_heads"": 8, ""seed"": 42, ""num_en"": 1, ""learning_rate"": 0.001}",qid,0.001,42,0.3,,,,64.0,,,8.0,,,,,,,,,,,,,,,,,,,,,,,,,,,,,,,,,,,,,,,,,,,1.0,,,,,,
sakt.csv,sakt,algebra2005,2,"{""emb_type"": ""qid"", ""emb_size"": 64, ""dropout"": 0.1, ""num_attn_heads"": 4, ""seed"": 3407, ""num_en"": 1, ""learning_rate"": 0.001}",qid,0.001,3407,0.1,,,,64.0,,,4.0,,,,,,,,,,,,,,,,,,,,,,,,,,,,,,,,,,,,,,,,,,,1.0,,,,,,
sakt.csv,sakt,algebra2005,3,"{""emb_type"": ""qid"", ""emb_size"": 256, ""dropout"": 0.5, ""num_attn_heads"": 8, ""seed"": 42, ""num_en"": 1, ""learning_rate"": 0.001}",qid,0.001,42,0.5,,,,256.0,,,8.0,,,,,,,,,,,,,,,,,,,,,,,,,,,,,,,,,,,,,,,,,,,1.0,,,,,,
sakt.csv,sakt,algebra2005,4,"{""emb_type"": ""qid"", ""emb_size"": 256, ""dropout"": 0.5, ""num_attn_heads"": 8, ""seed"": 42, ""num_en"": 1, ""learning_rate"": 0.001}",qid,0.001,42,0.5,,,,256.0,,,8.0,,,,,,,,,,,,,,,,,,,,,,,,,,,,,,,,,,,,,,,,,,,1.0,,,,,,
sakt.csv,sakt,assist2009,0,"{""emb_type"": ""qid"", ""emb_size"": 64, ""dropout"": 0.5, ""num_attn_heads"": 4, ""seed"": 3407, ""num_en"": 1, ""learning_rate"": 0.001}",qid,0.001,3407,0.5,,,,64.0,,,4.0,,,,,,,,,,,,,,,,,,,,,,,,,,,,,,,,,,,,,,,,,,,1.0,,,,,,
sakt.csv,sakt,assist2009,1,"{""emb_type"": ""qid"", ""emb_size"": 64, ""dropout"": 0.5, ""num_attn_heads"": 8, ""seed"": 3407, ""num_en"": 1, ""learning_rate"": 0.001}",qid,0.001,3407,0.5,,,,64.0,,,8.0,,,,,,,,,,,,,,,,,,,,,,,,,,,,,,,,,,,,,,,,,,,1.0,,,,,,
sakt.csv,sakt,assist2009,2,"{""emb_type"": ""qid"", ""emb_size"": 64, ""dropout"": 0.5, ""num_attn_heads"": 8, ""seed"": 42, ""num_en"": 1, ""learning_rate"": 0.001}",qid,0.001,42,0.5,,,,64.0,,,8.0,,,,,,,,,,,,,,,,,,,,,,,,,,,,,,,,,,,,,,,,,,,1.0,,,,,,
sakt.csv,sakt,assist2009,3,"{""emb_type"": ""qid"", ""emb_size"": 64, ""dropout"": 0.5, ""num_attn_heads"": 4, ""seed"": 3407, ""num_en"": 1, ""learning_rate"": 0.001}",qid,0.001,3407,0.5,,,,64.0,,,4.0,,,,,,,,,,,,,,,,,,,,,,,,,,,,,,,,,,,,,,,,,,,1.0,,,,,,
sakt.csv,sakt,assist2009,4,"{""emb_type"": ""qid"", ""emb_size"": 64, ""dropout"": 0.5, ""num_attn_heads"": 8, ""seed"": 3407, ""num_en"": 1, ""learning_rate"": 0.001}",qid,0.001,3407,0.5,,,,64.0,,,8.0,,,,,,,,,,,,,,,,,,,,,,,,,,,,,,,,,,,,,,,,,,,1.0,,,,,,
sakt.csv,sakt,assist2015,0,"{""emb_type"": ""qid"", ""emb_size"": 256, ""dropout"": 0.5, ""num_attn_heads"": 8, ""seed"": 3407, ""num_en"": 1, ""learning_rate"": 0.0001}",qid,0.0001,3407,0.5,,,,256.0,,,8.0,,,,,,,,,,,,,,,,,,,,,,,,,,,,,,,,,,,,,,,,,,,1.0,,,,,,
sakt.csv,sakt,assist2015,1,"{""emb_type"": ""qid"", ""emb_size"": 256, ""dropout"": 0.3, ""num_attn_heads"": 8, ""seed"": 3407, ""num_en"": 1, ""learning_rate"": 0.0001}",qid,0.0001,3407,0.3,,,,256.0,,,8.0,,,,,,,,,,,,,,,,,,,,,,,,,,,,,,,,,,,,,,,,,,,1.0,,,,,,
sakt.csv,sakt,assist2015,2,"{""emb_type"": ""qid"", ""emb_size"": 256, ""dropout"": 0.5, ""num_attn_heads"": 8, ""seed"": 3407, ""num_en"": 1, ""learning_rate"": 0.0001}",qid,0.0001,3407,0.5,,,,256.0,,,8.0,,,,,,,,,,,,,,,,,,,,,,,,,,,,,,,,,,,,,,,,,,,1.0,,,,,,
sakt.csv,sakt,assist2015,3,"{""emb_type"": ""qid"", ""emb_size"": 256, ""dropout"": 0.5, ""num_attn_heads"": 8, ""seed"": 3407, ""num_en"": 1, ""learning_rate"": 0.0001}",qid,0.0001,3407,0.5,,,,256.0,,,8.0,,,,,,,,,,,,,,,,,,,,,,,,,,,,,,,,,,,,,,,,,,,1.0,,,,,,
sakt.csv,sakt,assist2015,4,"{""emb_type"": ""qid"", ""emb_size"": 256, ""dropout"": 0.5, ""num_attn_heads"": 8, ""seed"": 3407, ""num_en"": 1, ""learning_rate"": 0.0001}",qid,0.0001,3407,0.5,,,,256.0,,,8.0,,,,,,,,,,,,,,,,,,,,,,,,,,,,,,,,,,,,,,,,,,,1.0,,,,,,
sakt.csv,sakt,bridge2algebra2006,0,"{""emb_type"": ""qid"", ""emb_size"": 64, ""dropout"": 0.5, ""num_attn_heads"": 8, ""seed"": 42, ""num_en"": 1, ""learning_rate"": 0.001}",qid,0.001,42,0.5,,,,64.0,,,8.0,,,,,,,,,,,,,,,,,,,,,,,,,,,,,,,,,,,,,,,,,,,1.0,,,,,,
sakt.csv,sakt,bridge2algebra2006,1,"{""emb_type"": ""qid"", ""emb_size"": 64, ""dropout"": 0.5, ""num_attn_heads"": 4, ""seed"": 42, ""num_en"": 1, ""learning_rate"": 0.001}",qid,0.001,42,0.5,,,,64.0,,,4.0,,,,,,,,,,,,,,,,,,,,,,,,,,,,,,,,,,,,,,,,,,,1.0,,,,,,
sakt.csv,sakt,bridge2algebra2006,2,"{""emb_type"": ""qid"", ""emb_size"": 64, ""dropout"": 0.5, ""num_attn_heads"": 4, ""seed"": 42, ""num_en"": 1, ""learning_rate"": 0.001}",qid,0.001,42,0.5,,,,64.0,,,4.0,,,,,,,,,,,,,,,,,,,,,,,,,,,,,,,,,,,,,,,,,,,1.0,,,,,,
sakt.csv,sakt,bridge2algebra2006,3,"{""emb_type"": ""qid"", ""emb_size"": 64, ""dropout"": 0.5, ""num_attn_heads"": 4, ""seed"": 42, ""num_en"": 1, ""learning_rate"": 0.001}",qid,0.001,42,0.5,,,,64.0,,,4.0,,,,,,,,,,,,,,,,,,,,,,,,,,,,,,,,,,,,,,,,,,,1.0,,,,,,
sakt.csv,sakt,bridge2algebra2006,4,"{""emb_type"": ""qid"", ""emb_size"": 64, ""dropout"": 0.5, ""num_attn_heads"": 4, ""seed"": 42, ""num_en"": 1, ""learning_rate"": 0.001}",qid,0.001,42,0.5,,,,64.0,,,4.0,,,,,,,,,,,,,,,,,,,,,,,,,,,,,,,,,,,,,,,,,,,1.0,,,,,,
sakt.csv,sakt,ednet,0,"{""emb_type"": ""qid"", ""emb_size"": 64, ""dropout"": 0.1, ""num_attn_heads"": 4, ""seed"": 3407, ""num_en"": 2, ""learning_rate"": 0.001}",qid,0.001,3407,0.1,,,,64.0,,,4.0,,,,,,,,,,,,,,,,,,,,,,,,,,,,,,,,,,,,,,,,,,,2.0,,,,,,
sakt.csv,sakt,ednet,1,"{""emb_type"": ""qid"", ""emb_size"": 64, ""dropout"": 0.1, ""num_attn_heads"": 8, ""seed"": 3407, ""num_en"": 2, ""learning_rate"": 0.001}",qid,0.001,3407,0.1,,,,64.0,,,8.0,,,,,,,,,,,,,,,,,,,,,,,,,,,,,,,,,,,,,,,,,,,2.0,,,,,,
sakt.csv,sakt,ednet,2,"{""emb_type"": ""qid"", ""emb_size"": 64, ""dropout"": 0.05, ""num_attn_heads"": 8, ""seed"": 3407, ""num_en"": 2, ""learning_rate"": 0.001}",qid,0.001,3407,0.05,,,,64.0,,,8.0,,,,,,,,,,,,,,,,,,,,,,,,,,,,,,,,,,,,,,,,,,,2.0,,,,,,
sakt.csv,sakt,ednet,3,"{""emb_type"": ""qid"", ""emb_size"": 64, ""dropout"": 0.05, ""num_attn_heads"": 4, ""seed"": 3407, ""num_en"": 2, ""learning_rate"": 0.001}",qid,0.001,3407,0.05,,,,64.0,,,4.0,,,,,,,,,,,,,,,,,,,,,,,,,,,,,,,,,,,,,,,,,,,2.0,,,,,,
sakt.csv,sakt,ednet,4,"{""emb_type"": ""qid"", ""emb_size"": 64, ""dropout"": 0.1, ""num_attn_heads"": 8, ""seed"": 42, ""num_en"": 2, ""learning_rate"": 0.001}",qid,0.001,42,0.1,,,,64.0,,,8.0,,,,,,,,,,,,,,,,,,,,,,,,,,,,,,,,,,,,,,,,,,,2.0,,,,,,
sakt.csv,sakt,nips_task34,0,"{""emb_type"": ""qid"", ""emb_size"": 256, ""dropout"": 0.5, ""num_attn_heads"": 8, ""seed"": 3407, ""num_en"": 1, ""learning_rate"": 0.001}",qid,0.001,3407,0.5,,,,256.0,,,8.0,,,,,,,,,,,,,,,,,,,,,,,,,,,,,,,,,,,,,,,,,,,1.0,,,,,,
sakt.csv,sakt,nips_task34,1,"{""emb_type"": ""qid"", ""emb_size"": 64, ""dropout"": 0.5, ""num_attn_heads"": 4, ""seed"": 42, ""num_en"": 1, ""learning_rate"": 0.001}",qid,0.001,42,0.5,,,,64.0,,,4.0,,,,,,,,,,,,,,,,,,,,,,,,,,,,,,,,,,,,,,,,,,,1.0,,,,,,
sakt.csv,sakt,nips_task34,2,"{""emb_type"": ""qid"", ""emb_size"": 64, ""dropout"": 0.5, ""num_attn_heads"": 8, ""seed"": 42, ""num_en"": 1, ""learning_rate"": 0.001}",qid,0.001,42,0.5,,,,64.0,,,8.0,,,,,,,,,,,,,,,,,,,,,,,,,,,,,,,,,,,,,,,,,,,1.0,,,,,,
sakt.csv,sakt,nips_task34,3,"{""emb_type"": ""qid"", ""emb_size"": 64, ""dropout"": 0.5, ""num_attn_heads"": 8, ""seed"": 42, ""num_en"": 1, ""learning_rate"": 0.001}",qid,0.001,42,0.5,,,,64.0,,,8.0,,,,,,,,,,,,,,,,,,,,,,,,,,,,,,,,,,,,,,,,,,,1.0,,,,,,
sakt.csv,sakt,nips_task34,4,"{""emb_type"": ""qid"", ""emb_size"": 64, ""dropout"": 0.5, ""num_attn_heads"": 8, ""seed"": 3407, ""num_en"": 1, ""learning_rate"": 0.001}",qid,0.001,3407,0.5,,,,64.0,,,8.0,,,,,,,,,,,,,,,,,,,,,,,,,,,,,,,,,,,,,,,,,,,1.0,,,,,,
sakt.csv,sakt,poj,0,"{""emb_type"": ""qid"", ""emb_size"": 64, ""dropout"": 0.5, ""num_attn_heads"": 8, ""seed"": 42, ""num_en"": 1, ""learning_rate"": 0.001}",qid,0.001,42,0.5,,,,64.0,,,8.0,,,,,,,,,,,,,,,,,,,,,,,,,,,,,,,,,,,,,,,,,,,1.0,,,,,,
sakt.csv,sakt,poj,1,"{""emb_type"": ""qid"", ""emb_size"": 64, ""dropout"": 0.5, ""num_attn_heads"": 8, ""seed"": 42, ""num_en"": 1, ""learning_rate"": 0.001}",qid,0.001,42,0.5,,,,64.0,,,8.0,,,,,,,,,,,,,,,,,,,,,,,,,,,,,,,,,,,,,,,,,,,1.0,,,,,,
sakt.csv,sakt,poj,2,"{""emb_type"": ""qid"", ""emb_size"": 256, ""dropout"": 0.5, ""num_attn_heads"": 8, ""seed"": 42, ""num_en"": 1, ""learning_rate"": 0.0001}",qid,0.0001,42,0.5,,,,256.0,,,8.0,,,,,,,,,,,,,,,,,,,,,,,,,,,,,,,,,,,,,,,,,,,1.0,,,,,,
sakt.csv,sakt,poj,3,"{""emb_type"": ""qid"", ""emb_size"": 64, ""dropout"": 0.5, ""num_attn_heads"": 8, ""seed"": 42, ""num_en"": 1, ""learning_rate"": 0.001}",qid,0.001,42,0.5,,,,64.0,,,8.0,,,,,,,,,,,,,,,,,,,,,,,,,,,,,,,,,,,,,,,,,,,1.0,,,,,,
sakt.csv,sakt,poj,4,"{""emb_type"": ""qid"", ""emb_size"": 64, ""dropout"": 0.5, ""num_attn_heads"": 8, ""seed"": 42, ""num_en"": 1, ""learning_rate"": 0.001}",qid,0.001,42,0.5,,,,64.0,,,8.0,,,,,,,,,,,,,,,,,,,,,,,,,,,,,,,,,,,,,,,,,,,1.0,,,,,,
sakt.csv,sakt,statics2011,0,"{""emb_type"": ""qid"", ""emb_size"": 64, ""dropout"": 0.5, ""num_attn_heads"": 8, ""seed"": 42, ""num_en"": 1, ""learning_rate"": 0.001}",qid,0.001,42,0.5,,,,64.0,,,8.0,,,,,,,,,,,,,,,,,,,,,,,,,,,,,,,,,,,,,,,,,,,1.0,,,,,,
sakt.csv,sakt,statics2011,1,"{""emb_type"": ""qid"", ""emb_size"": 64, ""dropout"": 0.5, ""num_attn_heads"": 8, ""seed"": 3407, ""num_en"": 1, ""learning_rate"": 0.001}",qid,0.001,3407,0.5,,,,64.0,,,8.0,,,,,,,,,,,,,,,,,,,,,,,,,,,,,,,,,,,,,,,,,,,1.0,,,,,,
sakt.csv,sakt,statics2011,2,"{""emb_type"": ""qid"", ""emb_size"": 256, ""dropout"": 0.5, ""num_attn_heads"": 8, ""seed"": 42, ""num_en"": 1, ""learning_rate"": 0.001}",qid,0.001,42,0.5,,,,256.0,,,8.0,,,,,,,,,,,,,,,,,,,,,,,,,,,,,,,,,,,,,,,,,,,1.0,,,,,,
sakt.csv,sakt,statics2011,3,"{""emb_type"": ""qid"", ""emb_size"": 64, ""dropout"": 0.5, ""num_attn_heads"": 4, ""seed"": 42, ""num_en"": 1, ""learning_rate"": 0.001}",qid,0.001,42,0.5,,,,64.0,,,4.0,,,,,,,,,,,,,,,,,,,,,,,,,,,,,,,,,,,,,,,,,,,1.0,,,,,,
sakt.csv,sakt,statics2011,4,"{""emb_type"": ""qid"", ""emb_size"": 256, ""dropout"": 0.5, ""num_attn_heads"": 8, ""seed"": 3407, ""num_en"": 1, ""learning_rate"": 0.001}",qid,0.001,3407,0.5,,,,256.0,,,8.0,,,,,,,,,,,,,,,,,,,,,,,,,,,,,,,,,,,,,,,,,,,1.0,,,,,,
simplekt.csv,simplekt,algebra2005,0,"{""emb_type"": ""qid"", ""loss3"": 0.5, ""d_ff"": 256, ""nheads"": 4, ""dropout"": 0.1, ""loss2"": 0.5, ""final_fc_dim2"": 256, ""loss1"": 0.5, ""d_model"": 256, ""num_attn_heads"": 4, ""num_layers"": 2, ""seed"": 42, ""final_fc_dim"": 256, ""n_blocks"": 4, ""start"": 50, ""learning_rate"": 0.0001}",qid,0.0001,42,0.1,,,,,256.0,256.0,4.0,4.0,4.0,2.0,,256.0,256.0,,,,50.0,,,,,,,,,,,,,,,,,,,,,,,,,,,,,,,,,,0.5,0.5,0.5,,,
simplekt.csv,simplekt,algebra2005,1,"{""emb_type"": ""qid"", ""loss3"": 0.5, ""d_ff"": 256, ""nheads"": 4, ""dropout"": 0.05, ""loss2"": 0.5, ""final_fc_dim2"": 256, ""loss1"": 0.5, ""d_model"": 256, ""num_attn_heads"": 4, ""num_layers"": 2, ""seed"": 42, ""final_fc_dim"": 256, ""n_blocks"": 4, ""start"": 50, ""learning_rate"": 0.0001}",qid,0.0001,42,0.05,,,,,256.0,256.0,4.0,4.0,4.0,2.0,,256.0,256.0,,,,50.0,,,,,,,,,,,,,,,,,,,,,,,,,,,,,,,,,,0.5,0.5,0.5,,,
simplekt.csv,simplekt,algebra2005,2,"{""emb_type"": ""qid"", ""loss3"": 0.5, ""d_ff"": 64, ""nheads"": 4, ""dropout"": 0.1, ""loss2"": 0.5, ""final_fc_dim2"": 64, ""loss1"": 0.5, ""d_model"": 256, ""num_attn_heads"": 4, ""num_layers"": 2, ""seed"": 3407, ""final_fc_dim"": 256, ""n_blocks"": 4, ""start"": 50, ""learning_rate"": 0.0001}",qid,0.0001,3407,0.1,,,,,256.0,64.0,4.0,4.0,4.0,2.0,,256.0,64.0,,,,50.0,,,,,,,,,,,,,,,,,,,,,,,,,,,,,,,,,,0.5,0.5,0.5,,,
simplekt.csv,simplekt,algebra2005,3,"{""emb_type"": ""qid"", ""loss3"": 0.5, ""d_ff"": 256, ""nheads"": 4, ""dropout"": 0.1, ""loss2"": 0.5, ""final_fc_dim2"": 256, ""loss1"": 0.5, ""d_model"": 256, ""num_attn_heads"": 4, ""num_layers"": 2, ""seed"": 42, ""final_fc_dim"": 256, ""n_blocks"": 4, ""start"": 50, ""learning_rate"": 0.0001}",qid,0.0001,42,0.1,,,,,256.0,256.0,4.0,4.0,4.0,2.0,,256.0,256.0,,,,50.0,,,,,,,,,,,,,,,,,,,,,,,,,,,,,,,,,,0.5,0.5,0.5,,,
simplekt.csv,simplekt,algebra2005,4,"{""emb_type"": ""qid"", ""loss3"": 0.5, ""d_ff"": 256, ""nheads"": 4, ""dropout"": 0.1, ""loss2"": 0.5, ""final_fc_dim2"": 256, ""loss1"": 0.5, ""d_model"": 256, ""num_attn_heads"": 4, ""num_layers"": 2, ""seed"": 3407, ""final_fc_dim"": 256, ""n_blocks"": 4, ""start"": 50, ""learning_rate"": 1e-05}",qid,1e-05,3407,0.1,,,,,256.0,256.0,4.0,4.0,4.0,2.0,,256.0,256.0,,,,50.0,,,,,,,,,,,,,,,,,,,,,,,,,,,,,,,,,,0.5,0.5,0.5,,,
simplekt.csv,simplekt,assist2009,0,"{""emb_type"": ""qid"", ""loss3"": 0.5, ""d_ff"": 64, ""nheads"": 4, ""dropout"": 0.1, ""loss2"": 0.5, ""final_fc_dim2"": 256, ""loss1"": 0.5, ""d_model"": 256, ""num_attn_heads"": 4, ""num_layers"": 2, ""seed"": 42, ""final_fc_dim"": 256, ""n_blocks"": 4, ""start"": 50, ""learning_rate"": 0.0001}",qid,0.0001,42,0.1,,,,,256.0,64.0,4.0,4.0,4.0,2.0,,256.0,256.0,,,,50.0,,,,,,,,,,,,,,,,,,,,,,,,,,,,,,,,,,0.5,0.5,0.5,,,
simplekt.csv,simplekt,assist2009,1,"{""emb_type"": ""qid"", ""loss3"": 0.5, ""d_ff"": 256, ""nheads"": 4, ""dropout"": 0.3, ""loss2"": 0.5, ""final_fc_dim2"": 64, ""loss1"": 0.5, ""d_model"": 256, ""num_attn_heads"": 4, ""num_layers"": 2, ""seed"": 42, ""final_fc_dim"": 64, ""n_blocks"": 4, ""start"": 50, ""learning_rate"": 0.0001}",qid,0.0001,42,0.3,,,,,256.0,256.0,4.0,4.0,4.0,2.0,,64.0,64.0,,,,50.0,,,,,,,,,,,,,,,,,,,,,,,,,,,,,,,,,,0.5,0.5,0.5,,,
simplekt.csv,simplekt,assist2009,2,"{""emb_type"": ""qid"", ""loss3"": 0.5, ""d_ff"": 256, ""nheads"": 4, ""dropout"": 0.3, ""loss2"": 0.5, ""final_fc_dim2"": 64, ""loss1"": 0.5, ""d_model"": 256, ""num_attn_heads"": 4, ""num_layers"": 2, ""seed"": 42, ""final_fc_dim"": 64, ""n_blocks"": 4, ""start"": 50, ""learning_rate"": 0.0001}",qid,0.0001,42,0.3,,,,,256.0,256.0,4.0,4.0,4.0,2.0,,64.0,64.0,,,,50.0,,,,,,,,,,,,,,,,,,,,,,,,,,,,,,,,,,0.5,0.5,0.5,,,
simplekt.csv,simplekt,assist2009,3,"{""emb_type"": ""qid"", ""loss3"": 0.5, ""d_ff"": 256, ""nheads"": 4, ""dropout"": 0.3, ""loss2"": 0.5, ""final_fc_dim2"": 64, ""loss1"": 0.5, ""d_model"": 256, ""num_attn_heads"": 4, ""num_layers"": 2, ""seed"": 3407, ""final_fc_dim"": 256, ""n_blocks"": 4, ""start"": 50, ""learning_rate"": 0.0001}",qid,0.0001,3407,0.3,,,,,256.0,256.0,4.0,4.0,4.0,2.0,,256.0,64.0,,,,50.0,,,,,,,,,,,,,,,,,,,,,,,,,,,,,,,,,,0.5,0.5,0.5,,,
simplekt.csv,simplekt,assist2009,4,"{""emb_type"": ""qid"", ""loss3"": 0.5, ""d_ff"": 64, ""nheads"": 4, ""dropout"": 0.1, ""loss2"": 0.5, ""final_fc_dim2"": 64, ""loss1"": 0.5, ""d_model"": 256, ""num_attn_heads"": 4, ""num_layers"": 2, ""seed"": 42, ""final_fc_dim"": 256, ""n_blocks"": 4, ""start"": 50, ""learning_rate"": 0.0001}",qid,0.0001,42,0.1,,,,,256.0,64.0,4.0,4.0,4.0,2.0,,256.0,64.0,,,,50.0,,,,,,,,,,,,,,,,,,,,,,,,,,,,,,,,,,0.5,0.5,0.5,,,
simplekt.csv,simplekt,assist2015,0,"{""emb_type"": ""qid"", ""loss3"": 0.5, ""d_ff"": 256, ""nheads"": 4, ""dropout"": 0.1, ""loss2"": 0.5, ""final_fc_dim2"": 256, ""loss1"": 0.5, ""d_model"": 256, ""num_attn_heads"": 4, ""num_layers"": 2, ""seed"": 42, ""final_fc_dim"": 256, ""n_blocks"": 4, ""start"": 50, ""learning_rate"": 1e-05}",qid,1e-05,42,0.1,,,,,256.0,256.0,4.0,4.0,4.0,2.0,,256.0,256.0,,,,50.0,,,,,,,,,,,,,,,,,,,,,,,,,,,,,,,,,,0.5,0.5,0.5,,,
simplekt.csv,simplekt,assist2015,1,"{""emb_type"": ""qid"", ""loss3"": 0.5, ""d_ff"": 256, ""nheads"": 4, ""dropout"": 0.1, ""loss2"": 0.5, ""final_fc_dim2"": 64, ""loss1"": 0.5, ""d_model"": 256, ""num_attn_heads"": 8, ""num_layers"": 2, ""seed"": 42, ""final_fc_dim"": 256, ""n_blocks"": 4, ""start"": 50, ""learning_rate"": 0.0001}",qid,0.0001,42,0.1,,,,,256.0,256.0,8.0,4.0,4.0,2.0,,256.0,64.0,,,,50.0,,,,,,,,,,,,,,,,,,,,,,,,,,,,,,,,,,0.5,0.5,0.5,,,
simplekt.csv,simplekt,assist2015,2,"{""emb_type"": ""qid"", ""loss3"": 0.5, ""d_ff"": 256, ""nheads"": 4, ""dropout"": 0.05, ""loss2"": 0.5, ""final_fc_dim2"": 256, ""loss1"": 0.5, ""d_model"": 256, ""num_attn_heads"": 4, ""num_layers"": 2, ""seed"": 3407, ""final_fc_dim"": 256, ""n_blocks"": 4, ""start"": 50, ""learning_rate"": 1e-05}",qid,1e-05,3407,0.05,,,,,256.0,256.0,4.0,4.0,4.0,2.0,,256.0,256.0,,,,50.0,,,,,,,,,,,,,,,,,,,,,,,,,,,,,,,,,,0.5,0.5,0.5,,,
simplekt.csv,simplekt,assist2015,3,"{""emb_type"": ""qid"", ""loss3"": 0.5, ""d_ff"": 256, ""nheads"": 4, ""dropout"": 0.1, ""loss2"": 0.5, ""final_fc_dim2"": 256, ""loss1"": 0.5, ""d_model"": 256, ""num_attn_heads"": 8, ""num_layers"": 2, ""seed"": 3407, ""final_fc_dim"": 256, ""n_blocks"": 4, ""start"": 50, ""learning_rate"": 0.0001}",qid,0.0001,3407,0.1,,,,,256.0,256.0,8.0,4.0,4.0,2.0,,256.0,256.0,,,,50.0,,,,,,,,,,,,,,,,,,,,,,,,,,,,,,,,,,0.5,0.5,0.5,,,
simplekt.csv,simplekt,assist2015,4,"{""emb_type"": ""qid"", ""loss3"": 0.5, ""d_ff"": 256, ""nheads"": 4, ""dropout"": 0.1, ""loss2"": 0.5, ""final_fc_dim2"": 256, ""loss1"": 0.5, ""d_model"": 256, ""num_attn_heads"": 8, ""num_layers"": 2, ""seed"": 3407, ""final_fc_dim"": 256, ""n_blocks"": 4, ""start"": 50, ""learning_rate"": 1e-05}",qid,1e-05,3407,0.1,,,,,256.0,256.0,8.0,4.0,4.0,2.0,,256.0,256.0,,,,50.0,,,,,,,,,,,,,,,,,,,,,,,,,,,,,,,,,,0.5,0.5,0.5,,,
simplekt.csv,simplekt,bridge2algebra2006,0,"{""emb_type"": ""qid"", ""loss3"": 0.5, ""d_ff"": 256, ""nheads"": 4, ""dropout"": 0.1, ""loss2"": 0.5, ""final_fc_dim2"": 64, ""loss1"": 0.5, ""d_model"": 256, ""num_attn_heads"": 4, ""num_layers"": 2, ""seed"": 42, ""final_fc_dim"": 256, ""n_blocks"": 4, ""start"": 50, ""learning_rate"": 1e-05}",qid,1e-05,42,0.1,,,,,256.0,256.0,4.0,4.0,4.0,2.0,,256.0,64.0,,,,50.0,,,,,,,,,,,,,,,,,,,,,,,,,,,,,,,,,,0.5,0.5,0.5,,,
simplekt.csv,simplekt,bridge2algebra2006,1,"{""emb_type"": ""qid"", ""loss3"": 0.5, ""d_ff"": 64, ""nheads"": 4, ""dropout"": 0.1, ""loss2"": 0.5, ""final_fc_dim2"": 64, ""loss1"": 0.5, ""d_model"": 256, ""num_attn_heads"": 8, ""num_layers"": 2, ""seed"": 3407, ""final_fc_dim"": 256, ""n_blocks"": 4, ""start"": 50, ""learning_rate"": 0.0001}",qid,0.0001,3407,0.1,,,,,256.0,64.0,8.0,4.0,4.0,2.0,,256.0,64.0,,,,50.0,,,,,,,,,,,,,,,,,,,,,,,,,,,,,,,,,,0.5,0.5,0.5,,,
simplekt.csv,simplekt,bridge2algebra2006,2,"{""emb_type"": ""qid"", ""loss3"": 0.5, ""d_ff"": 64, ""nheads"": 4, ""dropout"": 0.1, ""loss2"": 0.5, ""final_fc_dim2"": 256, ""loss1"": 0.5, ""d_model"": 256, ""num_attn_heads"": 8, ""num_layers"": 2, ""seed"": 3407, ""final_fc_dim"": 256, ""n_blocks"": 4, ""start"": 50, ""learning_rate"": 0.0001}",qid,0.0001,3407,0.1,,,,,256.0,64.0,8.0,4.0,4.0,2.0,,256.0,256.0,,,,50.0,,,,,,,,,,,,,,,,,,,,,,,,,,,,,,,,,,0.5,0.5,0.5,,,
simplekt.csv,simplekt,bridge2algebra2006,3,"{""emb_type"": ""qid"", ""loss3"": 0.5, ""d_ff"": 256, ""nheads"": 4, ""dropout"": 0.1, ""loss2"": 0.5, ""final_fc_dim2"": 256, ""loss1"": 0.5, ""d_model"": 256, ""num_attn_heads"": 8, ""num_layers"": 2, ""seed"": 3407, ""final_fc_dim"": 256, ""n_blocks"": 4, ""start"": 50, ""learning_rate"": 0.0001}",qid,0.0001,3407,0.1,,,,,256.0,256.0,8.0,4.0,4.0,2.0,,256.0,256.0,,,,50.0,,,,,,,,,,,,,,,,,,,,,,,,,,,,,,,,,,0.5,0.5,0.5,,,
simplekt.csv,simplekt,bridge2algebra2006,4,"{""emb_type"": ""qid"", ""loss3"": 0.5, ""d_ff"": 64, ""nheads"": 4, ""dropout"": 0.1, ""loss2"": 0.5, ""final_fc_dim2"": 256, ""loss1"": 0.5, ""d_model"": 256, ""num_attn_heads"": 4, ""num_layers"": 2, ""seed"": 42, ""final_fc_dim"": 256, ""n_blocks"": 4, ""start"": 50, ""learning_rate"": 1e-05}",qid,1e-05,42,0.1,,,,,256.0,64.0,4.0,4.0,4.0,2.0,,256.0,256.0,,,,50.0,,,,,,,,,,,,,,,,,,,,,,,,,,,,,,,,,,0.5,0.5,0.5,,,
simplekt.csv,simplekt,ednet,0,"{""emb_type"": ""qid"", ""loss3"": 0.5, ""d_ff"": 256, ""nheads"": 4, ""dropout"": 0.05, ""loss2"": 0.5, ""final_fc_dim2"": 64, ""loss1"": 0.5, ""d_model"": 64, ""num_attn_heads"": 8, ""num_layers"": 2, ""seed"": 3407, ""final_fc_dim"": 256, ""n_blocks"": 4, ""start"": 50, ""learning_rate"": 0.001}",qid,0.001,3407,0.05,,,,,64.0,256.0,8.0,4.0,4.0,2.0,,256.0,64.0,,,,50.0,,,,,,,,,,,,,,,,,,,,,,,,,,,,,,,,,,0.5,0.5,0.5,,,
simplekt.csv,simplekt,ednet,1,"{""emb_type"": ""qid"", ""loss3"": 0.5, ""d_ff"": 256, ""nheads"": 4, ""dropout"": 0.1, ""loss2"": 0.5, ""final_fc_dim2"": 64, ""loss1"": 0.5, ""d_model"": 64, ""num_attn_heads"": 8, ""num_layers"": 2, ""seed"": 3407, ""final_fc_dim"": 64, ""n_blocks"": 4, ""start"": 50, ""learning_rate"": 0.001}",qid,0.001,3407,0.1,,,,,64.0,256.0,8.0,4.0,4.0,2.0,,64.0,64.0,,,,50.0,,,,,,,,,,,,,,,,,,,,,,,,,,,,,,,,,,0.5,0.5,0.5,,,
simplekt.csv,simplekt,ednet,2,"{""emb_type"": ""qid"", ""loss3"": 0.5, ""d_ff"": 256, ""nheads"": 4, ""dropout"": 0.1, ""loss2"": 0.5, ""final_fc_dim2"": 256, ""loss1"": 0.5, ""d_model"": 256, ""num_attn_heads"": 8, ""num_layers"": 2, ""seed"": 3407, ""final_fc_dim"": 64, ""n_blocks"": 4, ""start"": 50, ""learning_rate"": 0.0001}",qid,0.0001,3407,0.1,,,,,256.0,256.0,8.0,4.0,4.0,2.0,,64.0,256.0,,,,50.0,,,,,,,,,,,,,,,,,,,,,,,,,,,,,,,,,,0.5,0.5,0.5,,,
simplekt.csv,simplekt,ednet,3,"{""emb_type"": ""qid"", ""loss3"": 0.5, ""d_ff"": 256, ""nheads"": 4, ""dropout"": 0.3, ""loss2"": 0.5, ""final_fc_dim2"": 64, ""loss1"": 0.5, ""d_model"": 256, ""num_attn_heads"": 8, ""num_layers"": 2, ""seed"": 3407, ""final_fc_dim"": 256, ""n_blocks"": 4, ""start"": 50, ""learning_rate"": 0.0001}",qid,0.0001,3407,0.3,,,,,256.0,256.0,8.0,4.0,4.0,2.0,,256.0,64.0,,,,50.0,,,,,,,,,,,,,,,,,,,,,,,,,,,,,,,,,,0.5,0.5,0.5,,,
simplekt.csv,simplekt,ednet,4,"{""emb_type"": ""qid"", ""loss3"": 0.5, ""d_ff"": 64, ""nheads"": 4, ""dropout"": 0.05, ""loss2"": 0.5, ""final_fc_dim2"": 256, ""loss1"": 0.5, ""d_model"": 256, ""num_attn_heads"": 4, ""num_layers"": 2, ""seed"": 3407, ""final_fc_dim"": 256, ""n_blocks"": 4, ""start"": 50, ""learning_rate"": 0.0001}",qid,0.0001,3407,0.05,,,,,256.0,64.0,4.0,4.0,4.0,2.0,,256.0,256.0,,,,50.0,,,,,,,,,,,,,,,,,,,,,,,,,,,,,,,,,,0.5,0.5,0.5,,,
simplekt.csv,simplekt,nips_task34,0,"{""emb_type"": ""qid"", ""loss3"": 0.5, ""d_ff"": 256, ""nheads"": 4, ""dropout"": 0.3, ""loss2"": 0.5, ""final_fc_dim2"": 64, ""loss1"": 0.5, ""d_model"": 64, ""num_attn_heads"": 8, ""num_layers"": 2, ""seed"": 3407, ""final_fc_dim"": 256, ""n_blocks"": 4, ""start"": 50, ""learning_rate"": 0.001}",qid,0.001,3407,0.3,,,,,64.0,256.0,8.0,4.0,4.0,2.0,,256.0,64.0,,,,50.0,,,,,,,,,,,,,,,,,,,,,,,,,,,,,,,,,,0.5,0.5,0.5,,,
simplekt.csv,simplekt,nips_task34,1,"{""emb_type"": ""qid"", ""loss3"": 0.5, ""d_ff"": 256, ""nheads"": 4, ""dropout"": 0.3, ""loss2"": 0.5, ""final_fc_dim2"": 256, ""loss1"": 0.5, ""d_model"": 64, ""num_attn_heads"": 4, ""num_layers"": 2, ""seed"": 3407, ""final_fc_dim"": 256, ""n_blocks"": 4, ""start"": 50, ""learning_rate"": 0.001}",qid,0.001,3407,0.3,,,,,64.0,256.0,4.0,4.0,4.0,2.0,,256.0,256.0,,,,50.0,,,,,,,,,,,,,,,,,,,,,,,,,,,,,,,,,,0.5,0.5,0.5,,,
simplekt.csv,simplekt,nips_task34,2,"{""emb_type"": ""qid"", ""loss3"": 0.5, ""d_ff"": 256, ""nheads"": 4, ""dropout"": 0.3, ""loss2"": 0.5, ""final_fc_dim2"": 64, ""loss1"": 0.5, ""d_model"": 64, ""num_attn_heads"": 4, ""num_layers"": 2, ""seed"": 3407, ""final_fc_dim"": 256, ""n_blocks"": 4, ""start"": 50, ""learning_rate"": 0.001}",qid,0.001,3407,0.3,,,,,64.0,256.0,4.0,4.0,4.0,2.0,,256.0,64.0,,,,50.0,,,,,,,,,,,,,,,,,,,,,,,,,,,,,,,,,,0.5,0.5,0.5,,,
simplekt.csv,simplekt,nips_task34,3,"{""emb_type"": ""qid"", ""loss3"": 0.5, ""d_ff"": 256, ""nheads"": 4, ""dropout"": 0.3, ""loss2"": 0.5, ""final_fc_dim2"": 256, ""loss1"": 0.5, ""d_model"": 64, ""num_attn_heads"": 4, ""num_layers"": 2, ""seed"": 3407, ""final_fc_dim"": 256, ""n_blocks"": 4, ""start"": 50, ""learning_rate"": 0.001}",qid,0.001,3407,0.3,,,,,64.0,256.0,4.0,4.0,4.0,2.0,,256.0,256.0,,,,50.0,,,,,,,,,,,,,,,,,,,,,,,,,,,,,,,,,,0.5,0.5,0.5,,,
simplekt.csv,simplekt,nips_task34,4,"{""emb_type"": ""qid"", ""loss3"": 0.5, ""d_ff"": 256, ""nheads"": 4, ""dropout"": 0.3, ""loss2"": 0.5, ""final_fc_dim2"": 256, ""loss1"": 0.5, ""d_model"": 64, ""num_attn_heads"": 8, ""num_layers"": 2, ""seed"": 3407, ""final_fc_dim"": 256, ""n_blocks"": 4, ""start"": 50, ""learning_rate"": 0.001}",qid,0.001,3407,0.3,,,,,64.0,256.0,8.0,4.0,4.0,2.0,,256.0,256.0,,,,50.0,,,,,,,,,,,,,,,,,,,,,,,,,,,,,,,,,,0.5,0.5,0.5,,,
simplekt.csv,simplekt,poj,0,"{""emb_type"": ""qid"", ""loss3"": 0.5, ""d_ff"": 64, ""nheads"": 4, ""dropout"": 0.3, ""loss2"": 0.5, ""final_fc_dim2"": 256, ""loss1"": 0.5, ""d_model"": 256, ""num_attn_heads"": 4, ""num_layers"": 2, ""seed"": 3407, ""final_fc_dim"": 256, ""n_blocks"": 4, ""start"": 50, ""learning_rate"": 0.0001}",qid,0.0001,3407,0.3,,,,,256.0,64.0,4.0,4.0,4.0,2.0,,256.0,256.0,,,,50.0,,,,,,,,,,,,,,,,,,,,,,,,,,,,,,,,,,0.5,0.5,0.5,,,
simplekt.csv,simplekt,poj,1,"{""emb_type"": ""qid"", ""loss3"": 0.5, ""d_ff"": 256, ""nheads"": 4, ""dropout"": 0.5, ""loss2"": 0.5, ""final_fc_dim2"": 256, ""loss1"": 0.5, ""d_model"": 64, ""num_attn_heads"": 4, ""num_layers"": 2, ""seed"": 3407, ""final_fc_dim"": 256, ""n_blocks"": 4, ""start"": 50, ""learning_rate"": 0.0001}",qid,0.0001,3407,0.5,,,,,64.0,256.0,4.0,4.0,4.0,2.0,,256.0,256.0,,,,50.0,,,,,,,,,,,,,,,,,,,,,,,,,,,,,,,,,,0.5,0.5,0.5,,,
simplekt.csv,simplekt,poj,2,"{""emb_type"": ""qid"", ""loss3"": 0.5, ""d_ff"": 256, ""nheads"": 4, ""dropout"": 0.5, ""loss2"": 0.5, ""final_fc_dim2"": 256, ""loss1"": 0.5, ""d_model"": 64, ""num_attn_heads"": 4, ""num_layers"": 2, ""seed"": 42, ""final_fc_dim"": 256, ""n_blocks"": 4, ""start"": 50, ""learning_rate"": 0.0001}",qid,0.0001,42,0.5,,,,,64.0,256.0,4.0,4.0,4.0,2.0,,256.0,256.0,,,,50.0,,,,,,,,,,,,,,,,,,,,,,,,,,,,,,,,,,0.5,0.5,0.5,,,
simplekt.csv,simplekt,poj,3,"{""emb_type"": ""qid"", ""loss3"": 0.5, ""d_ff"": 64, ""nheads"": 4, ""dropout"": 0.3, ""loss2"": 0.5, ""final_fc_dim2"": 64, ""loss1"": 0.5, ""d_model"": 256, ""num_attn_heads"": 8, ""num_layers"": 2, ""seed"": 3407, ""final_fc_dim"": 256, ""n_blocks"": 2, ""start"": 50, ""learning_rate"": 0.0001}",qid,0.0001,3407,0.3,,,,,256.0,64.0,8.0,4.0,2.0,2.0,,256.0,64.0,,,,50.0,,,,,,,,,,,,,,,,,,,,,,,,,,,,,,,,,,0.5,0.5,0.5,,,
simplekt.csv,simplekt,poj,4,"{""emb_type"": ""qid"", ""loss3"": 0.5, ""d_ff"": 64, ""nheads"": 4, ""dropout"": 0.3, ""loss2"": 0.5, ""final_fc_dim2"": 256, ""loss1"": 0.5, ""d_model"": 256, ""num_attn_heads"": 8, ""num_layers"": 2, ""seed"": 42, ""final_fc_dim"": 256, ""n_blocks"": 2, ""start"": 50, ""learning_rate"": 0.0001}",qid,0.0001,42,0.3,,,,,256.0,64.0,8.0,4.0,2.0,2.0,,256.0,256.0,,,,50.0,,,,,,,,,,,,,,,,,,,,,,,,,,,,,,,,,,0.5,0.5,0.5,,,
simplekt.csv,simplekt,statics2011,0,"{""emb_type"": ""qid"", ""loss3"": 0.5, ""d_ff"": 256, ""nheads"": 4, ""dropout"": 0.3, ""loss2"": 0.5, ""final_fc_dim2"": 256, ""loss1"": 0.5, ""d_model"": 256, ""num_attn_heads"": 8, ""num_layers"": 2, ""seed"": 42, ""final_fc_dim"": 256, ""n_blocks"": 2, ""start"": 50, ""learning_rate"": 0.001}",qid,0.001,42,0.3,,,,,256.0,256.0,8.0,4.0,2.0,2.0,,256.0,256.0,,,,50.0,,,,,,,,,,,,,,,,,,,,,,,,,,,,,,,,,,0.5,0.5,0.5,,,
simplekt.csv,simplekt,statics2011,1,"{""emb_type"": ""qid"", ""loss3"": 0.5, ""d_ff"": 256, ""nheads"": 4, ""dropout"": 0.5, ""loss2"": 0.5, ""final_fc_dim2"": 256, ""loss1"": 0.5, ""d_model"": 256, ""num_attn_heads"": 4, ""num_layers"": 2, ""seed"": 42, ""final_fc_dim"": 256, ""n_blocks"": 2, ""start"": 50, ""learning_rate"": 0.001}",qid,0.001,42,0.5,,,,,256.0,256.0,4.0,4.0,2.0,2.0,,256.0,256.0,,,,50.0,,,,,,,,,,,,,,,,,,,,,,,,,,,,,,,,,,0.5,0.5,0.5,,,
simplekt.csv,simplekt,statics2011,2,"{""emb_type"": ""qid"", ""loss3"": 0.5, ""d_ff"": 256, ""nheads"": 4, ""dropout"": 0.3, ""loss2"": 0.5, ""final_fc_dim2"": 256, ""loss1"": 0.5, ""d_model"": 256, ""num_attn_heads"": 4, ""num_layers"": 2, ""seed"": 42, ""final_fc_dim"": 256, ""n_blocks"": 2, ""start"": 50, ""learning_rate"": 0.001}",qid,0.001,42,0.3,,,,,256.0,256.0,4.0,4.0,2.0,2.0,,256.0,256.0,,,,50.0,,,,,,,,,,,,,,,,,,,,,,,,,,,,,,,,,,0.5,0.5,0.5,,,
simplekt.csv,simplekt,statics2011,3,"{""emb_type"": ""qid"", ""loss3"": 0.5, ""d_ff"": 64, ""nheads"": 4, ""dropout"": 0.5, ""loss2"": 0.5, ""final_fc_dim2"": 256, ""loss1"": 0.5, ""d_model"": 256, ""num_attn_heads"": 8, ""num_layers"": 2, ""seed"": 42, ""final_fc_dim"": 256, ""n_blocks"": 1, ""start"": 50, ""learning_rate"": 0.001}",qid,0.001,42,0.5,,,,,256.0,64.0,8.0,4.0,1.0,2.0,,256.0,256.0,,,,50.0,,,,,,,,,,,,,,,,,,,,,,,,,,,,,,,,,,0.5,0.5,0.5,,,
simplekt.csv,simplekt,statics2011,4,"{""emb_type"": ""qid"", ""loss3"": 0.5, ""d_ff"": 64, ""nheads"": 4, ""dropout"": 0.5, ""loss2"": 0.5, ""final_fc_dim2"": 256, ""loss1"": 0.5, ""d_model"": 256, ""num_attn_heads"": 8, ""num_layers"": 2, ""seed"": 42, ""final_fc_dim"": 256, ""n_blocks"": 1, ""start"": 50, ""learning_rate"": 0.001}",qid,0.001,42,0.5,,,,,256.0,64.0,8.0,4.0,1.0,2.0,,256.0,256.0,,,,50.0,,,,,,,,,,,,,,,,,,,,,,,,,,,,,,,,,,0.5,0.5,0.5,,,
skvmn.csv,skvmn,algebra2005,0,"{""emb_type"": ""qid"", ""dim_s"": 256, ""dropout"": 0.5, ""size_m"": 64, ""seed"": 42, ""learning_rate"": 0.001}",qid,0.001,42,0.5,,,,,,,,,,,,,,,,,,,,,,,256.0,64.0,,,,,,,,,,,,,,,,,,,,,,,,,,,,,,,,
skvmn.csv,skvmn,algebra2005,1,"{""emb_type"": ""qid"", ""dim_s"": 64, ""dropout"": 0.3, ""size_m"": 64, ""seed"": 42, ""learning_rate"": 0.001}",qid,0.001,42,0.3,,,,,,,,,,,,,,,,,,,,,,,64.0,64.0,,,,,,,,,,,,,,,,,,,,,,,,,,,,,,,,
skvmn.csv,skvmn,algebra2005,2,"{""emb_type"": ""qid"", ""dim_s"": 64, ""dropout"": 0.5, ""size_m"": 32, ""seed"": 42, ""learning_rate"": 0.001}",qid,0.001,42,0.5,,,,,,,,,,,,,,,,,,,,,,,64.0,32.0,,,,,,,,,,,,,,,,,,,,,,,,,,,,,,,,
skvmn.csv,skvmn,algebra2005,3,"{""emb_type"": ""qid"", ""dim_s"": 64, ""dropout"": 0.3, ""size_m"": 32, ""seed"": 42, ""learning_rate"": 0.001}",qid,0.001,42,0.3,,,,,,,,,,,,,,,,,,,,,,,64.0,32.0,,,,,,,,,,,,,,,,,,,,,,,,,,,,,,,,
skvmn.csv,skvmn,algebra2005,4,"{""emb_type"": ""qid"", ""dim_s"": 64, ""dropout"": 0.3, ""size_m"": 64, ""seed"": 3407, ""learning_rate"": 0.001}",qid,0.001,3407,0.3,,,,,,,,,,,,,,,,,,,,,,,64.0,64.0,,,,,,,,,,,,,,,,,,,,,,,,,,,,,,,,
skvmn.csv,skvmn,assist2009,0,"{""emb_type"": ""qid"", ""dim_s"": 64, ""dropout"": 0.1, ""size_m"": 32, ""seed"": 42, ""learning_rate"": 0.001}",qid,0.001,42,0.1,,,,,,,,,,,,,,,,,,,,,,,64.0,32.0,,,,,,,,,,,,,,,,,,,,,,,,,,,,,,,,
skvmn.csv,skvmn,assist2009,1,"{""emb_type"": ""qid"", ""dim_s"": 64, ""dropout"": 0.1, ""size_m"": 32, ""seed"": 42, ""learning_rate"": 0.001}",qid,0.001,42,0.1,,,,,,,,,,,,,,,,,,,,,,,64.0,32.0,,,,,,,,,,,,,,,,,,,,,,,,,,,,,,,,
skvmn.csv,skvmn,assist2009,2,"{""emb_type"": ""qid"", ""dim_s"": 256, ""dropout"": 0.1, ""size_m"": 32, ""seed"": 42, ""learning_rate"": 0.001}",qid,0.001,42,0.1,,,,,,,,,,,,,,,,,,,,,,,256.0,32.0,,,,,,,,,,,,,,,,,,,,,,,,,,,,,,,,
skvmn.csv,skvmn,assist2009,3,"{""emb_type"": ""qid"", ""dim_s"": 256, ""dropout"": 0.3, ""size_m"": 32, ""seed"": 3407, ""learning_rate"": 0.001}",qid,0.001,3407,0.3,,,,,,,,,,,,,,,,,,,,,,,256.0,32.0,,,,,,,,,,,,,,,,,,,,,,,,,,,,,,,,
skvmn.csv,skvmn,assist2009,4,"{""emb_type"": ""qid"", ""dim_s"": 256, ""dropout"": 0.3, ""size_m"": 32, ""seed"": 42, ""learning_rate"": 0.001}",qid,0.001,42,0.3,,,,,,,,,,,,,,,,,,,,,,,256.0,32.0,,,,,,,,,,,,,,,,,,,,,,,,,,,,,,,,
skvmn.csv,skvmn,assist2015,0,"{""emb_type"": ""qid"", ""dim_s"": 64, ""dropout"": 0.1, ""size_m"": 32, ""seed"": 3407, ""learning_rate"": 0.001}",qid,0.001,3407,0.1,,,,,,,,,,,,,,,,,,,,,,,64.0,32.0,,,,,,,,,,,,,,,,,,,,,,,,,,,,,,,,
skvmn.csv,skvmn,assist2015,1,"{""emb_type"": ""qid"", ""dim_s"": 256, ""dropout"": 0.05, ""size_m"": 32, ""seed"": 42, ""learning_rate"": 0.0001}",qid,0.0001,42,0.05,,,,,,,,,,,,,,,,,,,,,,,256.0,32.0,,,,,,,,,,,,,,,,,,,,,,,,,,,,,,,,
skvmn.csv,skvmn,assist2015,2,"{""emb_type"": ""qid"", ""dim_s"": 64, ""dropout"": 0.1, ""size_m"": 32, ""seed"": 3407, ""learning_rate"": 0.001}",qid,0.001,3407,0.1,,,,,,,,,,,,,,,,,,,,,,,64.0,32.0,,,,,,,,,,,,,,,,,,,,,,,,,,,,,,,,
skvmn.csv,skvmn,assist2015,3,"{""emb_type"": ""qid"", ""dim_s"": 256, ""dropout"": 0.3, ""size_m"": 32, ""seed"": 42, ""learning_rate"": 0.0001}",qid,0.0001,42,0.3,,,,,,,,,,,,,,,,,,,,,,,256.0,32.0,,,,,,,,,,,,,,,,,,,,,,,,,,,,,,,,
skvmn.csv,skvmn,assist2015,4,"{""emb_type"": ""qid"", ""dim_s"": 64, ""dropout"": 0.1, ""size_m"": 32, ""seed"": 42, ""learning_rate"": 0.001}",qid,0.001,42,0.1,,,,,,,,,,,,,,,,,,,,,,,64.0,32.0,,,,,,,,,,,,,,,,,,,,,,,,,,,,,,,,
skvmn.csv,skvmn,bridge2algebra2006,0,"{""emb_type"": ""qid"", ""dim_s"": 256, ""dropout"": 0.3, ""size_m"": 64, ""seed"": 42, ""learning_rate"": 0.0001}",qid,0.0001,42,0.3,,,,,,,,,,,,,,,,,,,,,,,256.0,64.0,,,,,,,,,,,,,,,,,,,,,,,,,,,,,,,,
skvmn.csv,skvmn,bridge2algebra2006,1,"{""emb_type"": ""qid"", ""dim_s"": 64, ""dropout"": 0.5, ""size_m"": 32, ""seed"": 3407, ""learning_rate"": 0.001}",qid,0.001,3407,0.5,,,,,,,,,,,,,,,,,,,,,,,64.0,32.0,,,,,,,,,,,,,,,,,,,,,,,,,,,,,,,,
skvmn.csv,skvmn,bridge2algebra2006,2,"{""emb_type"": ""qid"", ""dim_s"": 256, ""dropout"": 0.5, ""size_m"": 32, ""seed"": 42, ""learning_rate"": 0.001}",qid,0.001,42,0.5,,,,,,,,,,,,,,,,,,,,,,,256.0,32.0,,,,,,,,,,,,,,,,,,,,,,,,,,,,,,,,
skvmn.csv,skvmn,bridge2algebra2006,3,"{""emb_type"": ""qid"", ""dim_s"": 64, ""dropout"": 0.3, ""size_m"": 64, ""seed"": 3407, ""learning_rate"": 0.001}",qid,0.001,3407,0.3,,,,,,,,,,,,,,,,,,,,,,,64.0,64.0,,,,,,,,,,,,,,,,,,,,,,,,,,,,,,,,
skvmn.csv,skvmn,bridge2algebra2006,4,"{""emb_type"": ""qid"", ""dim_s"": 256, ""dropout"": 0.05, ""size_m"": 64, ""seed"": 42, ""learning_rate"": 0.0001}",qid,0.0001,42,0.05,,,,,,,,,,,,,,,,,,,,,,,256.0,64.0,,,,,,,,,,,,,,,,,,,,,,,,,,,,,,,,
skvmn.csv,skvmn,ednet,0,"{""emb_type"": ""qid"", ""dim_s"": 64, ""dropout"": 0.1, ""size_m"": 32, ""seed"": 3407, ""learning_rate"": 0.001}",qid,0.001,3407,0.1,,,,,,,,,,,,,,,,,,,,,,,64.0,32.0,,,,,,,,,,,,,,,,,,,,,,,,,,,,,,,,
skvmn.csv,skvmn,ednet,1,"{""emb_type"": ""qid"", ""dim_s"": 64, ""dropout"": 0.3, ""size_m"": 32, ""seed"": 42, ""learning_rate"": 0.001}",qid,0.001,42,0.3,,,,,,,,,,,,,,,,,,,,,,,64.0,32.0,,,,,,,,,,,,,,,,,,,,,,,,,,,,,,,,
skvmn.csv,skvmn,ednet,2,"{""emb_type"": ""qid"", ""dim_s"": 64, ""dropout"": 0.5, ""size_m"": 32, ""seed"": 3407, ""learning_rate"": 0.001}",qid,0.001,3407,0.5,,,,,,,,,,,,,,,,,,,,,,,64.0,32.0,,,,,,,,,,,,,,,,,,,,,,,,,,,,,,,,
skvmn.csv,skvmn,ednet,3,"{""emb_type"": ""qid"", ""dim_s"": 64, ""dropout"": 0.3, ""size_m"": 32, ""seed"": 3407, ""learning_rate"": 0.001}",qid,0.001,3407,0.3,,,,,,,,,,,,,,,,,,,,,,,64.0,32.0,,,,,,,,,,,,,,,,,,,,,,,,,,,,,,,,
skvmn.csv,skvmn,ednet,4,"{""emb_type"": ""qid"", ""dim_s"": 256, ""dropout"": 0.3, ""size_m"": 64, ""seed"": 3407, ""learning_rate"": 0.001}",qid,0.001,3407,0.3,,,,,,,,,,,,,,,,,,,,,,,256.0,64.0,,,,,,,,,,,,,,,,,,,,,,,,,,,,,,,,
skvmn.csv,skvmn,nips_task34,0,"{""emb_type"": ""qid"", ""dim_s"": 256, ""dropout"": 0.3, ""size_m"": 32, ""seed"": 3407, ""learning_rate"": 0.001}",qid,0.001,3407,0.3,,,,,,,,,,,,,,,,,,,,,,,256.0,32.0,,,,,,,,,,,,,,,,,,,,,,,,,,,,,,,,
skvmn.csv,skvmn,nips_task34,1,"{""emb_type"": ""qid"", ""dim_s"": 64, ""dropout"": 0.1, ""size_m"": 32, ""seed"": 42, ""learning_rate"": 0.001}",qid,0.001,42,0.1,,,,,,,,,,,,,,,,,,,,,,,64.0,32.0,,,,,,,,,,,,,,,,,,,,,,,,,,,,,,,,
skvmn.csv,skvmn,nips_task34,2,"{""emb_type"": ""qid"", ""dim_s"": 256, ""dropout"": 0.1, ""size_m"": 32, ""seed"": 3407, ""learning_rate"": 0.001}",qid,0.001,3407,0.1,,,,,,,,,,,,,,,,,,,,,,,256.0,32.0,,,,,,,,,,,,,,,,,,,,,,,,,,,,,,,,
skvmn.csv,skvmn,nips_task34,3,"{""emb_type"": ""qid"", ""dim_s"": 256, ""dropout"": 0.1, ""size_m"": 32, ""seed"": 3407, ""learning_rate"": 0.001}",qid,0.001,3407,0.1,,,,,,,,,,,,,,,,,,,,,,,256.0,32.0,,,,,,,,,,,,,,,,,,,,,,,,,,,,,,,,
skvmn.csv,skvmn,nips_task34,4,"{""emb_type"": ""qid"", ""dim_s"": 256, ""dropout"": 0.5, ""size_m"": 32, ""seed"": 3407, ""learning_rate"": 0.001}",qid,0.001,3407,0.5,,,,,,,,,,,,,,,,,,,,,,,256.0,32.0,,,,,,,,,,,,,,,,,,,,,,,,,,,,,,,,
skvmn.csv,skvmn,poj,0,"{""emb_type"": ""qid"", ""dim_s"": 256, ""dropout"": 0.3, ""size_m"": 32, ""seed"": 42, ""learning_rate"": 0.001}",qid,0.001,42,0.3,,,,,,,,,,,,,,,,,,,,,,,256.0,32.0,,,,,,,,,,,,,,,,,,,,,,,,,,,,,,,,
skvmn.csv,skvmn,poj,1,"{""emb_type"": ""qid"", ""dim_s"": 64, ""dropout"": 0.5, ""size_m"": 64, ""seed"": 42, ""learning_rate"": 0.001}",qid,0.001,42,0.5,,,,,,,,,,,,,,,,,,,,,,,64.0,64.0,,,,,,,,,,,,,,,,,,,,,,,,,,,,,,,,
skvmn.csv,skvmn,poj,2,"{""emb_type"": ""qid"", ""dim_s"": 64, ""dropout"": 0.5, ""size_m"": 32, ""seed"": 42, ""learning_rate"": 0.001}",qid,0.001,42,0.5,,,,,,,,,,,,,,,,,,,,,,,64.0,32.0,,,,,,,,,,,,,,,,,,,,,,,,,,,,,,,,
skvmn.csv,skvmn,poj,3,"{""emb_type"": ""qid"", ""dim_s"": 64, ""dropout"": 0.5, ""size_m"": 32, ""seed"": 42, ""learning_rate"": 0.001}",qid,0.001,42,0.5,,,,,,,,,,,,,,,,,,,,,,,64.0,32.0,,,,,,,,,,,,,,,,,,,,,,,,,,,,,,,,
skvmn.csv,skvmn,poj,4,"{""emb_type"": ""qid"", ""dim_s"": 64, ""dropout"": 0.3, ""size_m"": 64, ""seed"": 3407, ""learning_rate"": 0.001}",qid,0.001,3407,0.3,,,,,,,,,,,,,,,,,,,,,,,64.0,64.0,,,,,,,,,,,,,,,,,,,,,,,,,,,,,,,,
skvmn.csv,skvmn,statics2011,0,"{""emb_type"": ""qid"", ""dim_s"": 256, ""dropout"": 0.5, ""size_m"": 32, ""seed"": 42, ""learning_rate"": 0.001}",qid,0.001,42,0.5,,,,,,,,,,,,,,,,,,,,,,,256.0,32.0,,,,,,,,,,,,,,,,,,,,,,,,,,,,,,,,
skvmn.csv,skvmn,statics2011,1,"{""emb_type"": ""qid"", ""dim_s"": 256, ""dropout"": 0.3, ""size_m"": 32, ""seed"": 42, ""learning_rate"": 0.001}",qid,0.001,42,0.3,,,,,,,,,,,,,,,,,,,,,,,256.0,32.0,,,,,,,,,,,,,,,,,,,,,,,,,,,,,,,,
skvmn.csv,skvmn,statics2011,2,"{""emb_type"": ""qid"", ""dim_s"": 256, ""dropout"": 0.5, ""size_m"": 64, ""seed"": 42, ""learning_rate"": 0.001}",qid,0.001,42,0.5,,,,,,,,,,,,,,,,,,,,,,,256.0,64.0,,,,,,,,,,,,,,,,,,,,,,,,,,,,,,,,
skvmn.csv,skvmn,statics2011,3,"{""emb_type"": ""qid"", ""dim_s"": 256, ""dropout"": 0.05, ""size_m"": 32, ""seed"": 42, ""learning_rate"": 0.001}",qid,0.001,42,0.05,,,,,,,,,,,,,,,,,,,,,,,256.0,32.0,,,,,,,,,,,,,,,,,,,,,,,,,,,,,,,,
skvmn.csv,skvmn,statics2011,4,"{""emb_type"": ""qid"", ""dim_s"": 256, ""dropout"": 0.5, ""size_m"": 32, ""seed"": 42, ""learning_rate"": 0.001}",qid,0.001,42,0.5,,,,,,,,,,,,,,,,,,,,,,,256.0,32.0,,,,,,,,,,,,,,,,,,,,,,,,,,,,,,,,
sparsekt-soft.csv,sparsekt,algebra2005,0,"{""emb_type"": ""qid_accumulative_attn"", ""d_ff"": 256, ""dropout"": 0.1, ""final_fc_dim2"": 64, ""d_model"": 256, ""num_attn_heads"": 8, ""k_index"": 5, ""seed"": 42, ""final_fc_dim"": 256, ""n_blocks"": 4, ""sparse_ratio"": 0.8, ""learning_rate"": 0.0001}",qid_accumulative_attn,0.0001,42,0.1,,,,,256.0,256.0,8.0,,4.0,,,256.0,64.0,,,,,,,,,,,,,,,,,,,,,,,,,,,,,,,,,,,,,,,,,5.0,0.8,
sparsekt-topk.csv,sparsekt,algebra2005,0,"{""emb_type"": ""qid_sparseattn"", ""d_ff"": 256, ""dropout"": 0.05, ""final_fc_dim2"": 64, ""d_model"": 256, ""num_attn_heads"": 8, ""k_index"": 3, ""seed"": 42, ""final_fc_dim"": 256, ""n_blocks"": 4, ""sparse_ratio"": 0.2, ""learning_rate"": 0.0001}",qid_sparseattn,0.0001,42,0.05,,,,,256.0,256.0,8.0,,4.0,,,256.0,64.0,,,,,,,,,,,,,,,,,,,,,,,,,,,,,,,,,,,,,,,,,3.0,0.2,
sparsekt-soft.csv,sparsekt,algebra2005,1,"{""emb_type"": ""qid_accumulative_attn"", ""d_ff"": 256, ""dropout"": 0.05, ""final_fc_dim2"": 256, ""d_model"": 256, ""num_attn_heads"": 8, ""k_index"": 3, ""seed"": 42, ""final_fc_dim"": 256, ""n_blocks"": 4, ""sparse_ratio"": 0.9, ""learning_rate"": 0.0001}",qid_accumulative_attn,0.0001,42,0.05,,,,,256.0,256.0,8.0,,4.0,,,256.0,256.0,,,,,,,,,,,,,,,,,,,,,,,,,,,,,,,,,,,,,,,,,3.0,0.9,
sparsekt-topk.csv,sparsekt,algebra2005,1,"{""emb_type"": ""qid_sparseattn"", ""d_ff"": 64, ""dropout"": 0.05, ""final_fc_dim2"": 64, ""d_model"": 256, ""num_attn_heads"": 4, ""k_index"": 4, ""seed"": 3407, ""final_fc_dim"": 256, ""n_blocks"": 4, ""sparse_ratio"": 0.8, ""learning_rate"": 0.0001}",qid_sparseattn,0.0001,3407,0.05,,,,,256.0,64.0,4.0,,4.0,,,256.0,64.0,,,,,,,,,,,,,,,,,,,,,,,,,,,,,,,,,,,,,,,,,4.0,0.8,
sparsekt-soft.csv,sparsekt,algebra2005,2,"{""emb_type"": ""qid_accumulative_attn"", ""d_ff"": 256, ""dropout"": 0.05, ""final_fc_dim2"": 256, ""d_model"": 256, ""num_attn_heads"": 4, ""k_index"": 8, ""seed"": 42, ""final_fc_dim"": 256, ""n_blocks"": 4, ""sparse_ratio"": 0.8, ""learning_rate"": 0.0001}",qid_accumulative_attn,0.0001,42,0.05,,,,,256.0,256.0,4.0,,4.0,,,256.0,256.0,,,,,,,,,,,,,,,,,,,,,,,,,,,,,,,,,,,,,,,,,8.0,0.8,
sparsekt-topk.csv,sparsekt,algebra2005,2,"{""emb_type"": ""qid_sparseattn"", ""d_ff"": 256, ""dropout"": 0.1, ""final_fc_dim2"": 64, ""d_model"": 256, ""num_attn_heads"": 8, ""k_index"": 3, ""seed"": 3407, ""final_fc_dim"": 64, ""n_blocks"": 4, ""sparse_ratio"": 0.8, ""learning_rate"": 0.0001}",qid_sparseattn,0.0001,3407,0.1,,,,,256.0,256.0,8.0,,4.0,,,64.0,64.0,,,,,,,,,,,,,,,,,,,,,,,,,,,,,,,,,,,,,,,,,3.0,0.8,
sparsekt-soft.csv,sparsekt,algebra2005,3,"{""emb_type"": ""qid_accumulative_attn"", ""d_ff"": 64, ""dropout"": 0.05, ""final_fc_dim2"": 256, ""d_model"": 256, ""num_attn_heads"": 4, ""k_index"": 10, ""seed"": 42, ""final_fc_dim"": 64, ""n_blocks"": 4, ""sparse_ratio"": 0.9, ""learning_rate"": 0.0001}",qid_accumulative_attn,0.0001,42,0.05,,,,,256.0,64.0,4.0,,4.0,,,64.0,256.0,,,,,,,,,,,,,,,,,,,,,,,,,,,,,,,,,,,,,,,,,10.0,0.9,
sparsekt-topk.csv,sparsekt,algebra2005,3,"{""emb_type"": ""qid_sparseattn"", ""d_ff"": 256, ""dropout"": 0.1, ""final_fc_dim2"": 256, ""d_model"": 256, ""num_attn_heads"": 4, ""k_index"": 3, ""seed"": 42, ""final_fc_dim"": 256, ""n_blocks"": 4, ""sparse_ratio"": 0.5, ""learning_rate"": 0.0001}",qid_sparseattn,0.0001,42,0.1,,,,,256.0,256.0,4.0,,4.0,,,256.0,256.0,,,,,,,,,,,,,,,,,,,,,,,,,,,,,,,,,,,,,,,,,3.0,0.5,
sparsekt-soft.csv,sparsekt,algebra2005,4,"{""emb_type"": ""qid_accumulative_attn"", ""d_ff"": 64, ""dropout"": 0.05, ""final_fc_dim2"": 256, ""d_model"": 256, ""num_attn_heads"": 8, ""k_index"": 4, ""seed"": 42, ""final_fc_dim"": 64, ""n_blocks"": 4, ""sparse_ratio"": 0.8, ""learning_rate"": 0.0001}",qid_accumulative_attn,0.0001,42,0.05,,,,,256.0,64.0,8.0,,4.0,,,64.0,256.0,,,,,,,,,,,,,,,,,,,,,,,,,,,,,,,,,,,,,,,,,4.0,0.8,
sparsekt-topk.csv,sparsekt,algebra2005,4,"{""emb_type"": ""qid_sparseattn"", ""d_ff"": 256, ""dropout"": 0.1, ""final_fc_dim2"": 256, ""d_model"": 256, ""num_attn_heads"": 4, ""k_index"": 4, ""seed"": 3407, ""final_fc_dim"": 256, ""n_blocks"": 4, ""sparse_ratio"": 0.8, ""learning_rate"": 0.0001}",qid_sparseattn,0.0001,3407,0.1,,,,,256.0,256.0,4.0,,4.0,,,256.0,256.0,,,,,,,,,,,,,,,,,,,,,,,,,,,,,,,,,,,,,,,,,4.0,0.8,
sparsekt-soft.csv,sparsekt,assist2009,0,"{""emb_type"": ""qid_accumulative_attn"", ""d_ff"": 256, ""dropout"": 0.1, ""final_fc_dim2"": 64, ""d_model"": 256, ""num_attn_heads"": 4, ""k_index"": 9, ""seed"": 42, ""final_fc_dim"": 256, ""n_blocks"": 4, ""sparse_ratio"": 0.9, ""learning_rate"": 0.0001}",qid_accumulative_attn,0.0001,42,0.1,,,,,256.0,256.0,4.0,,4.0,,,256.0,64.0,,,,,,,,,,,,,,,,,,,,,,,,,,,,,,,,,,,,,,,,,9.0,0.9,
sparsekt-topk.csv,sparsekt,assist2009,0,"{""emb_type"": ""qid_sparseattn"", ""d_ff"": 256, ""dropout"": 0.05, ""final_fc_dim2"": 64, ""d_model"": 256, ""num_attn_heads"": 4, ""k_index"": 3, ""seed"": 42, ""final_fc_dim"": 256, ""n_blocks"": 4, ""sparse_ratio"": 0.5, ""learning_rate"": 0.0001}",qid_sparseattn,0.0001,42,0.05,,,,,256.0,256.0,4.0,,4.0,,,256.0,64.0,,,,,,,,,,,,,,,,,,,,,,,,,,,,,,,,,,,,,,,,,3.0,0.5,
sparsekt-soft.csv,sparsekt,assist2009,1,"{""emb_type"": ""qid_accumulative_attn"", ""d_ff"": 64, ""dropout"": 0.1, ""final_fc_dim2"": 256, ""d_model"": 256, ""num_attn_heads"": 8, ""k_index"": 9, ""seed"": 42, ""final_fc_dim"": 64, ""n_blocks"": 4, ""sparse_ratio"": 0.9, ""learning_rate"": 0.0001}",qid_accumulative_attn,0.0001,42,0.1,,,,,256.0,64.0,8.0,,4.0,,,64.0,256.0,,,,,,,,,,,,,,,,,,,,,,,,,,,,,,,,,,,,,,,,,9.0,0.9,
sparsekt-topk.csv,sparsekt,assist2009,1,"{""emb_type"": ""qid_sparseattn"", ""d_ff"": 64, ""dropout"": 0.1, ""final_fc_dim2"": 256, ""d_model"": 256, ""num_attn_heads"": 8, ""k_index"": 2, ""seed"": 3407, ""final_fc_dim"": 256, ""n_blocks"": 4, ""sparse_ratio"": 0.3, ""learning_rate"": 0.0001}",qid_sparseattn,0.0001,3407,0.1,,,,,256.0,64.0,8.0,,4.0,,,256.0,256.0,,,,,,,,,,,,,,,,,,,,,,,,,,,,,,,,,,,,,,,,,2.0,0.3,
sparsekt-soft.csv,sparsekt,assist2009,2,"{""emb_type"": ""qid_accumulative_attn"", ""d_ff"": 256, ""dropout"": 0.3, ""final_fc_dim2"": 64, ""d_model"": 256, ""num_attn_heads"": 4, ""k_index"": 4, ""seed"": 3407, ""final_fc_dim"": 256, ""n_blocks"": 4, ""sparse_ratio"": 0.9, ""learning_rate"": 0.0001}",qid_accumulative_attn,0.0001,3407,0.3,,,,,256.0,256.0,4.0,,4.0,,,256.0,64.0,,,,,,,,,,,,,,,,,,,,,,,,,,,,,,,,,,,,,,,,,4.0,0.9,
sparsekt-topk.csv,sparsekt,assist2009,2,"{""emb_type"": ""qid_sparseattn"", ""d_ff"": 256, ""dropout"": 0.1, ""final_fc_dim2"": 64, ""d_model"": 256, ""num_attn_heads"": 4, ""k_index"": 3, ""seed"": 3407, ""final_fc_dim"": 64, ""n_blocks"": 4, ""sparse_ratio"": 0.8, ""learning_rate"": 0.0001}",qid_sparseattn,0.0001,3407,0.1,,,,,256.0,256.0,4.0,,4.0,,,64.0,64.0,,,,,,,,,,,,,,,,,,,,,,,,,,,,,,,,,,,,,,,,,3.0,0.8,
sparsekt-soft.csv,sparsekt,assist2009,3,"{""emb_type"": ""qid_accumulative_attn"", ""d_ff"": 256, ""dropout"": 0.1, ""final_fc_dim2"": 64, ""d_model"": 256, ""num_attn_heads"": 4, ""k_index"": 9, ""seed"": 42, ""final_fc_dim"": 256, ""n_blocks"": 4, ""sparse_ratio"": 0.8, ""learning_rate"": 0.0001}",qid_accumulative_attn,0.0001,42,0.1,,,,,256.0,256.0,4.0,,4.0,,,256.0,64.0,,,,,,,,,,,,,,,,,,,,,,,,,,,,,,,,,,,,,,,,,9.0,0.8,
sparsekt-topk.csv,sparsekt,assist2009,3,"{""emb_type"": ""qid_sparseattn"", ""d_ff"": 256, ""dropout"": 0.1, ""final_fc_dim2"": 64, ""d_model"": 256, ""num_attn_heads"": 4, ""k_index"": 3, ""seed"": 3407, ""final_fc_dim"": 64, ""n_blocks"": 4, ""sparse_ratio"": 0.2, ""learning_rate"": 0.0001}",qid_sparseattn,0.0001,3407,0.1,,,,,256.0,256.0,4.0,,4.0,,,64.0,64.0,,,,,,,,,,,,,,,,,,,,,,,,,,,,,,,,,,,,,,,,,3.0,0.2,
sparsekt-soft.csv,sparsekt,assist2009,4,"{""emb_type"": ""qid_accumulative_attn"", ""d_ff"": 256, ""dropout"": 0.3, ""final_fc_dim2"": 256, ""d_model"": 256, ""num_attn_heads"": 4, ""k_index"": 4, ""seed"": 42, ""final_fc_dim"": 64, ""n_blocks"": 4, ""sparse_ratio"": 0.9, ""learning_rate"": 0.0001}",qid_accumulative_attn,0.0001,42,0.3,,,,,256.0,256.0,4.0,,4.0,,,64.0,256.0,,,,,,,,,,,,,,,,,,,,,,,,,,,,,,,,,,,,,,,,,4.0,0.9,
sparsekt-topk.csv,sparsekt,assist2009,4,"{""emb_type"": ""qid_sparseattn"", ""d_ff"": 256, ""dropout"": 0.3, ""final_fc_dim2"": 64, ""d_model"": 256, ""num_attn_heads"": 8, ""k_index"": 2, ""seed"": 42, ""final_fc_dim"": 256, ""n_blocks"": 4, ""sparse_ratio"": 0.3, ""learning_rate"": 0.0001}",qid_sparseattn,0.0001,42,0.3,,,,,256.0,256.0,8.0,,4.0,,,256.0,64.0,,,,,,,,,,,,,,,,,,,,,,,,,,,,,,,,,,,,,,,,,2.0,0.3,
sparsekt-soft.csv,sparsekt,assist2015,0,"{""emb_type"": ""qid_accumulative_attn"", ""d_ff"": 256, ""dropout"": 0.3, ""final_fc_dim2"": 256, ""d_model"": 64, ""num_attn_heads"": 8, ""k_index"": 4, ""seed"": 42, ""final_fc_dim"": 256, ""n_blocks"": 4, ""sparse_ratio"": 0.9, ""learning_rate"": 0.001}",qid_accumulative_attn,0.001,42,0.3,,,,,64.0,256.0,8.0,,4.0,,,256.0,256.0,,,,,,,,,,,,,,,,,,,,,,,,,,,,,,,,,,,,,,,,,4.0,0.9,
sparsekt-topk.csv,sparsekt,assist2015,0,"{""emb_type"": ""qid_sparseattn"", ""d_ff"": 64, ""dropout"": 0.3, ""final_fc_dim2"": 256, ""d_model"": 256, ""num_attn_heads"": 8, ""k_index"": 6, ""seed"": 42, ""final_fc_dim"": 64, ""n_blocks"": 4, ""sparse_ratio"": 0.1, ""learning_rate"": 0.0001}",qid_sparseattn,0.0001,42,0.3,,,,,256.0,64.0,8.0,,4.0,,,64.0,256.0,,,,,,,,,,,,,,,,,,,,,,,,,,,,,,,,,,,,,,,,,6.0,0.1,
sparsekt-soft.csv,sparsekt,assist2015,1,"{""emb_type"": ""qid_accumulative_attn"", ""d_ff"": 64, ""dropout"": 0.05, ""final_fc_dim2"": 64, ""d_model"": 256, ""num_attn_heads"": 8, ""k_index"": 8, ""seed"": 42, ""final_fc_dim"": 256, ""n_blocks"": 2, ""sparse_ratio"": 0.9, ""learning_rate"": 0.0001}",qid_accumulative_attn,0.0001,42,0.05,,,,,256.0,64.0,8.0,,2.0,,,256.0,64.0,,,,,,,,,,,,,,,,,,,,,,,,,,,,,,,,,,,,,,,,,8.0,0.9,
sparsekt-topk.csv,sparsekt,assist2015,1,"{""emb_type"": ""qid_sparseattn"", ""d_ff"": 64, ""dropout"": 0.1, ""final_fc_dim2"": 64, ""d_model"": 256, ""num_attn_heads"": 8, ""k_index"": 7, ""seed"": 42, ""final_fc_dim"": 256, ""n_blocks"": 2, ""sparse_ratio"": 0.9, ""learning_rate"": 0.0001}",qid_sparseattn,0.0001,42,0.1,,,,,256.0,64.0,8.0,,2.0,,,256.0,64.0,,,,,,,,,,,,,,,,,,,,,,,,,,,,,,,,,,,,,,,,,7.0,0.9,
sparsekt-soft.csv,sparsekt,assist2015,2,"{""emb_type"": ""qid_accumulative_attn"", ""d_ff"": 64, ""dropout"": 0.1, ""final_fc_dim2"": 256, ""d_model"": 256, ""num_attn_heads"": 8, ""k_index"": 6, ""seed"": 3407, ""final_fc_dim"": 64, ""n_blocks"": 4, ""sparse_ratio"": 0.9, ""learning_rate"": 0.0001}",qid_accumulative_attn,0.0001,3407,0.1,,,,,256.0,64.0,8.0,,4.0,,,64.0,256.0,,,,,,,,,,,,,,,,,,,,,,,,,,,,,,,,,,,,,,,,,6.0,0.9,
sparsekt-topk.csv,sparsekt,assist2015,2,"{""emb_type"": ""qid_sparseattn"", ""d_ff"": 64, ""dropout"": 0.05, ""final_fc_dim2"": 256, ""d_model"": 256, ""num_attn_heads"": 8, ""k_index"": 10, ""seed"": 42, ""final_fc_dim"": 256, ""n_blocks"": 4, ""sparse_ratio"": 0.1, ""learning_rate"": 0.0001}",qid_sparseattn,0.0001,42,0.05,,,,,256.0,64.0,8.0,,4.0,,,256.0,256.0,,,,,,,,,,,,,,,,,,,,,,,,,,,,,,,,,,,,,,,,,10.0,0.1,
sparsekt-soft.csv,sparsekt,assist2015,3,"{""emb_type"": ""qid_accumulative_attn"", ""d_ff"": 64, ""dropout"": 0.1, ""final_fc_dim2"": 256, ""d_model"": 256, ""num_attn_heads"": 8, ""k_index"": 5, ""seed"": 42, ""final_fc_dim"": 256, ""n_blocks"": 4, ""sparse_ratio"": 0.9, ""learning_rate"": 0.0001}",qid_accumulative_attn,0.0001,42,0.1,,,,,256.0,64.0,8.0,,4.0,,,256.0,256.0,,,,,,,,,,,,,,,,,,,,,,,,,,,,,,,,,,,,,,,,,5.0,0.9,
sparsekt-topk.csv,sparsekt,assist2015,3,"{""emb_type"": ""qid_sparseattn"", ""d_ff"": 64, ""dropout"": 0.1, ""final_fc_dim2"": 64, ""d_model"": 256, ""num_attn_heads"": 8, ""k_index"": 4, ""seed"": 42, ""final_fc_dim"": 256, ""n_blocks"": 4, ""sparse_ratio"": 0.3, ""learning_rate"": 0.0001}",qid_sparseattn,0.0001,42,0.1,,,,,256.0,64.0,8.0,,4.0,,,256.0,64.0,,,,,,,,,,,,,,,,,,,,,,,,,,,,,,,,,,,,,,,,,4.0,0.3,
sparsekt-soft.csv,sparsekt,assist2015,4,"{""emb_type"": ""qid_accumulative_attn"", ""d_ff"": 64, ""dropout"": 0.1, ""final_fc_dim2"": 64, ""d_model"": 64, ""num_attn_heads"": 8, ""k_index"": 2, ""seed"": 3407, ""final_fc_dim"": 64, ""n_blocks"": 4, ""sparse_ratio"": 0.8, ""learning_rate"": 0.0001}",qid_accumulative_attn,0.0001,3407,0.1,,,,,64.0,64.0,8.0,,4.0,,,64.0,64.0,,,,,,,,,,,,,,,,,,,,,,,,,,,,,,,,,,,,,,,,,2.0,0.8,
sparsekt-topk.csv,sparsekt,assist2015,4,"{""emb_type"": ""qid_sparseattn"", ""d_ff"": 256, ""dropout"": 0.3, ""final_fc_dim2"": 256, ""d_model"": 256, ""num_attn_heads"": 8, ""k_index"": 8, ""seed"": 42, ""final_fc_dim"": 64, ""n_blocks"": 4, ""sparse_ratio"": 0.1, ""learning_rate"": 0.0001}",qid_sparseattn,0.0001,42,0.3,,,,,256.0,256.0,8.0,,4.0,,,64.0,256.0,,,,,,,,,,,,,,,,,,,,,,,,,,,,,,,,,,,,,,,,,8.0,0.1,
sparsekt-soft.csv,sparsekt,bridge2algebra2006,0,"{""emb_type"": ""qid_accumulative_attn"", ""d_ff"": 64, ""dropout"": 0.1, ""final_fc_dim2"": 256, ""d_model"": 256, ""num_attn_heads"": 8, ""k_index"": 1, ""seed"": 42, ""final_fc_dim"": 64, ""n_blocks"": 4, ""sparse_ratio"": 0.9, ""learning_rate"": 0.0001}",qid_accumulative_attn,0.0001,42,0.1,,,,,256.0,64.0,8.0,,4.0,,,64.0,256.0,,,,,,,,,,,,,,,,,,,,,,,,,,,,,,,,,,,,,,,,,1.0,0.9,
sparsekt-topk.csv,sparsekt,bridge2algebra2006,0,"{""emb_type"": ""qid_sparseattn"", ""d_ff"": 256, ""dropout"": 0.05, ""final_fc_dim2"": 64, ""d_model"": 256, ""num_attn_heads"": 8, ""k_index"": 9, ""seed"": 3407, ""final_fc_dim"": 256, ""n_blocks"": 4, ""sparse_ratio"": 0.9, ""learning_rate"": 0.0001}",qid_sparseattn,0.0001,3407,0.05,,,,,256.0,256.0,8.0,,4.0,,,256.0,64.0,,,,,,,,,,,,,,,,,,,,,,,,,,,,,,,,,,,,,,,,,9.0,0.9,
sparsekt-soft.csv,sparsekt,bridge2algebra2006,1,"{""emb_type"": ""qid_accumulative_attn"", ""d_ff"": 64, ""dropout"": 0.1, ""final_fc_dim2"": 64, ""d_model"": 256, ""num_attn_heads"": 8, ""k_index"": 9, ""seed"": 42, ""final_fc_dim"": 256, ""n_blocks"": 4, ""sparse_ratio"": 0.8, ""learning_rate"": 0.0001}",qid_accumulative_attn,0.0001,42,0.1,,,,,256.0,64.0,8.0,,4.0,,,256.0,64.0,,,,,,,,,,,,,,,,,,,,,,,,,,,,,,,,,,,,,,,,,9.0,0.8,
sparsekt-topk.csv,sparsekt,bridge2algebra2006,1,"{""emb_type"": ""qid_sparseattn"", ""d_ff"": 256, ""dropout"": 0.1, ""final_fc_dim2"": 64, ""d_model"": 256, ""num_attn_heads"": 8, ""k_index"": 10, ""seed"": 3407, ""final_fc_dim"": 64, ""n_blocks"": 4, ""sparse_ratio"": 0.4, ""learning_rate"": 0.0001}",qid_sparseattn,0.0001,3407,0.1,,,,,256.0,256.0,8.0,,4.0,,,64.0,64.0,,,,,,,,,,,,,,,,,,,,,,,,,,,,,,,,,,,,,,,,,10.0,0.4,
sparsekt-soft.csv,sparsekt,bridge2algebra2006,2,"{""emb_type"": ""qid_accumulative_attn"", ""d_ff"": 64, ""dropout"": 0.1, ""final_fc_dim2"": 64, ""d_model"": 256, ""num_attn_heads"": 8, ""k_index"": 8, ""seed"": 3407, ""final_fc_dim"": 256, ""n_blocks"": 4, ""sparse_ratio"": 0.9, ""learning_rate"": 0.0001}",qid_accumulative_attn,0.0001,3407,0.1,,,,,256.0,64.0,8.0,,4.0,,,256.0,64.0,,,,,,,,,,,,,,,,,,,,,,,,,,,,,,,,,,,,,,,,,8.0,0.9,
sparsekt-topk.csv,sparsekt,bridge2algebra2006,2,"{""emb_type"": ""qid_sparseattn"", ""d_ff"": 64, ""dropout"": 0.1, ""final_fc_dim2"": 64, ""d_model"": 256, ""num_attn_heads"": 8, ""k_index"": 6, ""seed"": 3407, ""final_fc_dim"": 256, ""n_blocks"": 4, ""sparse_ratio"": 0.4, ""learning_rate"": 0.0001}",qid_sparseattn,0.0001,3407,0.1,,,,,256.0,64.0,8.0,,4.0,,,256.0,64.0,,,,,,,,,,,,,,,,,,,,,,,,,,,,,,,,,,,,,,,,,6.0,0.4,
sparsekt-soft.csv,sparsekt,bridge2algebra2006,3,"{""emb_type"": ""qid_accumulative_attn"", ""d_ff"": 256, ""dropout"": 0.1, ""final_fc_dim2"": 256, ""d_model"": 256, ""num_attn_heads"": 8, ""k_index"": 2, ""seed"": 42, ""final_fc_dim"": 256, ""n_blocks"": 4, ""sparse_ratio"": 0.8, ""learning_rate"": 0.0001}",qid_accumulative_attn,0.0001,42,0.1,,,,,256.0,256.0,8.0,,4.0,,,256.0,256.0,,,,,,,,,,,,,,,,,,,,,,,,,,,,,,,,,,,,,,,,,2.0,0.8,
sparsekt-topk.csv,sparsekt,bridge2algebra2006,3,"{""emb_type"": ""qid_sparseattn"", ""d_ff"": 64, ""dropout"": 0.1, ""final_fc_dim2"": 64, ""d_model"": 256, ""num_attn_heads"": 8, ""k_index"": 6, ""seed"": 3407, ""final_fc_dim"": 256, ""n_blocks"": 4, ""sparse_ratio"": 0.4, ""learning_rate"": 1e-05}",qid_sparseattn,1e-05,3407,0.1,,,,,256.0,64.0,8.0,,4.0,,,256.0,64.0,,,,,,,,,,,,,,,,,,,,,,,,,,,,,,,,,,,,,,,,,6.0,0.4,
sparsekt-soft.csv,sparsekt,bridge2algebra2006,4,"{""emb_type"": ""qid_accumulative_attn"", ""d_ff"": 64, ""dropout"": 0.1, ""final_fc_dim2"": 64, ""d_model"": 256, ""num_attn_heads"": 8, ""k_index"": 3, ""seed"": 42, ""final_fc_dim"": 256, ""n_blocks"": 4, ""sparse_ratio"": 0.9, ""learning_rate"": 1e-05}",qid_accumulative_attn,1e-05,42,0.1,,,,,256.0,64.0,8.0,,4.0,,,256.0,64.0,,,,,,,,,,,,,,,,,,,,,,,,,,,,,,,,,,,,,,,,,3.0,0.9,
sparsekt-topk.csv,sparsekt,bridge2algebra2006,4,"{""emb_type"": ""qid_sparseattn"", ""d_ff"": 64, ""dropout"": 0.1, ""final_fc_dim2"": 64, ""d_model"": 256, ""num_attn_heads"": 8, ""k_index"": 8, ""seed"": 42, ""final_fc_dim"": 256, ""n_blocks"": 4, ""sparse_ratio"": 0.6, ""learning_rate"": 1e-05}",qid_sparseattn,1e-05,42,0.1,,,,,256.0,64.0,8.0,,4.0,,,256.0,64.0,,,,,,,,,,,,,,,,,,,,,,,,,,,,,,,,,,,,,,,,,8.0,0.6,
sparsekt-soft.csv,sparsekt,ednet,0,"{""emb_type"": ""qid_accumulative_attn"", ""d_ff"": 64, ""dropout"": 0.1, ""final_fc_dim2"": 256, ""d_model"": 256, ""num_attn_heads"": 8, ""k_index"": 9, ""seed"": 3407, ""final_fc_dim"": 256, ""n_blocks"": 4, ""sparse_ratio"": 0.9, ""learning_rate"": 0.0001}",qid_accumulative_attn,0.0001,3407,0.1,,,,,256.0,64.0,8.0,,4.0,,,256.0,256.0,,,,,,,,,,,,,,,,,,,,,,,,,,,,,,,,,,,,,,,,,9.0,0.9,
sparsekt-topk.csv,sparsekt,ednet,0,"{""emb_type"": ""qid_sparseattn"", ""d_ff"": 256, ""dropout"": 0.05, ""final_fc_dim2"": 256, ""d_model"": 256, ""num_attn_heads"": 8, ""k_index"": 5, ""seed"": 42, ""final_fc_dim"": 256, ""n_blocks"": 4, ""sparse_ratio"": 0.7, ""learning_rate"": 0.001}",qid_sparseattn,0.001,42,0.05,,,,,256.0,256.0,8.0,,4.0,,,256.0,256.0,,,,,,,,,,,,,,,,,,,,,,,,,,,,,,,,,,,,,,,,,5.0,0.7,
sparsekt-soft.csv,sparsekt,ednet,1,"{""emb_type"": ""qid_accumulative_attn"", ""d_ff"": 64, ""dropout"": 0.5, ""final_fc_dim2"": 256, ""d_model"": 256, ""num_attn_heads"": 8, ""k_index"": 2, ""seed"": 42, ""final_fc_dim"": 256, ""n_blocks"": 4, ""sparse_ratio"": 0.9, ""learning_rate"": 0.0001}",qid_accumulative_attn,0.0001,42,0.5,,,,,256.0,64.0,8.0,,4.0,,,256.0,256.0,,,,,,,,,,,,,,,,,,,,,,,,,,,,,,,,,,,,,,,,,2.0,0.9,
sparsekt-topk.csv,sparsekt,ednet,1,"{""emb_type"": ""qid_sparseattn"", ""d_ff"": 64, ""dropout"": 0.3, ""final_fc_dim2"": 64, ""d_model"": 256, ""num_attn_heads"": 4, ""k_index"": 3, ""seed"": 3407, ""final_fc_dim"": 64, ""n_blocks"": 4, ""sparse_ratio"": 0.2, ""learning_rate"": 0.0001}",qid_sparseattn,0.0001,3407,0.3,,,,,256.0,64.0,4.0,,4.0,,,64.0,64.0,,,,,,,,,,,,,,,,,,,,,,,,,,,,,,,,,,,,,,,,,3.0,0.2,
sparsekt-soft.csv,sparsekt,ednet,2,"{""emb_type"": ""qid_accumulative_attn"", ""d_ff"": 256, ""dropout"": 0.3, ""final_fc_dim2"": 64, ""d_model"": 256, ""num_attn_heads"": 8, ""k_index"": 4, ""seed"": 3407, ""final_fc_dim"": 256, ""n_blocks"": 4, ""sparse_ratio"": 0.9, ""learning_rate"": 0.0001}",qid_accumulative_attn,0.0001,3407,0.3,,,,,256.0,256.0,8.0,,4.0,,,256.0,64.0,,,,,,,,,,,,,,,,,,,,,,,,,,,,,,,,,,,,,,,,,4.0,0.9,
sparsekt-topk.csv,sparsekt,ednet,2,"{""emb_type"": ""qid_sparseattn"", ""d_ff"": 64, ""dropout"": 0.05, ""final_fc_dim2"": 64, ""d_model"": 256, ""num_attn_heads"": 8, ""k_index"": 4, ""seed"": 3407, ""final_fc_dim"": 64, ""n_blocks"": 4, ""sparse_ratio"": 0.9, ""learning_rate"": 0.0001}",qid_sparseattn,0.0001,3407,0.05,,,,,256.0,64.0,8.0,,4.0,,,64.0,64.0,,,,,,,,,,,,,,,,,,,,,,,,,,,,,,,,,,,,,,,,,4.0,0.9,
sparsekt-soft.csv,sparsekt,ednet,3,"{""emb_type"": ""qid_accumulative_attn"", ""d_ff"": 256, ""dropout"": 0.1, ""final_fc_dim2"": 256, ""d_model"": 256, ""num_attn_heads"": 8, ""k_index"": 10, ""seed"": 3407, ""final_fc_dim"": 64, ""n_blocks"": 4, ""sparse_ratio"": 0.9, ""learning_rate"": 0.0001}",qid_accumulative_attn,0.0001,3407,0.1,,,,,256.0,256.0,8.0,,4.0,,,64.0,256.0,,,,,,,,,,,,,,,,,,,,,,,,,,,,,,,,,,,,,,,,,10.0,0.9,
sparsekt-topk.csv,sparsekt,ednet,3,"{""emb_type"": ""qid_sparseattn"", ""d_ff"": 256, ""dropout"": 0.1, ""final_fc_dim2"": 64, ""d_model"": 256, ""num_attn_heads"": 8, ""k_index"": 7, ""seed"": 42, ""final_fc_dim"": 256, ""n_blocks"": 4, ""sparse_ratio"": 0.1, ""learning_rate"": 0.001}",qid_sparseattn,0.001,42,0.1,,,,,256.0,256.0,8.0,,4.0,,,256.0,64.0,,,,,,,,,,,,,,,,,,,,,,,,,,,,,,,,,,,,,,,,,7.0,0.1,
sparsekt-soft.csv,sparsekt,ednet,4,"{""emb_type"": ""qid_accumulative_attn"", ""d_ff"": 256, ""dropout"": 0.05, ""final_fc_dim2"": 256, ""d_model"": 256, ""num_attn_heads"": 4, ""k_index"": 2, ""seed"": 42, ""final_fc_dim"": 64, ""n_blocks"": 4, ""sparse_ratio"": 0.9, ""learning_rate"": 0.0001}",qid_accumulative_attn,0.0001,42,0.05,,,,,256.0,256.0,4.0,,4.0,,,64.0,256.0,,,,,,,,,,,,,,,,,,,,,,,,,,,,,,,,,,,,,,,,,2.0,0.9,
sparsekt-topk.csv,sparsekt,ednet,4,"{""emb_type"": ""qid_sparseattn"", ""d_ff"": 64, ""dropout"": 0.05, ""final_fc_dim2"": 256, ""d_model"": 256, ""num_attn_heads"": 8, ""k_index"": 4, ""seed"": 3407, ""final_fc_dim"": 64, ""n_blocks"": 4, ""sparse_ratio"": 0.2, ""learning_rate"": 0.0001}",qid_sparseattn,0.0001,3407,0.05,,,,,256.0,64.0,8.0,,4.0,,,64.0,256.0,,,,,,,,,,,,,,,,,,,,,,,,,,,,,,,,,,,,,,,,,4.0,0.2,
sparsekt-soft.csv,sparsekt,ednet5w,0,"{""emb_type"": ""qid_accumulative_attn"", ""d_ff"": 256, ""dropout"": 0.1, ""final_fc_dim2"": 256, ""d_model"": 256, ""num_attn_heads"": 8, ""k_index"": 10, ""seed"": 3407, ""final_fc_dim"": 256, ""n_blocks"": 4, ""sparse_ratio"": 0.9, ""learning_rate"": 0.0001}",qid_accumulative_attn,0.0001,3407,0.1,,,,,256.0,256.0,8.0,,4.0,,,256.0,256.0,,,,,,,,,,,,,,,,,,,,,,,,,,,,,,,,,,,,,,,,,10.0,0.9,
sparsekt-topk.csv,sparsekt,ednet5w,0,"{""emb_type"": ""qid_sparseattn"", ""d_ff"": 256, ""dropout"": 0.1, ""final_fc_dim2"": 64, ""d_model"": 256, ""num_attn_heads"": 8, ""k_index"": 4, ""seed"": 42, ""final_fc_dim"": 64, ""n_blocks"": 2, ""sparse_ratio"": 0.1, ""learning_rate"": 0.001}",qid_sparseattn,0.001,42,0.1,,,,,256.0,256.0,8.0,,2.0,,,64.0,64.0,,,,,,,,,,,,,,,,,,,,,,,,,,,,,,,,,,,,,,,,,4.0,0.1,
sparsekt-soft.csv,sparsekt,ednet5w,1,"{""emb_type"": ""qid_accumulative_attn"", ""d_ff"": 256, ""dropout"": 0.1, ""final_fc_dim2"": 256, ""d_model"": 256, ""num_attn_heads"": 4, ""k_index"": 2, ""seed"": 3407, ""final_fc_dim"": 64, ""n_blocks"": 4, ""sparse_ratio"": 0.7, ""learning_rate"": 0.0001}",qid_accumulative_attn,0.0001,3407,0.1,,,,,256.0,256.0,4.0,,4.0,,,64.0,256.0,,,,,,,,,,,,,,,,,,,,,,,,,,,,,,,,,,,,,,,,,2.0,0.7,
sparsekt-topk.csv,sparsekt,ednet5w,1,"{""emb_type"": ""qid_sparseattn"", ""d_ff"": 64, ""dropout"": 0.1, ""final_fc_dim2"": 256, ""d_model"": 256, ""num_attn_heads"": 8, ""k_index"": 5, ""seed"": 3407, ""final_fc_dim"": 64, ""n_blocks"": 2, ""sparse_ratio"": 0.1, ""learning_rate"": 0.001}",qid_sparseattn,0.001,3407,0.1,,,,,256.0,64.0,8.0,,2.0,,,64.0,256.0,,,,,,,,,,,,,,,,,,,,,,,,,,,,,,,,,,,,,,,,,5.0,0.1,
sparsekt-soft.csv,sparsekt,ednet5w,2,"{""emb_type"": ""qid_accumulative_attn"", ""d_ff"": 256, ""dropout"": 0.05, ""final_fc_dim2"": 64, ""d_model"": 64, ""num_attn_heads"": 8, ""k_index"": 4, ""seed"": 42, ""final_fc_dim"": 256, ""n_blocks"": 4, ""sparse_ratio"": 0.8, ""learning_rate"": 0.001}",qid_accumulative_attn,0.001,42,0.05,,,,,64.0,256.0,8.0,,4.0,,,256.0,64.0,,,,,,,,,,,,,,,,,,,,,,,,,,,,,,,,,,,,,,,,,4.0,0.8,
sparsekt-topk.csv,sparsekt,ednet5w,2,"{""emb_type"": ""qid_sparseattn"", ""d_ff"": 256, ""dropout"": 0.1, ""final_fc_dim2"": 256, ""d_model"": 256, ""num_attn_heads"": 8, ""k_index"": 6, ""seed"": 3407, ""final_fc_dim"": 256, ""n_blocks"": 4, ""sparse_ratio"": 0.5, ""learning_rate"": 0.001}",qid_sparseattn,0.001,3407,0.1,,,,,256.0,256.0,8.0,,4.0,,,256.0,256.0,,,,,,,,,,,,,,,,,,,,,,,,,,,,,,,,,,,,,,,,,6.0,0.5,
sparsekt-soft.csv,sparsekt,ednet5w,3,"{""emb_type"": ""qid_accumulative_attn"", ""d_ff"": 256, ""dropout"": 0.05, ""final_fc_dim2"": 256, ""d_model"": 64, ""num_attn_heads"": 8, ""k_index"": 10, ""seed"": 42, ""final_fc_dim"": 256, ""n_blocks"": 4, ""sparse_ratio"": 0.8, ""learning_rate"": 0.001}",qid_accumulative_attn,0.001,42,0.05,,,,,64.0,256.0,8.0,,4.0,,,256.0,256.0,,,,,,,,,,,,,,,,,,,,,,,,,,,,,,,,,,,,,,,,,10.0,0.8,
sparsekt-topk.csv,sparsekt,ednet5w,3,"{""emb_type"": ""qid_sparseattn"", ""d_ff"": 256, ""dropout"": 0.05, ""final_fc_dim2"": 256, ""d_model"": 256, ""num_attn_heads"": 8, ""k_index"": 3, ""seed"": 42, ""final_fc_dim"": 64, ""n_blocks"": 4, ""sparse_ratio"": 0.7, ""learning_rate"": 0.001}",qid_sparseattn,0.001,42,0.05,,,,,256.0,256.0,8.0,,4.0,,,64.0,256.0,,,,,,,,,,,,,,,,,,,,,,,,,,,,,,,,,,,,,,,,,3.0,0.7,
sparsekt-soft.csv,sparsekt,ednet5w,4,"{""emb_type"": ""qid_accumulative_attn"", ""d_ff"": 256, ""dropout"": 0.1, ""final_fc_dim2"": 256, ""d_model"": 256, ""num_attn_heads"": 4, ""k_index"": 8, ""seed"": 42, ""final_fc_dim"": 64, ""n_blocks"": 4, ""sparse_ratio"": 0.9, ""learning_rate"": 0.0001}",qid_accumulative_attn,0.0001,42,0.1,,,,,256.0,256.0,4.0,,4.0,,,64.0,256.0,,,,,,,,,,,,,,,,,,,,,,,,,,,,,,,,,,,,,,,,,8.0,0.9,
sparsekt-topk.csv,sparsekt,ednet5w,4,"{""emb_type"": ""qid_sparseattn"", ""d_ff"": 256, ""dropout"": 0.05, ""final_fc_dim2"": 64, ""d_model"": 256, ""num_attn_heads"": 8, ""k_index"": 3, ""seed"": 3407, ""final_fc_dim"": 256, ""n_blocks"": 4, ""sparse_ratio"": 0.6, ""learning_rate"": 0.001}",qid_sparseattn,0.001,3407,0.05,,,,,256.0,256.0,8.0,,4.0,,,256.0,64.0,,,,,,,,,,,,,,,,,,,,,,,,,,,,,,,,,,,,,,,,,3.0,0.6,
sparsekt-soft.csv,sparsekt,nips_task34,0,"{""emb_type"": ""qid_accumulative_attn"", ""d_ff"": 256, ""dropout"": 0.3, ""final_fc_dim2"": 64, ""d_model"": 64, ""num_attn_heads"": 8, ""k_index"": 8, ""seed"": 3407, ""final_fc_dim"": 256, ""n_blocks"": 4, ""sparse_ratio"": 0.9, ""learning_rate"": 0.001}",qid_accumulative_attn,0.001,3407,0.3,,,,,64.0,256.0,8.0,,4.0,,,256.0,64.0,,,,,,,,,,,,,,,,,,,,,,,,,,,,,,,,,,,,,,,,,8.0,0.9,
sparsekt-topk.csv,sparsekt,nips_task34,0,"{""emb_type"": ""qid_sparseattn"", ""d_ff"": 64, ""dropout"": 0.1, ""final_fc_dim2"": 256, ""d_model"": 256, ""num_attn_heads"": 8, ""k_index"": 6, ""seed"": 3407, ""final_fc_dim"": 64, ""n_blocks"": 4, ""sparse_ratio"": 0.7, ""learning_rate"": 0.001}",qid_sparseattn,0.001,3407,0.1,,,,,256.0,64.0,8.0,,4.0,,,64.0,256.0,,,,,,,,,,,,,,,,,,,,,,,,,,,,,,,,,,,,,,,,,6.0,0.7,
sparsekt-soft.csv,sparsekt,nips_task34,1,"{""emb_type"": ""qid_accumulative_attn"", ""d_ff"": 256, ""dropout"": 0.3, ""final_fc_dim2"": 64, ""d_model"": 64, ""num_attn_heads"": 8, ""k_index"": 3, ""seed"": 3407, ""final_fc_dim"": 256, ""n_blocks"": 4, ""sparse_ratio"": 0.9, ""learning_rate"": 0.001}",qid_accumulative_attn,0.001,3407,0.3,,,,,64.0,256.0,8.0,,4.0,,,256.0,64.0,,,,,,,,,,,,,,,,,,,,,,,,,,,,,,,,,,,,,,,,,3.0,0.9,
sparsekt-topk.csv,sparsekt,nips_task34,1,"{""emb_type"": ""qid_sparseattn"", ""d_ff"": 256, ""dropout"": 0.05, ""final_fc_dim2"": 256, ""d_model"": 256, ""num_attn_heads"": 8, ""k_index"": 6, ""seed"": 3407, ""final_fc_dim"": 64, ""n_blocks"": 4, ""sparse_ratio"": 0.9, ""learning_rate"": 0.001}",qid_sparseattn,0.001,3407,0.05,,,,,256.0,256.0,8.0,,4.0,,,64.0,256.0,,,,,,,,,,,,,,,,,,,,,,,,,,,,,,,,,,,,,,,,,6.0,0.9,
sparsekt-soft.csv,sparsekt,nips_task34,2,"{""emb_type"": ""qid_accumulative_attn"", ""d_ff"": 64, ""dropout"": 0.3, ""final_fc_dim2"": 256, ""d_model"": 64, ""num_attn_heads"": 8, ""k_index"": 2, ""seed"": 3407, ""final_fc_dim"": 256, ""n_blocks"": 4, ""sparse_ratio"": 0.9, ""learning_rate"": 0.001}",qid_accumulative_attn,0.001,3407,0.3,,,,,64.0,64.0,8.0,,4.0,,,256.0,256.0,,,,,,,,,,,,,,,,,,,,,,,,,,,,,,,,,,,,,,,,,2.0,0.9,
sparsekt-topk.csv,sparsekt,nips_task34,2,"{""emb_type"": ""qid_sparseattn"", ""d_ff"": 256, ""dropout"": 0.05, ""final_fc_dim2"": 64, ""d_model"": 256, ""num_attn_heads"": 8, ""k_index"": 7, ""seed"": 42, ""final_fc_dim"": 64, ""n_blocks"": 4, ""sparse_ratio"": 0.3, ""learning_rate"": 0.001}",qid_sparseattn,0.001,42,0.05,,,,,256.0,256.0,8.0,,4.0,,,64.0,64.0,,,,,,,,,,,,,,,,,,,,,,,,,,,,,,,,,,,,,,,,,7.0,0.3,
sparsekt-soft.csv,sparsekt,nips_task34,3,"{""emb_type"": ""qid_accumulative_attn"", ""d_ff"": 256, ""dropout"": 0.3, ""final_fc_dim2"": 64, ""d_model"": 64, ""num_attn_heads"": 8, ""k_index"": 8, ""seed"": 3407, ""final_fc_dim"": 256, ""n_blocks"": 4, ""sparse_ratio"": 0.9, ""learning_rate"": 0.001}",qid_accumulative_attn,0.001,3407,0.3,,,,,64.0,256.0,8.0,,4.0,,,256.0,64.0,,,,,,,,,,,,,,,,,,,,,,,,,,,,,,,,,,,,,,,,,8.0,0.9,
sparsekt-topk.csv,sparsekt,nips_task34,3,"{""emb_type"": ""qid_sparseattn"", ""d_ff"": 64, ""dropout"": 0.1, ""final_fc_dim2"": 256, ""d_model"": 256, ""num_attn_heads"": 8, ""k_index"": 6, ""seed"": 3407, ""final_fc_dim"": 64, ""n_blocks"": 2, ""sparse_ratio"": 0.8, ""learning_rate"": 0.001}",qid_sparseattn,0.001,3407,0.1,,,,,256.0,64.0,8.0,,2.0,,,64.0,256.0,,,,,,,,,,,,,,,,,,,,,,,,,,,,,,,,,,,,,,,,,6.0,0.8,
sparsekt-soft.csv,sparsekt,nips_task34,4,"{""emb_type"": ""qid_accumulative_attn"", ""d_ff"": 256, ""dropout"": 0.1, ""final_fc_dim2"": 64, ""d_model"": 64, ""num_attn_heads"": 8, ""k_index"": 8, ""seed"": 3407, ""final_fc_dim"": 64, ""n_blocks"": 4, ""sparse_ratio"": 0.9, ""learning_rate"": 0.001}",qid_accumulative_attn,0.001,3407,0.1,,,,,64.0,256.0,8.0,,4.0,,,64.0,64.0,,,,,,,,,,,,,,,,,,,,,,,,,,,,,,,,,,,,,,,,,8.0,0.9,
sparsekt-topk.csv,sparsekt,nips_task34,4,"{""emb_type"": ""qid_sparseattn"", ""d_ff"": 64, ""dropout"": 0.3, ""final_fc_dim2"": 64, ""d_model"": 64, ""num_attn_heads"": 8, ""k_index"": 6, ""seed"": 3407, ""final_fc_dim"": 256, ""n_blocks"": 4, ""sparse_ratio"": 0.3, ""learning_rate"": 0.001}",qid_sparseattn,0.001,3407,0.3,,,,,64.0,64.0,8.0,,4.0,,,256.0,64.0,,,,,,,,,,,,,,,,,,,,,,,,,,,,,,,,,,,,,,,,,6.0,0.3,
sparsekt-soft.csv,sparsekt,peiyou,0,"{""emb_type"": ""qid_accumulative_attn"", ""d_ff"": 64, ""dropout"": 0.3, ""final_fc_dim2"": 256, ""d_model"": 64, ""num_attn_heads"": 8, ""k_index"": 5, ""seed"": 42, ""final_fc_dim"": 256, ""n_blocks"": 4, ""sparse_ratio"": 0.9, ""learning_rate"": 0.001}",qid_accumulative_attn,0.001,42,0.3,,,,,64.0,64.0,8.0,,4.0,,,256.0,256.0,,,,,,,,,,,,,,,,,,,,,,,,,,,,,,,,,,,,,,,,,5.0,0.9,
sparsekt-topk.csv,sparsekt,peiyou,0,"{""emb_type"": ""qid_sparseattn"", ""d_ff"": 256, ""dropout"": 0.05, ""final_fc_dim2"": 64, ""d_model"": 256, ""num_attn_heads"": 8, ""k_index"": 2, ""seed"": 3407, ""final_fc_dim"": 256, ""n_blocks"": 2, ""sparse_ratio"": 0.1, ""learning_rate"": 0.001}",qid_sparseattn,0.001,3407,0.05,,,,,256.0,256.0,8.0,,2.0,,,256.0,64.0,,,,,,,,,,,,,,,,,,,,,,,,,,,,,,,,,,,,,,,,,2.0,0.1,
sparsekt-soft.csv,sparsekt,peiyou,1,"{""emb_type"": ""qid_accumulative_attn"", ""d_ff"": 64, ""dropout"": 0.3, ""final_fc_dim2"": 256, ""d_model"": 256, ""num_attn_heads"": 8, ""k_index"": 9, ""seed"": 42, ""final_fc_dim"": 256, ""n_blocks"": 4, ""sparse_ratio"": 0.9, ""learning_rate"": 0.0001}",qid_accumulative_attn,0.0001,42,0.3,,,,,256.0,64.0,8.0,,4.0,,,256.0,256.0,,,,,,,,,,,,,,,,,,,,,,,,,,,,,,,,,,,,,,,,,9.0,0.9,
sparsekt-topk.csv,sparsekt,peiyou,1,"{""emb_type"": ""qid_sparseattn"", ""d_ff"": 256, ""dropout"": 0.05, ""final_fc_dim2"": 64, ""d_model"": 256, ""num_attn_heads"": 8, ""k_index"": 2, ""seed"": 42, ""final_fc_dim"": 64, ""n_blocks"": 2, ""sparse_ratio"": 0.3, ""learning_rate"": 0.001}",qid_sparseattn,0.001,42,0.05,,,,,256.0,256.0,8.0,,2.0,,,64.0,64.0,,,,,,,,,,,,,,,,,,,,,,,,,,,,,,,,,,,,,,,,,2.0,0.3,
sparsekt-soft.csv,sparsekt,peiyou,2,"{""emb_type"": ""qid_accumulative_attn"", ""d_ff"": 64, ""dropout"": 0.3, ""final_fc_dim2"": 256, ""d_model"": 256, ""num_attn_heads"": 8, ""k_index"": 1, ""seed"": 42, ""final_fc_dim"": 256, ""n_blocks"": 4, ""sparse_ratio"": 0.9, ""learning_rate"": 0.0001}",qid_accumulative_attn,0.0001,42,0.3,,,,,256.0,64.0,8.0,,4.0,,,256.0,256.0,,,,,,,,,,,,,,,,,,,,,,,,,,,,,,,,,,,,,,,,,1.0,0.9,
sparsekt-topk.csv,sparsekt,peiyou,2,"{""emb_type"": ""qid_sparseattn"", ""d_ff"": 256, ""dropout"": 0.1, ""final_fc_dim2"": 64, ""d_model"": 256, ""num_attn_heads"": 4, ""k_index"": 2, ""seed"": 42, ""final_fc_dim"": 256, ""n_blocks"": 2, ""sparse_ratio"": 0.8, ""learning_rate"": 0.001}",qid_sparseattn,0.001,42,0.1,,,,,256.0,256.0,4.0,,2.0,,,256.0,64.0,,,,,,,,,,,,,,,,,,,,,,,,,,,,,,,,,,,,,,,,,2.0,0.8,
sparsekt-soft.csv,sparsekt,peiyou,3,"{""emb_type"": ""qid_accumulative_attn"", ""d_ff"": 256, ""dropout"": 0.3, ""final_fc_dim2"": 64, ""d_model"": 256, ""num_attn_heads"": 8, ""k_index"": 3, ""seed"": 3407, ""final_fc_dim"": 256, ""n_blocks"": 4, ""sparse_ratio"": 0.9, ""learning_rate"": 0.0001}",qid_accumulative_attn,0.0001,3407,0.3,,,,,256.0,256.0,8.0,,4.0,,,256.0,64.0,,,,,,,,,,,,,,,,,,,,,,,,,,,,,,,,,,,,,,,,,3.0,0.9,
sparsekt-topk.csv,sparsekt,peiyou,3,"{""emb_type"": ""qid_sparseattn"", ""d_ff"": 256, ""dropout"": 0.1, ""final_fc_dim2"": 64, ""d_model"": 256, ""num_attn_heads"": 8, ""k_index"": 4, ""seed"": 42, ""final_fc_dim"": 256, ""n_blocks"": 2, ""sparse_ratio"": 0.2, ""learning_rate"": 0.001}",qid_sparseattn,0.001,42,0.1,,,,,256.0,256.0,8.0,,2.0,,,256.0,64.0,,,,,,,,,,,,,,,,,,,,,,,,,,,,,,,,,,,,,,,,,4.0,0.2,
sparsekt-soft.csv,sparsekt,peiyou,4,"{""emb_type"": ""qid_accumulative_attn"", ""d_ff"": 256, ""dropout"": 0.3, ""final_fc_dim2"": 64, ""d_model"": 256, ""num_attn_heads"": 8, ""k_index"": 1, ""seed"": 42, ""final_fc_dim"": 256, ""n_blocks"": 4, ""sparse_ratio"": 0.9, ""learning_rate"": 0.0001}",qid_accumulative_attn,0.0001,42,0.3,,,,,256.0,256.0,8.0,,4.0,,,256.0,64.0,,,,,,,,,,,,,,,,,,,,,,,,,,,,,,,,,,,,,,,,,1.0,0.9,
sparsekt-topk.csv,sparsekt,peiyou,4,"{""emb_type"": ""qid_sparseattn"", ""d_ff"": 256, ""dropout"": 0.05, ""final_fc_dim2"": 64, ""d_model"": 256, ""num_attn_heads"": 8, ""k_index"": 4, ""seed"": 3407, ""final_fc_dim"": 64, ""n_blocks"": 2, ""sparse_ratio"": 0.5, ""learning_rate"": 0.001}",qid_sparseattn,0.001,3407,0.05,,,,,256.0,256.0,8.0,,2.0,,,64.0,64.0,,,,,,,,,,,,,,,,,,,,,,,,,,,,,,,,,,,,,,,,,4.0,0.5,
sparsekt-soft.csv,sparsekt,poj,0,"{""emb_type"": ""qid_accumulative_attn"", ""d_ff"": 64, ""dropout"": 0.3, ""final_fc_dim2"": 64, ""d_model"": 64, ""num_attn_heads"": 8, ""k_index"": 9, ""seed"": 3407, ""final_fc_dim"": 64, ""n_blocks"": 4, ""sparse_ratio"": 0.8, ""learning_rate"": 0.001}",qid_accumulative_attn,0.001,3407,0.3,,,,,64.0,64.0,8.0,,4.0,,,64.0,64.0,,,,,,,,,,,,,,,,,,,,,,,,,,,,,,,,,,,,,,,,,9.0,0.8,
sparsekt-topk.csv,sparsekt,poj,0,"{""emb_type"": ""qid_sparseattn"", ""d_ff"": 64, ""dropout"": 0.3, ""final_fc_dim2"": 256, ""d_model"": 256, ""num_attn_heads"": 8, ""k_index"": 6, ""seed"": 42, ""final_fc_dim"": 256, ""n_blocks"": 4, ""sparse_ratio"": 0.5, ""learning_rate"": 0.0001}",qid_sparseattn,0.0001,42,0.3,,,,,256.0,64.0,8.0,,4.0,,,256.0,256.0,,,,,,,,,,,,,,,,,,,,,,,,,,,,,,,,,,,,,,,,,6.0,0.5,
sparsekt-soft.csv,sparsekt,poj,1,"{""emb_type"": ""qid_accumulative_attn"", ""d_ff"": 256, ""dropout"": 0.5, ""final_fc_dim2"": 256, ""d_model"": 256, ""num_attn_heads"": 8, ""k_index"": 8, ""seed"": 3407, ""final_fc_dim"": 256, ""n_blocks"": 4, ""sparse_ratio"": 0.8, ""learning_rate"": 0.0001}",qid_accumulative_attn,0.0001,3407,0.5,,,,,256.0,256.0,8.0,,4.0,,,256.0,256.0,,,,,,,,,,,,,,,,,,,,,,,,,,,,,,,,,,,,,,,,,8.0,0.8,
sparsekt-topk.csv,sparsekt,poj,1,"{""emb_type"": ""qid_sparseattn"", ""d_ff"": 256, ""dropout"": 0.5, ""final_fc_dim2"": 256, ""d_model"": 64, ""num_attn_heads"": 8, ""k_index"": 6, ""seed"": 3407, ""final_fc_dim"": 256, ""n_blocks"": 4, ""sparse_ratio"": 0.8, ""learning_rate"": 0.001}",qid_sparseattn,0.001,3407,0.5,,,,,64.0,256.0,8.0,,4.0,,,256.0,256.0,,,,,,,,,,,,,,,,,,,,,,,,,,,,,,,,,,,,,,,,,6.0,0.8,
sparsekt-soft.csv,sparsekt,poj,2,"{""emb_type"": ""qid_accumulative_attn"", ""d_ff"": 256, ""dropout"": 0.5, ""final_fc_dim2"": 64, ""d_model"": 256, ""num_attn_heads"": 8, ""k_index"": 9, ""seed"": 3407, ""final_fc_dim"": 256, ""n_blocks"": 2, ""sparse_ratio"": 0.8, ""learning_rate"": 0.0001}",qid_accumulative_attn,0.0001,3407,0.5,,,,,256.0,256.0,8.0,,2.0,,,256.0,64.0,,,,,,,,,,,,,,,,,,,,,,,,,,,,,,,,,,,,,,,,,9.0,0.8,
sparsekt-topk.csv,sparsekt,poj,2,"{""emb_type"": ""qid_sparseattn"", ""d_ff"": 256, ""dropout"": 0.5, ""final_fc_dim2"": 256, ""d_model"": 64, ""num_attn_heads"": 8, ""k_index"": 7, ""seed"": 3407, ""final_fc_dim"": 256, ""n_blocks"": 4, ""sparse_ratio"": 0.6, ""learning_rate"": 0.001}",qid_sparseattn,0.001,3407,0.5,,,,,64.0,256.0,8.0,,4.0,,,256.0,256.0,,,,,,,,,,,,,,,,,,,,,,,,,,,,,,,,,,,,,,,,,7.0,0.6,
sparsekt-soft.csv,sparsekt,poj,3,"{""emb_type"": ""qid_accumulative_attn"", ""d_ff"": 256, ""dropout"": 0.5, ""final_fc_dim2"": 256, ""d_model"": 256, ""num_attn_heads"": 8, ""k_index"": 1, ""seed"": 3407, ""final_fc_dim"": 256, ""n_blocks"": 4, ""sparse_ratio"": 0.9, ""learning_rate"": 0.0001}",qid_accumulative_attn,0.0001,3407,0.5,,,,,256.0,256.0,8.0,,4.0,,,256.0,256.0,,,,,,,,,,,,,,,,,,,,,,,,,,,,,,,,,,,,,,,,,1.0,0.9,
sparsekt-topk.csv,sparsekt,poj,3,"{""emb_type"": ""qid_sparseattn"", ""d_ff"": 64, ""dropout"": 0.3, ""final_fc_dim2"": 64, ""d_model"": 256, ""num_attn_heads"": 8, ""k_index"": 3, ""seed"": 3407, ""final_fc_dim"": 256, ""n_blocks"": 4, ""sparse_ratio"": 0.2, ""learning_rate"": 0.0001}",qid_sparseattn,0.0001,3407,0.3,,,,,256.0,64.0,8.0,,4.0,,,256.0,64.0,,,,,,,,,,,,,,,,,,,,,,,,,,,,,,,,,,,,,,,,,3.0,0.2,
sparsekt-soft.csv,sparsekt,poj,4,"{""emb_type"": ""qid_accumulative_attn"", ""d_ff"": 256, ""dropout"": 0.5, ""final_fc_dim2"": 256, ""d_model"": 64, ""num_attn_heads"": 8, ""k_index"": 8, ""seed"": 3407, ""final_fc_dim"": 64, ""n_blocks"": 4, ""sparse_ratio"": 0.9, ""learning_rate"": 0.001}",qid_accumulative_attn,0.001,3407,0.5,,,,,64.0,256.0,8.0,,4.0,,,64.0,256.0,,,,,,,,,,,,,,,,,,,,,,,,,,,,,,,,,,,,,,,,,8.0,0.9,
sparsekt-topk.csv,sparsekt,poj,4,"{""emb_type"": ""qid_sparseattn"", ""d_ff"": 256, ""dropout"": 0.5, ""final_fc_dim2"": 64, ""d_model"": 64, ""num_attn_heads"": 8, ""k_index"": 5, ""seed"": 3407, ""final_fc_dim"": 64, ""n_blocks"": 4, ""sparse_ratio"": 0.7, ""learning_rate"": 0.001}",qid_sparseattn,0.001,3407,0.5,,,,,64.0,256.0,8.0,,4.0,,,64.0,64.0,,,,,,,,,,,,,,,,,,,,,,,,,,,,,,,,,,,,,,,,,5.0,0.7,
sparsekt-soft.csv,sparsekt,statics2011,0,"{""emb_type"": ""qid_accumulative_attn"", ""d_ff"": 256, ""dropout"": 0.3, ""final_fc_dim2"": 256, ""d_model"": 256, ""num_attn_heads"": 8, ""k_index"": 3, ""seed"": 42, ""final_fc_dim"": 256, ""n_blocks"": 2, ""sparse_ratio"": 0.8, ""learning_rate"": 0.001}",qid_accumulative_attn,0.001,42,0.3,,,,,256.0,256.0,8.0,,2.0,,,256.0,256.0,,,,,,,,,,,,,,,,,,,,,,,,,,,,,,,,,,,,,,,,,3.0,0.8,
sparsekt-topk.csv,sparsekt,statics2011,0,"{""emb_type"": ""qid_sparseattn"", ""d_ff"": 256, ""dropout"": 0.3, ""final_fc_dim2"": 256, ""d_model"": 256, ""num_attn_heads"": 8, ""k_index"": 6, ""seed"": 42, ""final_fc_dim"": 256, ""n_blocks"": 2, ""sparse_ratio"": 0.2, ""learning_rate"": 0.001}",qid_sparseattn,0.001,42,0.3,,,,,256.0,256.0,8.0,,2.0,,,256.0,256.0,,,,,,,,,,,,,,,,,,,,,,,,,,,,,,,,,,,,,,,,,6.0,0.2,
sparsekt-soft.csv,sparsekt,statics2011,1,"{""emb_type"": ""qid_accumulative_attn"", ""d_ff"": 64, ""dropout"": 0.5, ""final_fc_dim2"": 64, ""d_model"": 256, ""num_attn_heads"": 8, ""k_index"": 9, ""seed"": 3407, ""final_fc_dim"": 256, ""n_blocks"": 4, ""sparse_ratio"": 0.9, ""learning_rate"": 0.001}",qid_accumulative_attn,0.001,3407,0.5,,,,,256.0,64.0,8.0,,4.0,,,256.0,64.0,,,,,,,,,,,,,,,,,,,,,,,,,,,,,,,,,,,,,,,,,9.0,0.9,
sparsekt-topk.csv,sparsekt,statics2011,1,"{""emb_type"": ""qid_sparseattn"", ""d_ff"": 256, ""dropout"": 0.5, ""final_fc_dim2"": 64, ""d_model"": 256, ""num_attn_heads"": 8, ""k_index"": 8, ""seed"": 3407, ""final_fc_dim"": 256, ""n_blocks"": 2, ""sparse_ratio"": 0.6, ""learning_rate"": 0.001}",qid_sparseattn,0.001,3407,0.5,,,,,256.0,256.0,8.0,,2.0,,,256.0,64.0,,,,,,,,,,,,,,,,,,,,,,,,,,,,,,,,,,,,,,,,,8.0,0.6,
sparsekt-soft.csv,sparsekt,statics2011,2,"{""emb_type"": ""qid_accumulative_attn"", ""d_ff"": 64, ""dropout"": 0.1, ""final_fc_dim2"": 256, ""d_model"": 256, ""num_attn_heads"": 4, ""k_index"": 8, ""seed"": 42, ""final_fc_dim"": 256, ""n_blocks"": 2, ""sparse_ratio"": 0.9, ""learning_rate"": 0.001}",qid_accumulative_attn,0.001,42,0.1,,,,,256.0,64.0,4.0,,2.0,,,256.0,256.0,,,,,,,,,,,,,,,,,,,,,,,,,,,,,,,,,,,,,,,,,8.0,0.9,
sparsekt-topk.csv,sparsekt,statics2011,2,"{""emb_type"": ""qid_sparseattn"", ""d_ff"": 64, ""dropout"": 0.5, ""final_fc_dim2"": 256, ""d_model"": 256, ""num_attn_heads"": 4, ""k_index"": 8, ""seed"": 3407, ""final_fc_dim"": 256, ""n_blocks"": 2, ""sparse_ratio"": 0.4, ""learning_rate"": 0.001}",qid_sparseattn,0.001,3407,0.5,,,,,256.0,64.0,4.0,,2.0,,,256.0,256.0,,,,,,,,,,,,,,,,,,,,,,,,,,,,,,,,,,,,,,,,,8.0,0.4,
sparsekt-soft.csv,sparsekt,statics2011,3,"{""emb_type"": ""qid_accumulative_attn"", ""d_ff"": 256, ""dropout"": 0.3, ""final_fc_dim2"": 256, ""d_model"": 256, ""num_attn_heads"": 8, ""k_index"": 7, ""seed"": 42, ""final_fc_dim"": 256, ""n_blocks"": 4, ""sparse_ratio"": 0.9, ""learning_rate"": 0.001}",qid_accumulative_attn,0.001,42,0.3,,,,,256.0,256.0,8.0,,4.0,,,256.0,256.0,,,,,,,,,,,,,,,,,,,,,,,,,,,,,,,,,,,,,,,,,7.0,0.9,
sparsekt-topk.csv,sparsekt,statics2011,3,"{""emb_type"": ""qid_sparseattn"", ""d_ff"": 256, ""dropout"": 0.5, ""final_fc_dim2"": 64, ""d_model"": 256, ""num_attn_heads"": 8, ""k_index"": 10, ""seed"": 42, ""final_fc_dim"": 256, ""n_blocks"": 4, ""sparse_ratio"": 0.8, ""learning_rate"": 0.001}",qid_sparseattn,0.001,42,0.5,,,,,256.0,256.0,8.0,,4.0,,,256.0,64.0,,,,,,,,,,,,,,,,,,,,,,,,,,,,,,,,,,,,,,,,,10.0,0.8,
sparsekt-soft.csv,sparsekt,statics2011,4,"{""emb_type"": ""qid_accumulative_attn"", ""d_ff"": 256, ""dropout"": 0.5, ""final_fc_dim2"": 256, ""d_model"": 256, ""num_attn_heads"": 8, ""k_index"": 7, ""seed"": 3407, ""final_fc_dim"": 256, ""n_blocks"": 4, ""sparse_ratio"": 0.9, ""learning_rate"": 0.001}",qid_accumulative_attn,0.001,3407,0.5,,,,,256.0,256.0,8.0,,4.0,,,256.0,256.0,,,,,,,,,,,,,,,,,,,,,,,,,,,,,,,,,,,,,,,,,7.0,0.9,
sparsekt-topk.csv,sparsekt,statics2011,4,"{""emb_type"": ""qid_sparseattn"", ""d_ff"": 256, ""dropout"": 0.5, ""final_fc_dim2"": 64, ""d_model"": 256, ""num_attn_heads"": 4, ""k_index"": 9, ""seed"": 42, ""final_fc_dim"": 256, ""n_blocks"": 2, ""sparse_ratio"": 0.9, ""learning_rate"": 0.001}",qid_sparseattn,0.001,42,0.5,,,,,256.0,256.0,4.0,,2.0,,,256.0,64.0,,,,,,,,,,,,,,,,,,,,,,,,,,,,,,,,,,,,,,,,,9.0,0.9,
stablekt.csv,stablekt,algebra2005,0,"{""emb_type"": ""qid"", ""seed"": 42, ""dropout"": 0.05, ""final_fc_dim"": 64, ""final_fc_dim2"": 256, ""num_layers"": 2, ""nheads"": 4, ""d_model"": 256, ""d_ff"": 64, ""num_attn_heads"": 8, ""learning_rate"": 0.0001, ""r"": 5.0, ""gamma"": 0.1}",qid,0.0001,42,0.05,,,,,256.0,64.0,8.0,4.0,,2.0,,64.0,256.0,,,,,,,,,,,,,,,,,,,,,,,,,0.1,,,,,,,,,,,,,,,,,,5.0
stablekt.csv,stablekt,algebra2005,1,"{""emb_type"": ""qid"", ""seed"": 42, ""dropout"": 0.1, ""final_fc_dim"": 256, ""final_fc_dim2"": 256, ""num_layers"": 2, ""nheads"": 4, ""d_model"": 256, ""d_ff"": 256, ""num_attn_heads"": 8, ""learning_rate"": 0.0001, ""r"": 0.5, ""gamma"": 5.0}",qid,0.0001,42,0.1,,,,,256.0,256.0,8.0,4.0,,2.0,,256.0,256.0,,,,,,,,,,,,,,,,,,,,,,,,,5.0,,,,,,,,,,,,,,,,,,0.5
stablekt.csv,stablekt,algebra2005,2,"{""emb_type"": ""qid"", ""seed"": 42, ""dropout"": 0.1, ""final_fc_dim"": 256, ""final_fc_dim2"": 256, ""num_layers"": 2, ""nheads"": 4, ""d_model"": 256, ""d_ff"": 256, ""num_attn_heads"": 8, ""learning_rate"": 1e-05, ""r"": 0.5, ""gamma"": 5.0}",qid,1e-05,42,0.1,,,,,256.0,256.0,8.0,4.0,,2.0,,256.0,256.0,,,,,,,,,,,,,,,,,,,,,,,,,5.0,,,,,,,,,,,,,,,,,,0.5
stablekt.csv,stablekt,algebra2005,3,"{""emb_type"": ""qid"", ""seed"": 42, ""dropout"": 0.05, ""final_fc_dim"": 256, ""final_fc_dim2"": 256, ""num_layers"": 2, ""nheads"": 4, ""d_model"": 256, ""d_ff"": 256, ""num_attn_heads"": 8, ""learning_rate"": 0.0001, ""r"": 0.9, ""gamma"": 0.3}",qid,0.0001,42,0.05,,,,,256.0,256.0,8.0,4.0,,2.0,,256.0,256.0,,,,,,,,,,,,,,,,,,,,,,,,,0.3,,,,,,,,,,,,,,,,,,0.9
stablekt.csv,stablekt,algebra2005,4,"{""emb_type"": ""qid"", ""seed"": 42, ""dropout"": 0.1, ""final_fc_dim"": 256, ""final_fc_dim2"": 256, ""num_layers"": 2, ""nheads"": 4, ""d_model"": 256, ""d_ff"": 256, ""num_attn_heads"": 8, ""learning_rate"": 0.0001, ""r"": 0.9, ""gamma"": 0.5}",qid,0.0001,42,0.1,,,,,256.0,256.0,8.0,4.0,,2.0,,256.0,256.0,,,,,,,,,,,,,,,,,,,,,,,,,0.5,,,,,,,,,,,,,,,,,,0.9
stablekt.csv,stablekt,assist2009,0,"{""emb_type"": ""qid"", ""seed"": 42, ""dropout"": 0.3, ""final_fc_dim"": 256, ""final_fc_dim2"": 256, ""num_layers"": 2, ""nheads"": 4, ""d_model"": 256, ""d_ff"": 64, ""num_attn_heads"": 8, ""learning_rate"": 0.0001, ""r"": 0.1, ""gamma"": 5.0}",qid,0.0001,42,0.3,,,,,256.0,64.0,8.0,4.0,,2.0,,256.0,256.0,,,,,,,,,,,,,,,,,,,,,,,,,5.0,,,,,,,,,,,,,,,,,,0.1
stablekt.csv,stablekt,assist2009,1,"{""emb_type"": ""qid"", ""seed"": 3407, ""dropout"": 0.3, ""final_fc_dim"": 256, ""final_fc_dim2"": 256, ""num_layers"": 2, ""nheads"": 4, ""d_model"": 256, ""d_ff"": 64, ""num_attn_heads"": 8, ""learning_rate"": 0.0001, ""r"": 0.5, ""gamma"": 0.3}",qid,0.0001,3407,0.3,,,,,256.0,64.0,8.0,4.0,,2.0,,256.0,256.0,,,,,,,,,,,,,,,,,,,,,,,,,0.3,,,,,,,,,,,,,,,,,,0.5
stablekt.csv,stablekt,assist2009,2,"{""emb_type"": ""qid"", ""seed"": 3407, ""dropout"": 0.3, ""final_fc_dim"": 256, ""final_fc_dim2"": 256, ""num_layers"": 2, ""nheads"": 4, ""d_model"": 256, ""d_ff"": 256, ""num_attn_heads"": 8, ""learning_rate"": 0.0001, ""r"": 0.5, ""gamma"": 0.1}",qid,0.0001,3407,0.3,,,,,256.0,256.0,8.0,4.0,,2.0,,256.0,256.0,,,,,,,,,,,,,,,,,,,,,,,,,0.1,,,,,,,,,,,,,,,,,,0.5
stablekt.csv,stablekt,assist2009,3,"{""emb_type"": ""qid"", ""seed"": 3407, ""dropout"": 0.05, ""final_fc_dim"": 256, ""final_fc_dim2"": 64, ""num_layers"": 2, ""nheads"": 4, ""d_model"": 64, ""d_ff"": 256, ""num_attn_heads"": 8, ""learning_rate"": 0.001, ""r"": 5.0, ""gamma"": 0.7}",qid,0.001,3407,0.05,,,,,64.0,256.0,8.0,4.0,,2.0,,256.0,64.0,,,,,,,,,,,,,,,,,,,,,,,,,0.7,,,,,,,,,,,,,,,,,,5.0
stablekt.csv,stablekt,assist2009,4,"{""emb_type"": ""qid"", ""seed"": 3407, ""dropout"": 0.3, ""final_fc_dim"": 256, ""final_fc_dim2"": 256, ""num_layers"": 2, ""nheads"": 4, ""d_model"": 256, ""d_ff"": 256, ""num_attn_heads"": 8, ""learning_rate"": 0.0001, ""r"": 0.3, ""gamma"": 0.1}",qid,0.0001,3407,0.3,,,,,256.0,256.0,8.0,4.0,,2.0,,256.0,256.0,,,,,,,,,,,,,,,,,,,,,,,,,0.1,,,,,,,,,,,,,,,,,,0.3
stablekt.csv,stablekt,assist2015,0,"{""emb_type"": ""qid"", ""seed"": 3407, ""dropout"": 0.1, ""final_fc_dim"": 256, ""final_fc_dim2"": 64, ""num_layers"": 2, ""nheads"": 4, ""d_model"": 256, ""d_ff"": 64, ""num_attn_heads"": 8, ""learning_rate"": 1e-05, ""r"": 2.0, ""gamma"": 0.7}",qid,1e-05,3407,0.1,,,,,256.0,64.0,8.0,4.0,,2.0,,256.0,64.0,,,,,,,,,,,,,,,,,,,,,,,,,0.7,,,,,,,,,,,,,,,,,,2.0
stablekt.csv,stablekt,assist2015,1,"{""emb_type"": ""qid"", ""seed"": 3407, ""dropout"": 0.1, ""final_fc_dim"": 256, ""final_fc_dim2"": 64, ""num_layers"": 2, ""nheads"": 4, ""d_model"": 256, ""d_ff"": 256, ""num_attn_heads"": 8, ""learning_rate"": 1e-05, ""r"": 0.5, ""gamma"": 0.7}",qid,1e-05,3407,0.1,,,,,256.0,256.0,8.0,4.0,,2.0,,256.0,64.0,,,,,,,,,,,,,,,,,,,,,,,,,0.7,,,,,,,,,,,,,,,,,,0.5
stablekt.csv,stablekt,assist2015,2,"{""emb_type"": ""qid"", ""seed"": 3407, ""dropout"": 0.05, ""final_fc_dim"": 256, ""final_fc_dim2"": 256, ""num_layers"": 2, ""nheads"": 4, ""d_model"": 256, ""d_ff"": 64, ""num_attn_heads"": 8, ""learning_rate"": 1e-05, ""r"": 1.0, ""gamma"": 0.7}",qid,1e-05,3407,0.05,,,,,256.0,64.0,8.0,4.0,,2.0,,256.0,256.0,,,,,,,,,,,,,,,,,,,,,,,,,0.7,,,,,,,,,,,,,,,,,,1.0
stablekt.csv,stablekt,assist2015,3,"{""emb_type"": ""qid"", ""seed"": 42, ""dropout"": 0.05, ""final_fc_dim"": 256, ""final_fc_dim2"": 64, ""num_layers"": 2, ""nheads"": 4, ""d_model"": 256, ""d_ff"": 256, ""num_attn_heads"": 8, ""learning_rate"": 1e-05, ""r"": 2.0, ""gamma"": 0.5}",qid,1e-05,42,0.05,,,,,256.0,256.0,8.0,4.0,,2.0,,256.0,64.0,,,,,,,,,,,,,,,,,,,,,,,,,0.5,,,,,,,,,,,,,,,,,,2.0
stablekt.csv,stablekt,assist2015,4,"{""emb_type"": ""qid"", ""seed"": 3407, ""dropout"": 0.1, ""final_fc_dim"": 256, ""final_fc_dim2"": 64, ""num_layers"": 2, ""nheads"": 4, ""d_model"": 256, ""d_ff"": 256, ""num_attn_heads"": 8, ""learning_rate"": 1e-05, ""r"": 2.0, ""gamma"": 0.1}",qid,1e-05,3407,0.1,,,,,256.0,256.0,8.0,4.0,,2.0,,256.0,64.0,,,,,,,,,,,,,,,,,,,,,,,,,0.1,,,,,,,,,,,,,,,,,,2.0
stablekt.csv,stablekt,bridge2algebra2006,0,"{""emb_type"": ""qid"", ""seed"": 42, ""dropout"": 0.1, ""final_fc_dim"": 64, ""final_fc_dim2"": 256, ""num_layers"": 2, ""nheads"": 4, ""d_model"": 256, ""d_ff"": 256, ""num_attn_heads"": 8, ""learning_rate"": 0.0001, ""r"": 2.0, ""gamma"": 0.9}",qid,0.0001,42,0.1,,,,,256.0,256.0,8.0,4.0,,2.0,,64.0,256.0,,,,,,,,,,,,,,,,,,,,,,,,,0.9,,,,,,,,,,,,,,,,,,2.0
stablekt.csv,stablekt,bridge2algebra2006,1,"{""emb_type"": ""qid"", ""seed"": 3407, ""dropout"": 0.1, ""final_fc_dim"": 256, ""final_fc_dim2"": 256, ""num_layers"": 2, ""nheads"": 4, ""d_model"": 256, ""d_ff"": 256, ""num_attn_heads"": 8, ""learning_rate"": 1e-05, ""r"": 1.0, ""gamma"": 2.0}",qid,1e-05,3407,0.1,,,,,256.0,256.0,8.0,4.0,,2.0,,256.0,256.0,,,,,,,,,,,,,,,,,,,,,,,,,2.0,,,,,,,,,,,,,,,,,,1.0
stablekt.csv,stablekt,bridge2algebra2006,2,"{""emb_type"": ""qid"", ""seed"": 42, ""dropout"": 0.1, ""final_fc_dim"": 64, ""final_fc_dim2"": 256, ""num_layers"": 2, ""nheads"": 4, ""d_model"": 256, ""d_ff"": 64, ""num_attn_heads"": 8, ""learning_rate"": 1e-05, ""r"": 2.0, ""gamma"": 0.5}",qid,1e-05,42,0.1,,,,,256.0,64.0,8.0,4.0,,2.0,,64.0,256.0,,,,,,,,,,,,,,,,,,,,,,,,,0.5,,,,,,,,,,,,,,,,,,2.0
stablekt.csv,stablekt,bridge2algebra2006,3,"{""emb_type"": ""qid"", ""seed"": 42, ""dropout"": 0.1, ""final_fc_dim"": 256, ""final_fc_dim2"": 64, ""num_layers"": 2, ""nheads"": 4, ""d_model"": 256, ""d_ff"": 256, ""num_attn_heads"": 8, ""learning_rate"": 1e-05, ""r"": 5.0, ""gamma"": 0.5}",qid,1e-05,42,0.1,,,,,256.0,256.0,8.0,4.0,,2.0,,256.0,64.0,,,,,,,,,,,,,,,,,,,,,,,,,0.5,,,,,,,,,,,,,,,,,,5.0
stablekt.csv,stablekt,bridge2algebra2006,4,"{""emb_type"": ""qid"", ""seed"": 42, ""dropout"": 0.1, ""final_fc_dim"": 64, ""final_fc_dim2"": 64, ""num_layers"": 2, ""nheads"": 4, ""d_model"": 256, ""d_ff"": 256, ""num_attn_heads"": 8, ""learning_rate"": 0.0001, ""r"": 5.0, ""gamma"": 1.0}",qid,0.0001,42,0.1,,,,,256.0,256.0,8.0,4.0,,2.0,,64.0,64.0,,,,,,,,,,,,,,,,,,,,,,,,,1.0,,,,,,,,,,,,,,,,,,5.0
stablekt.csv,stablekt,ednet,0,"{""emb_type"": ""qid"", ""seed"": 42, ""dropout"": 0.3, ""final_fc_dim"": 64, ""final_fc_dim2"": 256, ""num_layers"": 2, ""nheads"": 4, ""d_model"": 256, ""d_ff"": 256, ""num_attn_heads"": 4, ""learning_rate"": 0.0001, ""r"": 0.3, ""gamma"": 5.0}",qid,0.0001,42,0.3,,,,,256.0,256.0,4.0,4.0,,2.0,,64.0,256.0,,,,,,,,,,,,,,,,,,,,,,,,,5.0,,,,,,,,,,,,,,,,,,0.3
stablekt.csv,stablekt,ednet,1,"{""emb_type"": ""qid"", ""seed"": 42, ""dropout"": 0.1, ""final_fc_dim"": 256, ""final_fc_dim2"": 64, ""num_layers"": 2, ""nheads"": 4, ""d_model"": 256, ""d_ff"": 256, ""num_attn_heads"": 8, ""learning_rate"": 0.0001, ""r"": 0.3, ""gamma"": 0.1}",qid,0.0001,42,0.1,,,,,256.0,256.0,8.0,4.0,,2.0,,256.0,64.0,,,,,,,,,,,,,,,,,,,,,,,,,0.1,,,,,,,,,,,,,,,,,,0.3
stablekt.csv,stablekt,ednet,2,"{""emb_type"": ""qid"", ""seed"": 3407, ""dropout"": 0.3, ""final_fc_dim"": 256, ""final_fc_dim2"": 64, ""num_layers"": 2, ""nheads"": 4, ""d_model"": 256, ""d_ff"": 64, ""num_attn_heads"": 8, ""learning_rate"": 0.0001, ""r"": 1.0, ""gamma"": 2.0}",qid,0.0001,3407,0.3,,,,,256.0,64.0,8.0,4.0,,2.0,,256.0,64.0,,,,,,,,,,,,,,,,,,,,,,,,,2.0,,,,,,,,,,,,,,,,,,1.0
stablekt.csv,stablekt,ednet,3,"{""emb_type"": ""qid"", ""seed"": 3407, ""dropout"": 0.3, ""final_fc_dim"": 256, ""final_fc_dim2"": 256, ""num_layers"": 2, ""nheads"": 4, ""d_model"": 256, ""d_ff"": 64, ""num_attn_heads"": 8, ""learning_rate"": 0.0001, ""r"": 2.0, ""gamma"": 0.3}",qid,0.0001,3407,0.3,,,,,256.0,64.0,8.0,4.0,,2.0,,256.0,256.0,,,,,,,,,,,,,,,,,,,,,,,,,0.3,,,,,,,,,,,,,,,,,,2.0
stablekt.csv,stablekt,ednet,4,"{""emb_type"": ""qid"", ""seed"": 3407, ""dropout"": 0.1, ""final_fc_dim"": 256, ""final_fc_dim2"": 64, ""num_layers"": 2, ""nheads"": 4, ""d_model"": 64, ""d_ff"": 256, ""num_attn_heads"": 8, ""learning_rate"": 0.0001, ""r"": 5.0, ""gamma"": 1.0}",qid,0.0001,3407,0.1,,,,,64.0,256.0,8.0,4.0,,2.0,,256.0,64.0,,,,,,,,,,,,,,,,,,,,,,,,,1.0,,,,,,,,,,,,,,,,,,5.0
stablekt.csv,stablekt,ednet5w,0,"{""emb_type"": ""qid"", ""seed"": 3407, ""dropout"": 0.05, ""final_fc_dim"": 64, ""final_fc_dim2"": 256, ""num_layers"": 2, ""nheads"": 4, ""d_model"": 64, ""d_ff"": 256, ""num_attn_heads"": 8, ""learning_rate"": 0.001, ""r"": 5.0, ""gamma"": 0.7}",qid,0.001,3407,0.05,,,,,64.0,256.0,8.0,4.0,,2.0,,64.0,256.0,,,,,,,,,,,,,,,,,,,,,,,,,0.7,,,,,,,,,,,,,,,,,,5.0
stablekt.csv,stablekt,ednet5w,1,"{""emb_type"": ""qid"", ""seed"": 3407, ""dropout"": 0.1, ""final_fc_dim"": 256, ""final_fc_dim2"": 64, ""num_layers"": 2, ""nheads"": 4, ""d_model"": 64, ""d_ff"": 256, ""num_attn_heads"": 8, ""learning_rate"": 0.001, ""r"": 2.0, ""gamma"": 5.0}",qid,0.001,3407,0.1,,,,,64.0,256.0,8.0,4.0,,2.0,,256.0,64.0,,,,,,,,,,,,,,,,,,,,,,,,,5.0,,,,,,,,,,,,,,,,,,2.0
stablekt.csv,stablekt,ednet5w,2,"{""emb_type"": ""qid"", ""seed"": 3407, ""dropout"": 0.05, ""final_fc_dim"": 64, ""final_fc_dim2"": 256, ""num_layers"": 2, ""nheads"": 4, ""d_model"": 64, ""d_ff"": 64, ""num_attn_heads"": 8, ""learning_rate"": 0.001, ""r"": 2.0, ""gamma"": 5.0}",qid,0.001,3407,0.05,,,,,64.0,64.0,8.0,4.0,,2.0,,64.0,256.0,,,,,,,,,,,,,,,,,,,,,,,,,5.0,,,,,,,,,,,,,,,,,,2.0
stablekt.csv,stablekt,ednet5w,3,"{""emb_type"": ""qid"", ""seed"": 42, ""dropout"": 0.1, ""final_fc_dim"": 64, ""final_fc_dim2"": 256, ""num_layers"": 2, ""nheads"": 4, ""d_model"": 64, ""d_ff"": 64, ""num_attn_heads"": 8, ""learning_rate"": 0.001, ""r"": 5.0, ""gamma"": 1.0}",qid,0.001,42,0.1,,,,,64.0,64.0,8.0,4.0,,2.0,,64.0,256.0,,,,,,,,,,,,,,,,,,,,,,,,,1.0,,,,,,,,,,,,,,,,,,5.0
stablekt.csv,stablekt,ednet5w,4,"{""emb_type"": ""qid"", ""seed"": 3407, ""dropout"": 0.05, ""final_fc_dim"": 256, ""final_fc_dim2"": 256, ""num_layers"": 2, ""nheads"": 4, ""d_model"": 64, ""d_ff"": 64, ""num_attn_heads"": 8, ""learning_rate"": 0.001, ""r"": 5.0, ""gamma"": 0.9}",qid,0.001,3407,0.05,,,,,64.0,64.0,8.0,4.0,,2.0,,256.0,256.0,,,,,,,,,,,,,,,,,,,,,,,,,0.9,,,,,,,,,,,,,,,,,,5.0
stablekt.csv,stablekt,nips_task34,0,"{""emb_type"": ""qid"", ""seed"": 42, ""dropout"": 0.3, ""final_fc_dim"": 256, ""final_fc_dim2"": 256, ""num_layers"": 2, ""nheads"": 4, ""d_model"": 64, ""d_ff"": 64, ""num_attn_heads"": 8, ""learning_rate"": 0.001, ""r"": 0.7, ""gamma"": 0.7}",qid,0.001,42,0.3,,,,,64.0,64.0,8.0,4.0,,2.0,,256.0,256.0,,,,,,,,,,,,,,,,,,,,,,,,,0.7,,,,,,,,,,,,,,,,,,0.7
stablekt.csv,stablekt,nips_task34,1,"{""emb_type"": ""qid"", ""seed"": 42, ""dropout"": 0.3, ""final_fc_dim"": 256, ""final_fc_dim2"": 256, ""num_layers"": 2, ""nheads"": 4, ""d_model"": 64, ""d_ff"": 64, ""num_attn_heads"": 8, ""learning_rate"": 0.001, ""r"": 1.0, ""gamma"": 1.0}",qid,0.001,42,0.3,,,,,64.0,64.0,8.0,4.0,,2.0,,256.0,256.0,,,,,,,,,,,,,,,,,,,,,,,,,1.0,,,,,,,,,,,,,,,,,,1.0
stablekt.csv,stablekt,nips_task34,2,"{""emb_type"": ""qid"", ""seed"": 3407, ""dropout"": 0.3, ""final_fc_dim"": 256, ""final_fc_dim2"": 256, ""num_layers"": 2, ""nheads"": 4, ""d_model"": 64, ""d_ff"": 256, ""num_attn_heads"": 8, ""learning_rate"": 0.001, ""r"": 0.1, ""gamma"": 5.0}",qid,0.001,3407,0.3,,,,,64.0,256.0,8.0,4.0,,2.0,,256.0,256.0,,,,,,,,,,,,,,,,,,,,,,,,,5.0,,,,,,,,,,,,,,,,,,0.1
stablekt.csv,stablekt,nips_task34,3,"{""emb_type"": ""qid"", ""seed"": 3407, ""dropout"": 0.3, ""final_fc_dim"": 256, ""final_fc_dim2"": 256, ""num_layers"": 2, ""nheads"": 4, ""d_model"": 64, ""d_ff"": 256, ""num_attn_heads"": 4, ""learning_rate"": 0.001, ""r"": 0.9, ""gamma"": 5.0}",qid,0.001,3407,0.3,,,,,64.0,256.0,4.0,4.0,,2.0,,256.0,256.0,,,,,,,,,,,,,,,,,,,,,,,,,5.0,,,,,,,,,,,,,,,,,,0.9
stablekt.csv,stablekt,nips_task34,4,"{""emb_type"": ""qid"", ""seed"": 3407, ""dropout"": 0.3, ""final_fc_dim"": 64, ""final_fc_dim2"": 256, ""num_layers"": 2, ""nheads"": 4, ""d_model"": 64, ""d_ff"": 64, ""num_attn_heads"": 8, ""learning_rate"": 0.001, ""r"": 0.7, ""gamma"": 0.9}",qid,0.001,3407,0.3,,,,,64.0,64.0,8.0,4.0,,2.0,,64.0,256.0,,,,,,,,,,,,,,,,,,,,,,,,,0.9,,,,,,,,,,,,,,,,,,0.7
stablekt.csv,stablekt,peiyou,0,"{""emb_type"": ""qid"", ""seed"": 42, ""dropout"": 0.3, ""final_fc_dim"": 64, ""final_fc_dim2"": 64, ""num_layers"": 2, ""nheads"": 4, ""d_model"": 64, ""d_ff"": 256, ""num_attn_heads"": 8, ""learning_rate"": 0.001, ""r"": 5.0, ""gamma"": 0.7}",qid,0.001,42,0.3,,,,,64.0,256.0,8.0,4.0,,2.0,,64.0,64.0,,,,,,,,,,,,,,,,,,,,,,,,,0.7,,,,,,,,,,,,,,,,,,5.0
stablekt.csv,stablekt,peiyou,1,"{""emb_type"": ""qid"", ""seed"": 3407, ""dropout"": 0.3, ""final_fc_dim"": 64, ""final_fc_dim2"": 256, ""num_layers"": 2, ""nheads"": 4, ""d_model"": 64, ""d_ff"": 256, ""num_attn_heads"": 8, ""learning_rate"": 0.001, ""r"": 5.0, ""gamma"": 0.9}",qid,0.001,3407,0.3,,,,,64.0,256.0,8.0,4.0,,2.0,,64.0,256.0,,,,,,,,,,,,,,,,,,,,,,,,,0.9,,,,,,,,,,,,,,,,,,5.0
stablekt.csv,stablekt,peiyou,2,"{""emb_type"": ""qid"", ""seed"": 3407, ""dropout"": 0.3, ""final_fc_dim"": 256, ""final_fc_dim2"": 64, ""num_layers"": 2, ""nheads"": 4, ""d_model"": 64, ""d_ff"": 64, ""num_attn_heads"": 8, ""learning_rate"": 0.001, ""r"": 5.0, ""gamma"": 0.9}",qid,0.001,3407,0.3,,,,,64.0,64.0,8.0,4.0,,2.0,,256.0,64.0,,,,,,,,,,,,,,,,,,,,,,,,,0.9,,,,,,,,,,,,,,,,,,5.0
stablekt.csv,stablekt,peiyou,3,"{""emb_type"": ""qid"", ""seed"": 3407, ""dropout"": 0.3, ""final_fc_dim"": 64, ""final_fc_dim2"": 256, ""num_layers"": 2, ""nheads"": 4, ""d_model"": 64, ""d_ff"": 256, ""num_attn_heads"": 8, ""learning_rate"": 0.001, ""r"": 2.0, ""gamma"": 5.0}",qid,0.001,3407,0.3,,,,,64.0,256.0,8.0,4.0,,2.0,,64.0,256.0,,,,,,,,,,,,,,,,,,,,,,,,,5.0,,,,,,,,,,,,,,,,,,2.0
stablekt.csv,stablekt,peiyou,4,"{""emb_type"": ""qid"", ""seed"": 42, ""dropout"": 0.3, ""final_fc_dim"": 256, ""final_fc_dim2"": 256, ""num_layers"": 2, ""nheads"": 4, ""d_model"": 256, ""d_ff"": 256, ""num_attn_heads"": 8, ""learning_rate"": 0.001, ""r"": 1.0, ""gamma"": 0.1}",qid,0.001,42,0.3,,,,,256.0,256.0,8.0,4.0,,2.0,,256.0,256.0,,,,,,,,,,,,,,,,,,,,,,,,,0.1,,,,,,,,,,,,,,,,,,1.0
stablekt.csv,stablekt,poj,0,"{""emb_type"": ""qid"", ""seed"": 42, ""dropout"": 0.3, ""final_fc_dim"": 256, ""final_fc_dim2"": 64, ""num_layers"": 2, ""nheads"": 4, ""d_model"": 64, ""d_ff"": 64, ""num_attn_heads"": 2, ""learning_rate"": 0.0001, ""r"": 0.7, ""gamma"": 0.5}",qid,0.0001,42,0.3,,,,,64.0,64.0,2.0,4.0,,2.0,,256.0,64.0,,,,,,,,,,,,,,,,,,,,,,,,,0.5,,,,,,,,,,,,,,,,,,0.7
stablekt.csv,stablekt,poj,1,"{""emb_type"": ""qid"", ""seed"": 3407, ""dropout"": 0.3, ""final_fc_dim"": 256, ""final_fc_dim2"": 256, ""num_layers"": 2, ""nheads"": 4, ""d_model"": 256, ""d_ff"": 64, ""num_attn_heads"": 4, ""learning_rate"": 1e-05, ""r"": 0.7, ""gamma"": 0.7}",qid,1e-05,3407,0.3,,,,,256.0,64.0,4.0,4.0,,2.0,,256.0,256.0,,,,,,,,,,,,,,,,,,,,,,,,,0.7,,,,,,,,,,,,,,,,,,0.7
stablekt.csv,stablekt,poj,2,"{""emb_type"": ""qid"", ""seed"": 3407, ""dropout"": 0.3, ""final_fc_dim"": 256, ""final_fc_dim2"": 256, ""num_layers"": 2, ""nheads"": 4, ""d_model"": 64, ""d_ff"": 256, ""num_attn_heads"": 8, ""learning_rate"": 0.0001, ""r"": 5.0, ""gamma"": 0.9}",qid,0.0001,3407,0.3,,,,,64.0,256.0,8.0,4.0,,2.0,,256.0,256.0,,,,,,,,,,,,,,,,,,,,,,,,,0.9,,,,,,,,,,,,,,,,,,5.0
stablekt.csv,stablekt,poj,3,"{""emb_type"": ""qid"", ""seed"": 42, ""dropout"": 0.3, ""final_fc_dim"": 256, ""final_fc_dim2"": 64, ""num_layers"": 2, ""nheads"": 4, ""d_model"": 64, ""d_ff"": 64, ""num_attn_heads"": 4, ""learning_rate"": 0.0001, ""r"": 1.0, ""gamma"": 1.0}",qid,0.0001,42,0.3,,,,,64.0,64.0,4.0,4.0,,2.0,,256.0,64.0,,,,,,,,,,,,,,,,,,,,,,,,,1.0,,,,,,,,,,,,,,,,,,1.0
stablekt.csv,stablekt,poj,4,"{""emb_type"": ""qid"", ""seed"": 3407, ""dropout"": 0.5, ""final_fc_dim"": 256, ""final_fc_dim2"": 64, ""num_layers"": 2, ""nheads"": 4, ""d_model"": 64, ""d_ff"": 256, ""num_attn_heads"": 8, ""learning_rate"": 0.0001, ""r"": 2.0, ""gamma"": 5.0}",qid,0.0001,3407,0.5,,,,,64.0,256.0,8.0,4.0,,2.0,,256.0,64.0,,,,,,,,,,,,,,,,,,,,,,,,,5.0,,,,,,,,,,,,,,,,,,2.0
stablekt.csv,stablekt,statics2011,0,"{""emb_type"": ""qid"", ""seed"": 42, ""dropout"": 0.5, ""final_fc_dim"": 256, ""final_fc_dim2"": 256, ""num_layers"": 2, ""nheads"": 4, ""d_model"": 64, ""d_ff"": 256, ""num_attn_heads"": 8, ""learning_rate"": 0.001, ""r"": 0.1, ""gamma"": 1.0}",qid,0.001,42,0.5,,,,,64.0,256.0,8.0,4.0,,2.0,,256.0,256.0,,,,,,,,,,,,,,,,,,,,,,,,,1.0,,,,,,,,,,,,,,,,,,0.1
stablekt.csv,stablekt,statics2011,1,"{""emb_type"": ""qid"", ""seed"": 42, ""dropout"": 0.5, ""final_fc_dim"": 256, ""final_fc_dim2"": 256, ""num_layers"": 2, ""nheads"": 4, ""d_model"": 256, ""d_ff"": 64, ""num_attn_heads"": 8, ""learning_rate"": 0.001, ""r"": 2.0, ""gamma"": 0.1}",qid,0.001,42,0.5,,,,,256.0,64.0,8.0,4.0,,2.0,,256.0,256.0,,,,,,,,,,,,,,,,,,,,,,,,,0.1,,,,,,,,,,,,,,,,,,2.0
stablekt.csv,stablekt,statics2011,2,"{""emb_type"": ""qid"", ""seed"": 3407, ""dropout"": 0.3, ""final_fc_dim"": 256, ""final_fc_dim2"": 256, ""num_layers"": 2, ""nheads"": 4, ""d_model"": 256, ""d_ff"": 256, ""num_attn_heads"": 8, ""learning_rate"": 0.001, ""r"": 0.7, ""gamma"": 0.7}",qid,0.001,3407,0.3,,,,,256.0,256.0,8.0,4.0,,2.0,,256.0,256.0,,,,,,,,,,,,,,,,,,,,,,,,,0.7,,,,,,,,,,,,,,,,,,0.7
stablekt.csv,stablekt,statics2011,3,"{""emb_type"": ""qid"", ""seed"": 3407, ""dropout"": 0.5, ""final_fc_dim"": 256, ""final_fc_dim2"": 64, ""num_layers"": 2, ""nheads"": 4, ""d_model"": 64, ""d_ff"": 256, ""num_attn_heads"": 8, ""learning_rate"": 0.001, ""r"": 0.3, ""gamma"": 0.9}",qid,0.001,3407,0.5,,,,,64.0,256.0,8.0,4.0,,2.0,,256.0,64.0,,,,,,,,,,,,,,,,,,,,,,,,,0.9,,,,,,,,,,,,,,,,,,0.3
stablekt.csv,stablekt,statics2011,4,"{""emb_type"": ""qid"", ""seed"": 3407, ""dropout"": 0.5, ""final_fc_dim"": 256, ""final_fc_dim2"": 64, ""num_layers"": 2, ""nheads"": 4, ""d_model"": 64, ""d_ff"": 256, ""num_attn_heads"": 8, ""learning_rate"": 0.001, ""r"": 0.7, ""gamma"": 0.3}",qid,0.001,3407,0.5,,,,,64.0,256.0,8.0,4.0,,2.0,,256.0,64.0,,,,,,,,,,,,,,,,,,,,,,,,,0.3,,,,,,,,,,,,,,,,,,0.7
